codcnh,nombre,municipio,provincia,cod_postal,camas,clase,dependencia,complejo
010035,Red de Salud Mental de Araba (Hospital Psiquiátrico de Araba),Vitoria-Gasteiz,Álava,01006,175,Hospitales de salud mental y tratamiento de toxicomanías,Servicios e Institutos de Salud de Las Comunidades Autónomas,
010040,Hospital Vithas Vitoria,Vitoria-Gasteiz,Álava,01008,68,Hospitales Generales,Privados,
010053,Hospital Quironsalud Vitoria,Vitoria-Gasteiz,Álava,01002,26,Hospitales Generales,Privados,
010088,Hospital de Leza,Laguardia,Álava,01309,63,Hospitales de media y larga estancia,Servicios e Institutos de Salud de Las Comunidades Autónomas,
010090,Hospital Universitario Araba (Sede Txagorritxu y Sede Santiago),Vitoria-Gasteiz,Álava,01009,806,Hospitales Generales,Servicios e Institutos de Salud de Las Comunidades Autónomas,
020030,Hospital General Universitario de Albacete,Albacete,Albacete,02006,510,Hospitales Generales,Servicios e Institutos de Salud de Las Comunidades Autónomas,Complejo Hospitalario de Albacete
020061,Hospital Quironsalud Santa Cristina,Albacete,Albacete,02003,42,Hospitales Generales,Privados,
020096,Hospital de Hellín,Hellín,Albacete,02400,135,Hospitales Generales,Servicios e Institutos de Salud de Las Comunidades Autónomas,
020100,Hospital Quironsalud Albacete,Albacete,Albacete,02008,65,Hospitales Generales,Privados,
020117,Hospital Universitario Nuestra Señora del Perpetuo Socorro,Albacete,Albacete,02006,159,Hospitales Generales,Servicios e Institutos de Salud de Las Comunidades Autónomas,Complejo Hospitalario de Albacete
020136,Hospital General de Almansa,Almansa,Albacete,02640,93,Hospitales Generales,Servicios e Institutos de Salud de Las Comunidades Autónomas,
020147,Hospital General de Villarrobledo,Villarrobledo,Albacete,02600,114,Hospitales Generales,Servicios e Institutos de Salud de Las Comunidades Autónomas,
020158,Centro de Atención A La Salud Mental La Milagrosa,Albacete,Albacete,02006,30,Hospitales de salud mental y tratamiento de toxicomanías,Servicios e Institutos de Salud de Las Comunidades Autónomas,Complejo Hospitalario de Albacete
030015,Hospital General Universitario Dr. Balmis,Alicante/Alacant,Alicante,03010,807,Hospitales Generales,Servicios e Institutos de Salud de Las Comunidades Autónomas,
030036,Clínica Vistahermosa Grupo Ha,Alicante/Alacant,Alicante,03015,106,Hospitales Generales,Privados,
030041,Vithas Hospital Perpetuo Internacional,Alicante/Alacant,Alicante,03013,103,Hospitales Generales,Privados,
030067,Hospital Virgen de Los Lirios,Alcoy/Alcoi,Alicante,03804,305,Hospitales Generales,Servicios e Institutos de Salud de Las Comunidades Autónomas,
030089,Hospital IMED San Jorge,Alcoy/Alcoi,Alicante,03802,26,Hospitales Generales,Privados,
030092,Hospital Clínica Benidorm,Benidorm,Alicante,03501,163,Hospitales Generales,Privados,
030128,Hospital San Carlos de Denia Grupo HA,Dénia,Alicante,03700,31,Hospitales Generales,Privados,
030152,Hospital General Universitario de Elche,Elche/Elx,Alicante,03203,408,Hospitales Generales,Servicios e Institutos de Salud de Las Comunidades Autónomas,
030165,Hospital General Universitario de Elda-Virgen de La Salud,Elda,Alicante,03600,513,Hospitales Generales,Servicios e Institutos de Salud de Las Comunidades Autónomas,
030187,Hospital Sant Vicent del Raspeig,San Vicente del Raspeig/Sant Vicent del Raspeig,Alicante,03690,179,Hospitales de media y larga estancia,Servicios e Institutos de Salud de Las Comunidades Autónomas,
030190,Sanatorio San Francisco de Borja Fontilles,"Vall de Laguar, la",Alicante,03791,96,Hospitales de media y larga estancia,Organizaciones No Gubernamentales,
030204,Hospital Marina Baixa de La Vila Joiosa,"Villajoyosa/Vila Joiosa, la",Alicante,03570,270,Hospitales Generales,Servicios e Institutos de Salud de Las Comunidades Autónomas,
030211,Hospital Vega Baja de Orihuela,Orihuela,Alicante,03314,336,Hospitales Generales,Servicios e Institutos de Salud de Las Comunidades Autónomas,
030226,Hospital Medimar Internacional,Alicante/Alacant,Alicante,03016,66,Hospitales Generales,Privados,
030232,Hospital Psiquiátrico Penitenciario de Fontcalent,Alicante/Alacant,Alicante,03113,432,Hospitales de salud mental y tratamiento de toxicomanías,Otros Centros o Establecimientos Públicos de Dependencia Estatal,
030250,Hospital Universitario San Juan de Alicante,Sant Joan d'Alacant,Alicante,03550,396,Hospitales Generales,Servicios e Institutos de Salud de Las Comunidades Autónomas,
030298,Hospital Quironsalud Torrevieja,Torrevieja,Alicante,03184,132,Hospitales Generales,Privados,
030328,Hospital IMED Levante,Benidorm,Alicante,03503,152,Hospitales Generales,Privados,
030339,Hospital Universitario de Torrevieja,Torrevieja,Alicante,03186,269,Hospitales Generales,Servicios e Institutos de Salud de Las Comunidades Autónomas,
030340,Hospital de Denia,Dénia,Alicante,03700,266,Hospitales Generales,Servicios e Institutos de Salud de Las Comunidades Autónomas,
030351,Hospital La Pedrera,Dénia,Alicante,03700,107,Hospitales de media y larga estancia,Servicios e Institutos de Salud de Las Comunidades Autónomas,
030362,Centro de Rehabilitación Neurológica Casaverde,Mutxamel,Alicante,03110,40,Hospitales especializados,Privados,
030373,Hospital Universitario Vinalopó,Elche/Elx,Alicante,03293,214,Hospitales Generales,Servicios e Institutos de Salud de Las Comunidades Autónomas,
030384,Hospital IMED Elche,Elche/Elx,Alicante,03203,98,Hospitales Generales,Privados,
030406,Hospital Internacional Hcb Denia,Dénia,Alicante,03700,62,Hospitales Generales,Privados,
040010,Hospital Universitario Torrecardenas,Almería,Almería,04009,779,Hospitales Generales,Servicios e Institutos de Salud de Las Comunidades Autónomas,Hospital Universitario Torrecárdenas
040059,Hospital Virgen del Mar,Almería,Almería,04120,76,Hospitales Generales,Privados,
040084,Hospital La Inmaculada,Huércal-Overa,Almería,04600,184,Hospitales Generales,Servicios e Institutos de Salud de Las Comunidades Autónomas,
040101,Hospital Mediterráneo,Almería,Almería,04007,89,Hospitales Generales,Privados,
040118,Hospital Universitario de Poniente,"Ejido, El",Almería,04700,281,Hospitales Generales,Servicios e Institutos de Salud de Las Comunidades Autónomas,
040127,Hospital de Alta Resolución El Toyo,Almería,Almería,04131,44,Hospitales Generales,Servicios e Institutos de Salud de Las Comunidades Autónomas,Hospital Universitario Torrecárdenas
040138,Hospital Materno Infantil,Almería,Almería,04700,204,Hospitales Generales,Servicios e Institutos de Salud de Las Comunidades Autónomas,Hospital Universitario Torrecárdenas
050013,Hospital Nuestra Señora de Sonsoles,Ávila,Ávila,05071,321,Hospitales Generales,Servicios e Institutos de Salud de Las Comunidades Autónomas,Complejo Asistencial de Ávila
050034,Hospital Provincial de Ávila,Ávila,Ávila,05003,119,Hospitales Generales,Servicios e Institutos de Salud de Las Comunidades Autónomas,Complejo Asistencial de Ávila
050049,Hospital Santa Teresa,Ávila,Ávila,05005,33,Hospitales Generales,Privados,
050072,Hospital de Salud Mental Casta Salud Arévalo,Arévalo,Ávila,05200,80,Hospitales de salud mental y tratamiento de toxicomanías,Privados,
060021,Hospital Universitario de Badajoz,Badajoz,Badajoz,06006,438,Hospitales Generales,Servicios e Institutos de Salud de Las Comunidades Autónomas,Complejo Hospitalario Universitario de Badajoz
060037,Hospital Materno-Infantil,Badajoz,Badajoz,06010,205,Hospitales especializados,Servicios e Institutos de Salud de Las Comunidades Autónomas,Complejo Hospitalario Universitario de Badajoz
060080,Hospital Ribera Almendralejo,Almendralejo,Badajoz,06200,45,Hospitales de media y larga estancia,Privados,
060093,Hospital Don Benito-Villanueva de La Serena,Don Benito,Badajoz,06400,252,Hospitales Generales,Servicios e Institutos de Salud de Las Comunidades Autónomas,Complejo Hospitalario de Don Benito-Villanueva de La Serena
060107,Hospital de San Antonio,Don Benito,Badajoz,06400,74,Hospitales especializados,Privados,
060114,Hospital General de Llerena,Llerena,Badajoz,06900,138,Hospitales Generales,Servicios e Institutos de Salud de Las Comunidades Autónomas,Complejo Hospitalario Llerena-Zafra
060129,Hospital de Mérida,Mérida,Badajoz,06800,331,Hospitales Generales,Servicios e Institutos de Salud de Las Comunidades Autónomas,Complejo Hospitalario del Área de Salud de Mérida
060135,Centro Sociosanitario de Mérida,Mérida,Badajoz,06800,280,Hospitales de media y larga estancia,Servicios e Institutos de Salud de Las Comunidades Autónomas,
060140,Hospital Santa Justa,Villanueva de la Serena,Badajoz,06700,28,Hospitales Generales,Municipio,
060172,Hospital Quironsalud Clideba,Badajoz,Badajoz,06011,76,Hospitales Generales,Privados,
060208,Hospital de Zafra,Zafra,Badajoz,06300,91,Hospitales Generales,Servicios e Institutos de Salud de Las Comunidades Autónomas,Complejo Hospitalario Llerena-Zafra
060220,Hospital Perpetuo Socorro,Badajoz,Badajoz,06010,264,Hospitales Generales,Servicios e Institutos de Salud de Las Comunidades Autónomas,Complejo Hospitalario Universitario de Badajoz
060231,Hospital Siberia-Serena,Talarrubias,Badajoz,06640,43,Hospitales Generales,Servicios e Institutos de Salud de Las Comunidades Autónomas,Complejo Hospitalario de Don Benito-Villanueva de La Serena
060242,Hospital Tierra de Barros,Almendralejo,Badajoz,06200,44,Hospitales Generales,Servicios e Institutos de Salud de Las Comunidades Autónomas,Complejo Hospitalario del Área de Salud de Mérida
060275,Casaverde Centro de Rehabilitación Neurológico de Extremadura S.L.,Mérida,Badajoz,06800,100,Hospitales especializados,Privados,
060286,Hospital Ribera Badajoz,Badajoz,Badajoz,06006,20,Hospitales Generales,Privados,
060297,Hospital Parque Vegas Altas,Don Benito,Badajoz,06400,21,Hospitales Generales,Privados,
070048,Hospital General de Mallorca,Palma,Illes Balears,07012,87,Hospitales de media y larga estancia,Servicios e Institutos de Salud de Las Comunidades Autónomas,
070051,Hospital Psiquiatric,Palma,Illes Balears,07010,168,Hospitales de salud mental y tratamiento de toxicomanías,Servicios e Institutos de Salud de Las Comunidades Autónomas,
070064,Mutua Balear,Palma,Illes Balears,07012,40,Hospitales Generales,Mútuas Colaboradoras con La Seguridad Social,
070070,Hospital de La Creu Roja Espanyola,Palma,Illes Balears,07004,71,Hospitales de media y larga estancia,Privados,
070086,Hospital Sant Joan de Deu,Palma,Illes Balears,07007,197,Hospitales de media y larga estancia,Privados,
070099,Clínica Rotger,Palma,Illes Balears,07012,193,Hospitales Generales,Privados,
070110,Clínica Juaneda,Palma,Illes Balears,07014,191,Hospitales Generales,Privados,
070131,Juaneda Miramar,Palma,Illes Balears,07011,197,Hospitales Generales,Privados,
070162,Hospital Joan March,Bunyola,Illes Balears,07110,106,Hospitales de media y larga estancia,Servicios e Institutos de Salud de Las Comunidades Autónomas,
070184,Hospital Can Misses,Eivissa,Illes Balears,07800,382,Hospitales Generales,Servicios e Institutos de Salud de Las Comunidades Autónomas,
070201,Policlínica Nuestra Sra. del Rosario,Eivissa,Illes Balears,07800,68,Hospitales Generales,Privados,
070244,Clínica Juaneda Menorca,Ciutadella de Menorca,Illes Balears,07760,41,Hospitales Generales,Privados,
070260,Hospital Juaneda Muro,Muro,Illes Balears,07459,86,Hospitales Generales,Privados,
070295,Clínica Juaneda Mahón,Maó-Mahón,Illes Balears,07703,18,Hospitales Generales,Privados,
070309,Hospital de Manacor,Manacor,Illes Balears,07500,224,Hospitales Generales,Servicios e Institutos de Salud de Las Comunidades Autónomas,
070333,Hospital Son Llatzer,Palma,Illes Balears,07198,423,Hospitales Generales,Servicios e Institutos de Salud de Las Comunidades Autónomas,
070344,Hospital Quironsalud Palmaplanas,Palma,Illes Balears,07010,169,Hospitales Generales,Privados,
070366,Hospital de Formentera,Formentera,Illes Balears,07860,13,Hospitales Generales,Servicios e Institutos de Salud de Las Comunidades Autónomas,
070377,Hospital Comarcal D´Inca,Inca,Illes Balears,07300,173,Hospitales Generales,Servicios e Institutos de Salud de Las Comunidades Autónomas,
070388,Hospital Mateu Orfila,Maó-Mahón,Illes Balears,07703,142,Hospitales Generales,Servicios e Institutos de Salud de Las Comunidades Autónomas,
070399,Hospital Universitari Son Espases,Palma,Illes Balears,07120,839,Hospitales Generales,Servicios e Institutos de Salud de Las Comunidades Autónomas,
070412,Hospital de Llevant,Manacor,Illes Balears,07680,70,Hospitales Generales,Privados,
070423,Hospital Quironsalud Son Veri,Llucmajor,Illes Balears,07609,34,Hospitales Generales,Privados,
070434,Clínica Luz de Palma,Palma,Illes Balears,07014,19,Hospitales Generales,Privados,
070445,Hospital Sant Joan de Deu Inca,Inca,Illes Balears,07300,80,Hospitales especializados,Privados,
070456,Clínica Juaneda Ciutadella,Ciutadella de Menorca,Illes Balears,07760,55,Hospitales Generales,Privados,
080044,"Hospital Clinic de Barcelona, Seu Sabino de Arana",Barcelona,Barcelona,08028,130,Hospitales especializados,Otras Entidades u o rganismos Públicos,
080057,Hospital del Mar,Barcelona,Barcelona,08003,470,Hospitales Generales,Otras Entidades u o rganismos Públicos,
080060,Hospital de L'Esperança.,Barcelona,Barcelona,08024,161,Hospitales Generales,Otras Entidades u o rganismos Públicos,
080109,Hospital Clinic de Barcelona,Barcelona,Barcelona,08036,844,Hospitales Generales,Otras Entidades u o rganismos Públicos,
080116,"Fremap, Hospital de Barcelona",Barcelona,Barcelona,08006,62,Hospitales Generales,Mútuas Colaboradoras con La Seguridad Social,
080137,Centre de Prevencio I Rehabilitacio Asepeyo,Sant Cugat del Vallès,Barcelona,08174,138,Hospitales Generales,Mútuas Colaboradoras con La Seguridad Social,
080142,Clínica Mc Copernic,Barcelona,Barcelona,08006,60,Hospitales Generales,Mútuas Colaboradoras con La Seguridad Social,
080155,Clínica Mc Londres,Barcelona,Barcelona,08029,22,Hospitales Generales,Mútuas Colaboradoras con La Seguridad Social,
080168,Hospital Egarsat Sant Honorat,Barcelona,Barcelona,08022,14,Hospitales Generales,Mútuas Colaboradoras con La Seguridad Social,
080174,Hospital Dos de Maig,Barcelona,Barcelona,08025,229,Hospitales Generales,Otras Entidades u o rganismos Públicos,
080180,Hospital El Pilar,Barcelona,Barcelona,08006,186,Hospitales Generales,Privados,
080214,Hospital Sant Rafael,Barcelona,Barcelona,08035,213,Hospitales Generales,Otras Entidades u o rganismos Públicos,
080229,Clínica Nostra Senyora del Remei,Barcelona,Barcelona,08024,134,Hospitales Generales,Privados,
080235,Clínica Sagrada Familia,Barcelona,Barcelona,08022,150,Hospitales Generales,Privados,
080253,Hospital Mare de Déu de La Mercé?,Barcelona,Barcelona,08042,113,Hospitales de salud mental y tratamiento de toxicomanías,Privados,
080291,Hospital de La Santa Creu I Sant Pau,Barcelona,Barcelona,08041,644,Hospitales Generales,Privados,
080312,Nou Hospital Evangelic,Barcelona,Barcelona,08018,203,Hospitales de media y larga estancia,Privados,
080333,Institut Guttmann,Badalona,Barcelona,08916,152,Hospitales especializados,Privados,
080348,Fundacio Puigvert - Iuna,Barcelona,Barcelona,08025,124,Hospitales especializados,Privados,
080351,Hestia Palau.,Barcelona,Barcelona,08025,391,Hospitales de media y larga estancia,Privados,
080364,Hospital Universitari Sagrat Cor,Barcelona,Barcelona,08029,367,Hospitales Generales,Privados,
080370,Clínica Corachan,Barcelona,Barcelona,08017,162,Hospitales Generales,Privados,
080386,Clínica Tres Torres,Barcelona,Barcelona,08017,64,Hospitales Generales,Privados,
080399,Hospital Quironsalud Barcelona,Barcelona,Barcelona,08023,192,Hospitales Generales,Privados,
080403,HM Nou Delfos,Barcelona,Barcelona,08023,264,Hospitales Generales,Privados,
080431,"Hospital Clinic de Barcelona, Seu Plato",Barcelona,Barcelona,08006,168,Hospitales Generales,Otras Entidades u o rganismos Públicos,
080446,Hospital Universitari Quirón Dexeus,Barcelona,Barcelona,08028,170,Hospitales Generales,Privados,
080478,"Centro Medico Teknon, Grupo Quironsalud",Barcelona,Barcelona,08022,285,Hospitales Generales,Privados,
080484,Hospital de Barcelona,Barcelona,Barcelona,08034,350,Hospitales Generales,Privados,
080497,Centre Hospitalari Policlínica Barcelona,Barcelona,Barcelona,08006,28,Hospitales Generales,Privados,
080538,Centre D'Oftalmologia Barraquer,Barcelona,Barcelona,08021,70,Hospitales especializados,Privados,
080543,Hestia Duran I Reynals,"Hospitalet de Llobregat, L'",Barcelona,08908,428,Hospitales de media y larga estancia,Privados,
080556,"Serveis Clinics, S.A.",Barcelona,Barcelona,08022,50,Hospitales de media y larga estancia,Privados,
080575,Clínica Coroleu - Ssr Hestia.,Barcelona,Barcelona,08030,74,Hospitales de salud mental y tratamiento de toxicomanías,Privados,
080641,Clínica Planas,Barcelona,Barcelona,08034,26,Hospitales especializados,Privados,
080667,Hospital Universitari Germans Trías I Pujol de Badalona,Badalona,Barcelona,08916,616,Hospitales Generales,Servicios e Institutos de Salud de Las Comunidades Autónomas,
080673,Hospital Municipal de Badalona,Badalona,Barcelona,08911,140,Hospitales Generales,Municipio,
080689,Centre Sociosanitari El Carme,Badalona,Barcelona,08917,210,Hospitales de media y larga estancia,Municipio,
080692,Hospital de Berga,Berga,Barcelona,08600,150,Hospitales Generales,Servicios e Institutos de Salud de Las Comunidades Autónomas,
080706,Hospital Comarcal Sant Jaume de Calella,Calella,Barcelona,03500,233,Hospitales Generales,Privados,
080713,Hospital de Sant Joan de Deu.,Esplugues de Llobregat,Barcelona,08950,438,Hospitales especializados,Privados,
080728,Clínica Nostra Senyora de Guadalupe,Esplugues de Llobregat,Barcelona,08950,159,Hospitales de media y larga estancia,Privados,
080734,Hospital General de Granollers.,Granollers,Barcelona,08402,316,Hospitales Generales,Privados,
080752,Hospital Universitari de Bellvitge,"Hospitalet de Llobregat, L'",Barcelona,08907,1086,Hospitales Generales,Servicios e Institutos de Salud de Las Comunidades Autónomas,
080771,Hospital General de L'Hospitalet,"Hospitalet de Llobregat, L'",Barcelona,08906,102,Hospitales Generales,Otras Entidades u o rganismos Públicos,
080787,Fundacio Sanitaria Sant Josep,Igualada,Barcelona,08700,145,Hospitales de media y larga estancia,Privados,
080826,Hospital de Sant Jaume,Manlleu,Barcelona,08560,90,Hospitales de media y larga estancia,Otras Entidades u o rganismos Públicos,
080832,Clínica Sant Josep,Manresa,Barcelona,08241,95,Hospitales Generales,Privados,
080863,Hospital de Sant Joan de Deu (Manresa),Manresa,Barcelona,08243,288,Hospitales Generales,Privados,
080879,Hospital de Sant Andreu,Manresa,Barcelona,08240,191,Hospitales de media y larga estancia,Privados,
080885,Germanes Hospitalaries. Hospital Sagrat Cor,Martorell,Barcelona,08760,428,Hospitales de salud mental y tratamiento de toxicomanías,Privados,
080898,Fundacio Hospital Sant Joan de Deu (Martorell),Martorell,Barcelona,08760,112,Hospitales Generales,Privados,
080930,"Centre Medic Molins, S.L.",Molins de Rei,Barcelona,08750,177,Hospitales de media y larga estancia,Privados,
080945,Hospital de Mollet,Mollet del Vallès,Barcelona,08100,174,Hospitales Generales,Privados,
080958,Hospital de Sabadell,Sabadell,Barcelona,08208,861,Hospitales Generales,Otras Entidades u o rganismos Públicos,
080977,"Benito Menni, Complex Assistencial En Salut Mental",Sant Boi de Llobregat,Barcelona,08830,774,Hospitales de salud mental y tratamiento de toxicomanías,Otras Entidades u o rganismos Públicos,
080983,Parc Sanitari Sant Joan de Deu - Recinte Sant Boi.,Sant Boi de Llobregat,Barcelona,08830,1065,Hospitales Generales,Privados,
081000,Hospital de Sant Celoni.,Sant Celoni,Barcelona,08470,100,Hospitales Generales,Privados,
081017,Hospital Universitari General de Catalunya,Sant Cugat del Vallès,Barcelona,08195,304,Hospitales Generales,Privados,
081022,Casal de Curacio,Vilassar de Mar,Barcelona,08340,81,Hospitales de media y larga estancia,Privados,
081038,Hospital Residencia Sant Camil - Consorci Sanitari de L'Alt Penedés I Garraf,Sant Pere de Ribes,Barcelona,08810,295,Hospitales Generales,Otras Entidades u o rganismos Públicos,
081056,Centres Assistencials Dr. Emili Mira I López (Recinte Torribera).,Santa Coloma de Gramenet,Barcelona,08921,454,Hospitales de salud mental y tratamiento de toxicomanías,Otras Entidades u o rganismos Públicos,
081069,Fundacio Hospital de L'Esperit Sant,Santa Coloma de Gramenet,Barcelona,08923,177,Hospitales Generales,Privados,
081075,Hospital de Terrassa.,Terrassa,Barcelona,08227,460,Hospitales Generales,Otras Entidades u o rganismos Públicos,
081081,Hospital de Sant Llatzer,Terrassa,Barcelona,08221,77,Hospitales de media y larga estancia,Otras Entidades u o rganismos Públicos,
081094,Hospital Universitari Mutua de Terrassa,Terrassa,Barcelona,08221,534,Hospitales Generales,Privados,
081108,Hospital General de Vic,Vic,Barcelona,08500,292,Hospitales Generales,Otras Entidades u o rganismos Públicos,
081115,Clínica Sant Josep,Vic,Barcelona,08500,21,Hospitales Generales,Privados,
081120,Hospital de La Santa Creu,Vic,Barcelona,08500,127,Hospitales de media y larga estancia,Privados,
081141,Hospital de Viladecans,Viladecans,Barcelona,08840,110,Hospitales Generales,Servicios e Institutos de Salud de Las Comunidades Autónomas,
081189,Hospital Sant Antoni Abat - Consorci Sanitari del Garraf.,Vilanova i la Geltrú,Barcelona,08800,111,Hospitales de media y larga estancia,Otras Entidades u o rganismos Públicos,
081192,Centre Sociosanitari Can Torras,Alella,Barcelona,08328,119,Hospitales de media y larga estancia,Privados,
081213,Centre Geriatric del Maresme,Mataró,Barcelona,08301,125,Hospitales de media y larga estancia,Privados,
081228,Prytanis Sant Boi Centre Sociosanitari,Sant Boi de Llobregat,Barcelona,08830,122,Hospitales de media y larga estancia,Privados,
081234,Centre Sociosanitari Verge del Puig,Sant Celoni,Barcelona,08470,40,Hospitales de media y larga estancia,Privados,
081287,Residencia L'Estada,Sant Andreu de Llavaneres,Barcelona,08392,60,Hospitales de media y larga estancia,Privados,
081304,Residencia Puig-Reig,Puig-reig,Barcelona,08692,30,Hospitales de media y larga estancia,Privados,
081311,Residencia Santa Susanna,Caldes de Montbui,Barcelona,08140,99,Hospitales de media y larga estancia,Privados,
081326,Hospital de Mataró,Mataró,Barcelona,08304,402,Hospitales Generales,Otras Entidades u o rganismos Públicos,
081347,Hospital Universitari Vall D'Hebron,Barcelona,Barcelona,08035,1315,Hospitales Generales,Servicios e Institutos de Salud de Las Comunidades Autónomas,
081350,Centre Polivalent Can Fosc,"Ametlla del Vallès, L'",Barcelona,08480,56,Hospitales de media y larga estancia,Privados,
081379,Hospital Sociosanitari Mutuam Güell,Barcelona,Barcelona,08024,167,Hospitales de media y larga estancia,Privados,
081402,"Mutua de Granollers, Mutua de Previsio Social A Prima Fixa",Granollers,Barcelona,08402,20,Hospitales Generales,Privados,
081430,Hospital Comarcal de L'Alt Penedés,Vilafranca del Penedès,Barcelona,08720,144,Hospitales Generales,Otras Entidades u o rganismos Públicos,
081458,Aptima Centre Clinic - Mutua de Terrassa,Terrassa,Barcelona,08221,70,Hospitales Generales,Privados,
081461,Institut Catalá D'Oncologia - Hospital Duran I Reynals,"Hospitalet de Llobregat, L'",Barcelona,08908,126,Hospitales especializados,Otras Entidades u o rganismos Públicos,
081483,Sar Mont Marti,Puig-reig,Barcelona,08692,20,Hospitales de media y larga estancia,Privados,
081568,Ita Canet,Canet de Mar,Barcelona,08360,77,Hospitales especializados,Privados,
081574,Clínica Lluria,Barcelona,Barcelona,08008,40,Hospitales de salud mental y tratamiento de toxicomanías,Privados,
081580,Antic Hospital de Sant Jaume I Santa Magdalena,Mataró,Barcelona,08301,70,Hospitales de media y larga estancia,Otras Entidades u o rganismos Públicos,
081593,Parc Sanitari Sant Joan de Deu - Numancia,Barcelona,Barcelona,08029,159,Hospitales de salud mental y tratamiento de toxicomanías,Privados,
081605,Prytanis Hospitalet Centre Sociosanitari,"Hospitalet de Llobregat, L'",Barcelona,08902,142,Hospitales de media y larga estancia,Privados,
081616,Comunitat Terapéutica Arenys de Munt,Arenys de Munt,Barcelona,08358,42,Hospitales de salud mental y tratamiento de toxicomanías,Privados,
081649,Hospital Sociosanitari Pere Virgili,Barcelona,Barcelona,08023,366,Hospitales de media y larga estancia,Otras Entidades u o rganismos Públicos,
081661,Benito Menni Complex Assistencial En Salut Mental,Granollers,Barcelona,08402,48,Hospitales de salud mental y tratamiento de toxicomanías,Privados,
081672,Hospital Sanitas Cima,Barcelona,Barcelona,08034,83,Hospitales Generales,Privados,
081683,Parc Sanitari Sant Joan de Deu - App - 1,Sant Esteve Sesrovires,Barcelona,08635,150,Hospitales Generales,Privados,
081694,Institut Catalá D'Oncologia - Hospital Germans Trías I Pujol,Badalona,Barcelona,08916,36,Hospitales especializados,Otras Entidades u o rganismos Públicos,
081706,Centre Collserola Mutual,Barcelona,Barcelona,08035,34,Hospitales de media y larga estancia,Privados,
081717,Centre Sociosanitari Sarquavitae Sant Jordi,Cornellà de Llobregat,Barcelona,08940,51,Hospitales de media y larga estancia,Privados,
081728,Hospital General Penitenciari,Terrassa,Barcelona,08227,32,Hospitales Generales,Otras Entidades u o rganismos Públicos,
081739,Centre Sociosanitari de L'Hospitalet - Consorci Sanitari Integral,"Hospitalet de Llobregat, L'",Barcelona,08906,123,Hospitales de media y larga estancia,Otras Entidades u o rganismos Públicos,
081740,Centro Residencial Domusvi La Salut Josep Servat.,Barcelona,Barcelona,08024,56,Hospitales de media y larga estancia,Privados,
081751,Clínica Creu Blanca,Barcelona,Barcelona,08034,51,Hospitales Generales,Privados,
081762,Hestia Gracia,Barcelona,Barcelona,08024,153,Hospitales de media y larga estancia,Privados,
081784,Centre Sociosanitari D'Esplugues,Esplugues de Llobregat,Barcelona,08950,131,Hospitales de media y larga estancia,Privados,
081795,Centre Sociosanitari Ricard Fortuny,Vilafranca del Penedès,Barcelona,08720,187,Hospitales de media y larga estancia,Otras Entidades u o rganismos Públicos,
081829,Centre Fórum,Barcelona,Barcelona,08019,223,Hospitales de media y larga estancia,Otras Entidades u o rganismos Públicos,
081830,Centre Sociosanitari Blauclinic Dolors Aleu,Barcelona,Barcelona,08023,174,Hospitales de media y larga estancia,Privados,
081841,Parc Sanitari Sant Joan de Deu - Til·Lers,Mollet del Vallès,Barcelona,08100,20,Hospitales de salud mental y tratamiento de toxicomanías,Privados,
081874,Clínica Galatea,Barcelona,Barcelona,08017,22,Hospitales de salud mental y tratamiento de toxicomanías,Privados,
081885,Hospital D'Igualada,Igualada,Barcelona,08700,285,Hospitales Generales,Otras Entidades u o rganismos Públicos,
081896,Centre Social I Sanitari Frederica Montseny,Viladecans,Barcelona,08840,183,Hospitales de media y larga estancia,Privados,
081919,Parc Sanitari Sant Joan de Deu - App - 2,Sant Esteve Sesrovires,Barcelona,08635,152,Hospitales Generales,Privados,
081920,Centre Integral de Serveis En Salut Mental Comunitaria,Barcelona,Barcelona,08024,25,Hospitales de salud mental y tratamiento de toxicomanías,Privados,
081931,Centre Sociosanitari Sant Jordi de La Vall D'Hebron,Barcelona,Barcelona,08035,57,Hospitales de media y larga estancia,Privados,
081942,"Lepant Residencial Qgg, S.L.",Barcelona,Barcelona,08025,31,Hospitales de media y larga estancia,Privados,
081964,Unitat Polivalent Salut Mental Barcelona-Nord,Barcelona,Barcelona,08035,52,Hospitales de salud mental y tratamiento de toxicomanías,Privados,
081997,"Cqm Clinic Maresme, S.L.",Mataró,Barcelona,08301,10,Hospitales Generales,Privados,
082012,Hospital Quirón Salud del Valles - Clínica del Valles,Sabadell,Barcelona,08203,71,Hospitales Generales,Privados,
082066,Hospital de Sant Joan Despi Moisés Broggi,Sant Joan Despí,Barcelona,08970,328,Hospitales Generales,Otras Entidades u o rganismos Públicos,
082112,Unitat Polivalent Benito Menni En Salut Mental de L'Hospitalet-El Prat de Llobregat,"Hospitalet de Llobregat, L'",Barcelona,08905,35,Hospitales de salud mental y tratamiento de toxicomanías,Privados,
082134,Ita Maresme,Barcelona,Barcelona,08006,56,Hospitales especializados,Privados,
082145,Centre Sociosanitari del Centre Integral de Salut Cotxeres,Barcelona,Barcelona,08016,209,Hospitales de media y larga estancia,Privados,
082156,Clínica Sant Antoni,Barcelona,Barcelona,08038,300,Hospitales de media y larga estancia,Privados,
082167,Clínica Diagonal,Esplugues de Llobregat,Barcelona,08950,101,Hospitales Generales,Privados,
082178,Hospital Sociosanitari de Mollet,Mollet del Vallès,Barcelona,08100,109,Hospitales de media y larga estancia,Privados,
082189,Centre Sociosanitari Isabel Roig,Barcelona,Barcelona,08030,251,Hospitales de media y larga estancia,Privados,
082190,Iván Mañero Clinic,Sant Cugat del Vallès,Barcelona,08174,17,Hospitales especializados,Privados,
082213,Centre D'Hospitalitzacio I Hospital de Dia Trastorns de La Conducta,Argentona,Barcelona,08310,40,Hospitales de salud mental y tratamiento de toxicomanías,Privados,
082236,Centre La Creueta,Sabadell,Barcelona,08202,46,Hospitales de media y larga estancia,Privados,
082246,Unitat Terapéutica-Educativa Acompanya'M,Barcelona,Barcelona,08022,30,Hospitales de salud mental y tratamiento de toxicomanías,Privados,
082268,"Ronda de Dalt, Centre Sociosanitari",Barcelona,Barcelona,08035,34,Hospitales de media y larga estancia,Privados,
082279,Eatica,Barcelona,Barcelona,08017,32,Hospitales de salud mental y tratamiento de toxicomanías,Privados,
082337,Residencia Nazaret,Malgrat de Mar,Barcelona,08380,42,Hospitales de media y larga estancia,Privados,
082338,Mas Amigo Centre Especialitzat En Addiccions,Santa Margarida de Montbui,Barcelona,08710,20,Hospitales de salud mental y tratamiento de toxicomanías,Privados,
090026,Hospital Fuente Bermeja. Complejo Asistencial Universitario de Burgos.,Burgos,Burgos,09003,88,Hospitales de salud mental y tratamiento de toxicomanías,Servicios e Institutos de Salud de Las Comunidades Autónomas,Complejo Asistencial Universitario de Burgos
090047,Hospital Recoletas de Burgos,Burgos,Burgos,09006,83,Hospitales Generales,Privados,
090050,Hospital San Juan de Dios Burgos,Burgos,Burgos,09003,160,Hospitales de media y larga estancia,Organizaciones No Gubernamentales,
090079,Hospital Santos Reyes,Aranda de Duero,Burgos,09400,127,Hospitales Generales,Servicios e Institutos de Salud de Las Comunidades Autónomas,
090098,Hospital Santiago Apóstol,Miranda de Ebro,Burgos,09200,114,Hospitales Generales,Servicios e Institutos de Salud de Las Comunidades Autónomas,
090155,Hospital Universitario de Burgos. Complejo Asistencial Universitario de Burgos,Burgos,Burgos,09006,777,Hospitales Generales,Servicios e Institutos de Salud de Las Comunidades Autónomas,Complejo Asistencial Universitario de Burgos
100015,Hospital San Pedro de Alcántara,Cáceres,Cáceres,10005,308,Hospitales Generales,Servicios e Institutos de Salud de Las Comunidades Autónomas,Complejo Hospitalario de Cáceres
100041,Hospital Ciudad de Coria,Coria,Cáceres,10800,108,Hospitales Generales,Servicios e Institutos de Salud de Las Comunidades Autónomas,
100054,Hospital Campo Arañuelo,Navalmoral de la Mata,Cáceres,10300,106,Hospitales Generales,Servicios e Institutos de Salud de Las Comunidades Autónomas,
100067,Hospital Virgen del Puerto,Plasencia,Cáceres,10600,282,Hospitales Generales,Servicios e Institutos de Salud de Las Comunidades Autónomas,
100073,Centro Sociosanitario de Plasencia,Plasencia,Cáceres,10600,330,Hospitales de media y larga estancia,Otros Centros o Establecimientos Públicos de Dependencia Autonómica,
100092,Hospital Quironsalud Cáceres,Cáceres,Cáceres,10004,25,Hospitales Generales,Privados,
100106,Clínica Soquimex,Plasencia,Cáceres,10600,15,Hospitales Generales,Privados,
100113,Hospital Parque San Francisco,Cáceres,Cáceres,10005,36,Hospitales Generales,Privados,
100115,Hospital Universitario de Cáceres,Cáceres,Cáceres,10004,230,Hospitales Generales,Servicios e Institutos de Salud de Las Comunidades Autónomas,Complejo Hospitalario de Cáceres
110048,Hospital Nuestra Sra. de La Salud Ha S.L.,Cádiz,Cádiz,11001,58,Hospitales Generales,Privados,
110051,Hospital San Rafael,Cádiz,Cádiz,11002,280,Hospitales Generales,Privados,
110103,Clínica Los Álamos,Jerez de la Frontera,Cádiz,11407,15,Hospitales Generales,Privados,
110110,Hospital Universitario de Jerez de La Frontera,Jerez de la Frontera,Cádiz,11408,484,Hospitales Generales,Servicios e Institutos de Salud de Las Comunidades Autónomas,
110125,Hospital San Juan Grande,Jerez de la Frontera,Cádiz,11408,143,Hospitales Generales,Privados,
110162,Hospital General Santa Maria del Puerto,"Puerto de Santa María, El",Cádiz,11500,238,Hospitales Generales,Privados,
110184,Hospital Universitario de Puerto Real,Puerto Real,Cádiz,11510,319,Hospitales Generales,Servicios e Institutos de Salud de Las Comunidades Autónomas,Hospital Universitario de Puerto Real
110213,Hospital de Alta Resolución de Especialidades de La Janda,Vejer de la Frontera,Cádiz,11150,24,Hospitales Generales,Servicios e Institutos de Salud de Las Comunidades Autónomas,Hospital Universitario de Puerto Real
110218,Hospital Virgen de Las Montañas,Villamartín,Cádiz,11650,108,Hospitales Generales,Privados,
110223,Hospital Virgen del Camino,Sanlúcar de Barrameda,Cádiz,11540,118,Hospitales Generales,Privados,
110239,Hospital Jerez Puerta del Sur,Jerez de la Frontera,Cádiz,11408,98,Hospitales Generales,Privados,
110248,Hospital Viamed Bahía de Cádiz,Chiclana de la Frontera,Cádiz,11130,46,Hospitales Generales,Privados,
110259,Hospital Punta de Europa,Algeciras,Cádiz,11207,270,Hospitales Generales,Servicios e Institutos de Salud de Las Comunidades Autónomas,
110260,Hospital Viamed Novo Sancti Petri,Chiclana de la Frontera,Cádiz,11139,37,Hospitales Generales,Privados,
110282,Hospital Quirón Campo de Gibraltar,"Barrios, Los",Cádiz,11379,77,Hospitales Generales,Privados,
110305,Hospital San Carlos de San Fernando,San Fernando,Cádiz,11100,66,Hospitales Generales,Servicios e Institutos de Salud de Las Comunidades Autónomas,Hospital Universitario Puerta del Mar
110316,Hospital de La Línea de La Concepción,"Línea de la Concepción, La",Cádiz,11300,243,Hospitales Generales,Servicios e Institutos de Salud de Las Comunidades Autónomas,
110327,Hospital Universitario Puerta del Mar,Cádiz,Cádiz,11009,674,Hospitales Generales,Servicios e Institutos de Salud de Las Comunidades Autónomas,Hospital Universitario Puerta del Mar
120017,Hospital General Universitario de Castellón,Castelló de la Plana,Castellón,12004,521,Hospitales Generales,Servicios e Institutos de Salud de Las Comunidades Autónomas,
120038,Hospital La Magdalena,Castelló de la Plana,Castellón,12004,128,Hospitales de media y larga estancia,Servicios e Institutos de Salud de Las Comunidades Autónomas,
120043,Consorcio Hospitalario Provincial de Castellón,Castelló de la Plana,Castellón,12002,257,Hospitales Generales,Otros Centros o Establecimientos Públicos de Dependencia Autonómica,
120115,Hospital Comarcal de Vinaros,Vinaròs,Castellón,12500,174,Hospitales Generales,Servicios e Institutos de Salud de Las Comunidades Autónomas,
120136,Hospital Universitario de La Plana,Vila-real,Castellón,12540,264,Hospitales Generales,Servicios e Institutos de Salud de Las Comunidades Autónomas,
120148,Instituto de Traumatología de Unión de Mutuas (Matepss Nº 267),Castelló de la Plana,Castellón,12004,28,Hospitales especializados,Mútuas Colaboradoras con La Seguridad Social,
120159,Hospital Rey D. Jaime,Castelló de la Plana,Castellón,12004,96,Hospitales Generales,Privados,
130034,Servicios Sanitarios y Asistenciales,Ciudad Real,Ciudad Real,13002,87,Hospitales de salud mental y tratamiento de toxicomanías,Servicios e Institutos de Salud de Las Comunidades Autónomas,
130049,Hospital Quironsalud Ciudad Real,Ciudad Real,Ciudad Real,13002,55,Hospitales Generales,Privados,
130052,Hospital General La Mancha Centro,Alcázar de San Juan,Ciudad Real,13600,362,Hospitales Generales,Servicios e Institutos de Salud de Las Comunidades Autónomas,
130065,Hospital Virgen de Altagracia,Manzanares,Ciudad Real,13200,118,Hospitales Generales,Servicios e Institutos de Salud de Las Comunidades Autónomas,
130071,Hospital Santa Barbara,Puertollano,Ciudad Real,13500,141,Hospitales Generales,Servicios e Institutos de Salud de Las Comunidades Autónomas,
130087,Hospital General de Valdepeñas,Valdepeñas,Ciudad Real,13300,103,Hospitales Generales,Servicios e Institutos de Salud de Las Comunidades Autónomas,
130127,Hospital General Universitario de Ciudad Real,Ciudad Real,Ciudad Real,13005,564,Hospitales Generales,Servicios e Institutos de Salud de Las Comunidades Autónomas,
130128,Hospital General de Tomelloso,Tomelloso,Ciudad Real,13700,155,Hospitales Generales,Servicios e Institutos de Salud de Las Comunidades Autónomas,
140039,Hospital Los Morales,Córdoba,Córdoba,14012,19,Hospitales Generales,Servicios e Institutos de Salud de Las Comunidades Autónomas,Hospital Universitario Reina Sofía
140044,Hospital Materno - Infantil del H.U. Reina Sofia,Córdoba,Córdoba,14004,194,Hospitales Generales,Servicios e Institutos de Salud de Las Comunidades Autónomas,Hospital Universitario Reina Sofía
140060,Hospital Provincial,Córdoba,Córdoba,14004,389,Hospitales Generales,Servicios e Institutos de Salud de Las Comunidades Autónomas,Hospital Universitario Reina Sofía
140076,Hospital Cruz Roja de Córdoba,Córdoba,Córdoba,14004,138,Hospitales Generales,Privados,
140082,Hospital San Juan de Dios de Córdoba,Córdoba,Córdoba,14012,205,Hospitales Generales,Privados,
140116,Hospital Infanta Margarita,Cabra,Córdoba,14940,232,Hospitales Generales,Servicios e Institutos de Salud de Las Comunidades Autónomas,Hospital Infanta Margarita
140121,Hospital Valle de Los Pedroches,Pozoblanco,Córdoba,14400,142,Hospitales Generales,Servicios e Institutos de Salud de Las Comunidades Autónomas,Hospital Valle de Los Pedroches
140195,Hospital de Montilla,Montilla,Córdoba,14550,73,Hospitales Generales,Servicios e Institutos de Salud de Las Comunidades Autónomas,Hospital Infanta Margarita
140218,Hospital de Alta Resolución de Puente Genil,Puente Genil,Córdoba,14500,24,Hospitales Generales,Servicios e Institutos de Salud de Las Comunidades Autónomas,Hospital Infanta Margarita
140229,Hospital de Alta Resolución Valle del Guadiato,Peñarroya-Pueblonuevo,Córdoba,14200,17,Hospitales Generales,Servicios e Institutos de Salud de Las Comunidades Autónomas,Hospital Valle de Los Pedroches
140230,Hospital Universitario Reina Sofia,Córdoba,Córdoba,14004,607,Hospitales Generales,Servicios e Institutos de Salud de Las Comunidades Autónomas,Hospital Universitario Reina Sofía
140241,Hospital Quironsalud Córdoba,Córdoba,Córdoba,14004,115,Hospitales Generales,Privados,
140252,Hospital Centro de Andalucía,Lucena,Córdoba,14900,196,Hospitales Generales,Privados,
140263,Hospital Palma del Rio,Córdoba,Córdoba,14700,20,Hospitales Generales,Servicios e Institutos de Salud de Las Comunidades Autónomas,Hospital Universitario Reina Sofía
150011,Complexo Hospitalario Universitario A Coruña,"Coruña, A",A Coruña,15006,1365,Hospitales Generales,Servicios e Institutos de Salud de Las Comunidades Autónomas,
150050,Centro Oncoloxico de Galicia,"Coruña, A",A Coruña,15009,56,Hospitales especializados,Privados,
150063,Hospital Quironsalud A Coruña,"Coruña, A",A Coruña,15009,127,Hospitales Generales,Privados,
150079,Hospital San Rafael,"Coruña, A",A Coruña,15006,120,Hospitales Generales,Privados,
150130,Complexo Hospitalario Universitario de Ferrol,Ferrol,A Coruña,15405,469,Hospitales Generales,Servicios e Institutos de Salud de Las Comunidades Autónomas,
150177,Hospital Ribera Juan Cardona,Ferrol,A Coruña,15406,150,Hospitales Generales,Privados,
150200,Complexo Hospitalario Universitario de Santiago,Santiago de Compostela,A Coruña,15706,1511,Hospitales Generales,Servicios e Institutos de Salud de Las Comunidades Autónomas,
150308,Hestia La Robleda,"Pino, O",A Coruña,15821,96,Hospitales de salud mental y tratamiento de toxicomanías,Privados,
150336,Hospital Publico Da Barbanza,Ribeira,A Coruña,15993,82,Hospitales Generales,Servicios e Institutos de Salud de Las Comunidades Autónomas,
150341,Hospital Publico Virxe Da Xunqueira,Cee,A Coruña,15270,74,Hospitales Generales,Servicios e Institutos de Salud de Las Comunidades Autónomas,
150354,HM Modelo-Belen,"Coruña, A",A Coruña,15011,146,Hospitales Generales,Privados,
150365,Hospital HM Rosaleda-HM La Esperanza,Santiago de Compostela,A Coruña,15701,119,Hospitales Generales,Privados,
160014,Hospital Virgen de La Luz,Cuenca,Cuenca,16002,388,Hospitales Generales,Servicios e Institutos de Salud de Las Comunidades Autónomas,
160053,"Hospital Recoletas Cuenca, S.L.U.",Cuenca,Cuenca,16003,30,Hospitales Generales,Privados,
170010,Hospital Universitari de Girona Dr. Josep Trueta,Girona,Girona,17007,431,Hospitales Generales,Servicios e Institutos de Salud de Las Comunidades Autónomas,
170031,Clínica Bofill,Girona,Girona,17002,47,Hospitales Generales,Privados,
170059,Clínica Girona,Girona,Girona,17005,126,Hospitales Generales,Privados,
170062,Clínica Quirúrgica Onyar,Girona,Girona,17004,38,Hospitales Generales,Privados,
170097,Clínica Salus Infirmorum,Banyoles,Girona,17820,100,Hospitales Generales,Privados,
170101,Hospital de Sant Jaume,Blanes,Girona,17300,23,Hospitales de media y larga estancia,Otras Entidades u o rganismos Públicos,
170118,Hospital de Campdevanol,Campdevànol,Girona,17530,80,Hospitales Generales,Privados,
170123,Hospital de Figueres,Figueres,Girona,17600,168,Hospitales Generales,Privados,
170139,Clínica Santa Creu,Figueres,Girona,17600,35,Hospitales Generales,Privados,
170160,Hospital Sociosanitari de Lloret de Mar,Lloret de Mar,Girona,17310,63,Hospitales de media y larga estancia,Otras Entidades u o rganismos Públicos,
170176,Hospital D'Olot I Comarcal de La Garrotxa,Olot,Girona,17800,137,Hospitales Generales,Privados,
170195,Hospital de Palamós,Palamós,Girona,17230,136,Hospitales Generales,Privados,
170216,Hospital Psiquiatric,Salt,Girona,17190,593,Hospitales de salud mental y tratamiento de toxicomanías,Servicios e Institutos de Salud de Las Comunidades Autónomas,
170221,Residencia de Gent Gran Puig D'En Roca,Girona,Girona,17007,55,Hospitales de media y larga estancia,Servicios e Institutos de Salud de Las Comunidades Autónomas,
170237,Hospital Comarcal de Blanes,Blanes,Girona,17300,121,Hospitales Generales,Otras Entidades u o rganismos Públicos,
170242,Residencia Geriátrica Maria Gay,Girona,Girona,17004,24,Hospitales de media y larga estancia,Privados,
170255,Hospital Sociosanitari Mutuam Girona,Girona,Girona,17007,104,Hospitales de media y larga estancia,Privados,
170277,Centre Sociosanitari de Puigcerdà,Puigcerdà,Girona,17520,52,Hospitales de media y larga estancia,Privados,
170288,Centre Sociosanitari Bernat Jaume,Figueres,Girona,17600,121,Hospitales de media y larga estancia,Privados,
170299,Institut Catalá D'Oncologia Girona - Hospital Josep Trueta,Girona,Girona,17007,26,Hospitales especializados,Otras Entidades u o rganismos Públicos,
170301,Hospital Santa Caterina-Ias,Salt,Girona,17190,178,Hospitales Generales,Servicios e Institutos de Salud de Las Comunidades Autónomas,
170312,Centre Palamós Gent Gran,Palamós,Girona,17230,100,Hospitales de media y larga estancia,Privados,
170323,Centre Sociosanitari Parc Hospitalari Marti I Julia,Salt,Girona,17190,120,Hospitales de media y larga estancia,Servicios e Institutos de Salud de Las Comunidades Autónomas,
170334,Hospital de Cerdanya / Hospital de Cerdagne,Puigcerdà,Girona,17520,66,Hospitales Generales,Otras Entidades u o rganismos Públicos,
180016,Hospital Universitario Virgen de Las Nieves,Granada,Granada,18014,844,Hospitales Generales,Servicios e Institutos de Salud de Las Comunidades Autónomas,Hospital Universitario Virgen de Las Nieves
180042,Hospital de Neurotraumatologia y Rehabilitación del H.U. Virgen de Las Nieves,Granada,Granada,18013,241,Hospitales especializados,Servicios e Institutos de Salud de Las Comunidades Autónomas,Hospital Universitario Virgen de Las Nieves
180055,Hospital San Rafael,Granada,Granada,18001,166,Hospitales Generales,Privados,
180074,Hospital de La Inmaculada Concepción,Granada,Granada,18004,95,Hospitales Generales,Privados,
180093,Hospital de Baza,Baza,Granada,18800,117,Hospitales Generales,Servicios e Institutos de Salud de Las Comunidades Autónomas,
180107,Hospital Santa Ana,Motril,Granada,18600,184,Hospitales Generales,Servicios e Institutos de Salud de Las Comunidades Autónomas,
180122,Hospital de Alta Resolución de Guadix,Guadix,Granada,18500,50,Hospitales Generales,Servicios e Institutos de Salud de Las Comunidades Autónomas,Hospital Universitario Virgen de Las Nieves
180133,Hospital de Alta Resolución de Loja,Loja,Granada,18300,18,Hospitales Generales,Servicios e Institutos de Salud de Las Comunidades Autónomas,Hospital Universitario Clínico San Cecilio
180146,Hospital Vithas Granada,Granada,Granada,18008,77,Hospitales Generales,Privados,
180150,Hospital Universitario Clínico San Cecilio,Granada,Granada,18016,543,Hospitales Generales,Servicios e Institutos de Salud de Las Comunidades Autónomas,Hospital Universitario Clínico San Cecilio
180166,Hospital Materno-Infantil del H.U. Virgen de Las Nieves,Granada,Granada,18014,230,Hospitales especializados,Servicios e Institutos de Salud de Las Comunidades Autónomas,Hospital Universitario Virgen de Las Nieves
180191,Hospital Doctor Oloriz,Granada,Granada,18012,50,Hospitales Generales,Servicios e Institutos de Salud de Las Comunidades Autónomas,Hospital Universitario Virgen de Las Nieves
190019,Hospital Universitario de Guadalajara,Guadalajara,Guadalajara,19002,496,Hospitales Generales,Servicios e Institutos de Salud de Las Comunidades Autónomas,
190030,Hospital La Antigua,Guadalajara,Guadalajara,19003,63,Hospitales Generales,Privados,
190045,Clínica Doctor Sanz Vázquez,Guadalajara,Guadalajara,19001,40,Hospitales Generales,Privados,
190061,U.R.R. de Enfermos Psíquicos Alcohete,Yebes,Guadalajara,19141,165,Hospitales de salud mental y tratamiento de toxicomanías,Otros Centros o Establecimientos Públicos de Dependencia Autonómica,
190077,Instituto de Enfermedades Neurológicas de Castilla-La Mancha,Guadalajara,Guadalajara,19004,147,Hospitales de media y larga estancia,Servicios e Institutos de Salud de Las Comunidades Autónomas,
200049,Mutualia Clínica Pakea,Donostia/San Sebastián,Guipúzcoa,20018,19,Hospitales especializados,Mútuas Colaboradoras con La Seguridad Social,
200071,Hospital Ricardo Bermingham,Donostia/San Sebastián,Guipúzcoa,20018,123,Hospitales de media y larga estancia,Privados,
200104,Policlínica Gipuzkoa,Donostia/San Sebastián,Guipúzcoa,20014,149,Hospitales Generales,Privados,
200132,Fundacion Onkologikoa Fundazioa,Donostia/San Sebastián,Guipúzcoa,20014,26,Hospitales especializados,Privados,
200163,Hospital Bidasoa (Osi Bidasoa),Hondarribia,Guipúzcoa,20280,96,Hospitales Generales,Servicios e Institutos de Salud de Las Comunidades Autónomas,
200185,Organización Sanitaria Integrada Debagoiena,Arrasate/Mondragón,Guipúzcoa,20500,95,Hospitales Generales,Servicios e Institutos de Salud de Las Comunidades Autónomas,
200198,Hospital Aita Menni,Arrasate/Mondragón,Guipúzcoa,20509,437,Hospitales de salud mental y tratamiento de toxicomanías,Organizaciones No Gubernamentales,
200202,Hospital Psiquiátrico San Juan de Dios,Arrasate/Mondragón,Guipúzcoa,20509,276,Hospitales de salud mental y tratamiento de toxicomanías,Organizaciones No Gubernamentales,
200219,Clínica Santa Maria de La Asunción (Inviza S. A.),Tolosa,Guipúzcoa,20400,120,Hospitales Generales,Privados,
200230,"Sanatorio Usurbil, S. L.",Usurbil,Guipúzcoa,20170,80,Hospitales de salud mental y tratamiento de toxicomanías,Privados,
200245,Hospital de Zumarraga (Osi Goierri - Alto Urola),Zumarraga,Guipúzcoa,20700,118,Hospitales Generales,Servicios e Institutos de Salud de Las Comunidades Autónomas,
200258,Hospital de Mendaro (Osi Bajo Deba),Mendaro,Guipúzcoa,20850,111,Hospitales Generales,Servicios e Institutos de Salud de Las Comunidades Autónomas,
200261,Hospital Universitario Donostia,Donostia/San Sebastián,Guipúzcoa,20014,1034,Hospitales Generales,Servicios e Institutos de Salud de Las Comunidades Autónomas,
200271,Hospital San Juan de Dios Donostia,Donostia/San Sebastián,Guipúzcoa,20009,81,Hospitales de salud mental y tratamiento de toxicomanías,Organizaciones No Gubernamentales,
210025,Hospital Infanta Elena,Huelva,Huelva,21007,304,Hospitales Generales,Servicios e Institutos de Salud de Las Comunidades Autónomas,
210031,Hospital Vázquez Diaz,Huelva,Huelva,21005,91,Hospitales Generales,Servicios e Institutos de Salud de Las Comunidades Autónomas,Hospital Universitario Juan Ramón Jiménez
210084,Clínica Los Naranjos,Huelva,Huelva,21004,34,Hospitales Generales,Privados,
210097,Hospital de Riotinto,Minas de Riotinto,Huelva,21660,118,Hospitales Generales,Servicios e Institutos de Salud de Las Comunidades Autónomas,
210123,Hospital Universitario Juan Ramon Jimenez,Huelva,Huelva,21005,587,Hospitales Generales,Servicios e Institutos de Salud de Las Comunidades Autónomas,Hospital Universitario Juan Ramón Jiménez
210137,Hospital Quironsalud Huelva,Huelva,Huelva,21002,56,Hospitales Generales,Privados,
210148,Hospital Virgen de La Bella,Lepe,Huelva,21440,61,Hospitales Generales,Privados,
220015,Hospital Universitario San Jorge,Huesca,Huesca,22004,297,Hospitales Generales,Servicios e Institutos de Salud de Las Comunidades Autónomas,
220020,Centro de Rehabilitación Psicosocial Santo Cristo de Los Milagros,Huesca,Huesca,22006,110,Hospitales de salud mental y tratamiento de toxicomanías,Servicios e Institutos de Salud de Las Comunidades Autónomas,
220036,Hospital Sagrado Corazón de Jesús,Huesca,Huesca,22006,70,Hospitales de media y larga estancia,Servicios e Institutos de Salud de Las Comunidades Autónomas,
220041,Hospital Viamed Santiago,Huesca,Huesca,22004,28,Hospitales Generales,Privados,
220054,Hospital de Barbastro,Barbastro,Huesca,22300,170,Hospitales Generales,Servicios e Institutos de Salud de Las Comunidades Autónomas,
220089,Hospital de Jaca Salud,Jaca,Huesca,22700,50,Hospitales Generales,Servicios e Institutos de Salud de Las Comunidades Autónomas,
220105,Centro Sanitario Bajo Cinca-Baix Cinca,Fraga,Huesca,22520,20,Otros Centros con Internamiento,Servicios e Institutos de Salud de Las Comunidades Autónomas,
230011,Hospital Universitario de Jaén,Jaén,Jaén,23007,692,Hospitales Generales,Servicios e Institutos de Salud de Las Comunidades Autónomas,Hospital Universitario de Jaén
230026,Hospital Doctor Sagaz,Jaén,Jaén,23004,54,Hospitales Generales,Servicios e Institutos de Salud de Las Comunidades Autónomas,Hospital Universitario de Jaén
230047,Hospital Neurotraumatologico del H.U. de Jaén,Jaén,Jaén,23007,186,Hospitales Generales,Servicios e Institutos de Salud de Las Comunidades Autónomas,Hospital Universitario de Jaén
230063,Clínica Cristo Rey,Jaén,Jaén,23008,39,Hospitales Generales,Privados,
230079,Hospital San Agustín,Linares,Jaén,23700,234,Hospitales Generales,Servicios e Institutos de Salud de Las Comunidades Autónomas,
230098,Hospital San Juan de La Cruz,Úbeda,Jaén,23400,225,Hospitales Generales,Servicios e Institutos de Salud de Las Comunidades Autónomas,Hospital San Juan de La Cruz
230145,Hospital Alto Guadalquivir,Andújar,Jaén,23740,67,Hospitales Generales,Servicios e Institutos de Salud de Las Comunidades Autónomas,
230151,Hospital Materno-Infantil del H.U. de Jaén,Jaén,Jaén,23007,122,Hospitales especializados,Servicios e Institutos de Salud de Las Comunidades Autónomas,Hospital Universitario de Jaén
230162,Hospital de Alta Resolución Sierra de Segura,Puente de Génave,Jaén,23350,24,Hospitales Generales,Servicios e Institutos de Salud de Las Comunidades Autónomas,Hospital San Juan de La Cruz
230173,Hospital de Alta Resolución de Alcaudete,Alcaudete,Jaén,23660,16,Hospitales Generales,Servicios e Institutos de Salud de Las Comunidades Autónomas,Hospital Universitario de Jaén
230184,Hospital de Alta Resolución de Alcalá La Real,Alcalá la Real,Jaén,23680,28,Hospitales Generales,Servicios e Institutos de Salud de Las Comunidades Autónomas,Hospital Universitario de Jaén
230195,Hospital Puerta de Andalucía,Jaén,Jaén,23009,79,Hospitales Generales,Servicios e Institutos de Salud de Las Comunidades Autónomas,Hospital Universitario de Jaén
230206,Centro Hospitalario de Alta Resolución de Cazorla,Cazorla,Jaén,23470,26,Hospitales Generales,Servicios e Institutos de Salud de Las Comunidades Autónomas,Hospital San Juan de La Cruz
230217,Hospital Metropolitano de Jaén,Jaén,Jaén,23005,35,Hospitales Generales,Privados,
240016,Hospital de León. Complejo Asistencial Universitario de León.,León,León,24080,789,Hospitales Generales,Servicios e Institutos de Salud de Las Comunidades Autónomas,Complejo Asistencial Universitario de León
240021,Hospital Monte San Isidro. Complejo Asistencial Universitario de León.,León,León,24008,130,Hospitales de media y larga estancia,Servicios e Institutos de Salud de Las Comunidades Autónomas,Complejo Asistencial Universitario de León
240055,HM Regla,León,León,24003,130,Hospitales Generales,Organizaciones No Gubernamentales,
240074,Hospital HM San Francisco,León,León,24004,75,Hospitales Generales,Privados,
240093,Hospital Santa Isabel. Complejo Asistencial Universitario de León.,León,León,24080,117,Hospitales de salud mental y tratamiento de toxicomanías,Servicios e Institutos de Salud de Las Comunidades Autónomas,Complejo Asistencial Universitario de León
240135,Hospital El Bierzo,Ponferrada,León,24404,413,Hospitales Generales,Servicios e Institutos de Salud de Las Comunidades Autónomas,
240140,Hospital de La Reina,Ponferrada,León,24401,72,Hospitales Generales,Organizaciones No Gubernamentales,
240188,Hospital San Juan de Dios León,San Andrés del Rabanedo,León,24010,297,Hospitales Generales,Organizaciones No Gubernamentales,
240212,Clínica Ponferrada Recoletas,Ponferrada,León,24404,46,Hospitales Generales,Privados,
240220,Hospital Valle de Laciana,Villablino,León,24100,15,Hospitales de media y larga estancia,Otros Centros o Establecimientos Públicos de Dependencia Autonómica,
250019,Hospital Universitari Arnau de Vilanova de Lleida.,Lleida,Lleida,25198,482,Hospitales Generales,Servicios e Institutos de Salud de Las Comunidades Autónomas,
250024,Hospital Santa Maria,Lleida,Lleida,25198,251,Hospitales Generales,Otras Entidades u o rganismos Públicos,
250045,Vithas Hospital Montserrat,Lleida,Lleida,25002,47,Hospitales Generales,Privados,
250058,"Clínica Perpetuo Socorro de Lérida, Grupo Ha, Slu",Lleida,Lleida,25003,58,Hospitales Generales,Privados,
250061,Clínica Mi Nova Aliança,Lleida,Lleida,25004,50,Hospitales Generales,Privados,
250077,Clínica Psiquiatrica Bellavista,Lleida,Lleida,25198,75,Hospitales de salud mental y tratamiento de toxicomanías,Privados,
250117,Fundacio Sant Hospital.,"Seu d'Urgell, La",Lleida,25700,88,Hospitales Generales,Privados,
250138,"Centre Sanitari del Solsones, F.P.C.",Solsona,Lleida,25280,32,Hospitales de media y larga estancia,Otras Entidades u o rganismos Públicos,
250143,Hospital Comarcal del Pallars,Tremp,Lleida,25620,63,Hospitales Generales,Otras Entidades u o rganismos Públicos,
250156,Espitau Val D'Aran,Vielha e Mijaran,Lleida,25530,40,Hospitales Generales,Privados,
250169,Hestia Balaguer.,Balaguer,Lleida,25600,120,Hospitales de media y larga estancia,Privados,
250175,Residencia Terraferma,Alpicat,Lleida,25110,137,Hospitales de media y larga estancia,Privados,
250181,"Castell D'Oliana Residencial, S.L",Oliana,Lleida,25790,20,Hospitales de salud mental y tratamiento de toxicomanías,Privados,
250209,Hospital Jaume Nadal Meroles,Lleida,Lleida,25002,126,Hospitales de media y larga estancia,Otras Entidades u o rganismos Públicos,
250210,Sant Joan de Deu Terres de Lleida,Almacelles,Lleida,25100,14,Hospitales de salud mental y tratamiento de toxicomanías,Privados,
250232,Hospital Sant Joan de Deu Lleida,Lleida,Lleida,25001,130,Hospitales de salud mental y tratamiento de toxicomanías,Privados,
250243,Avantmedic,Lleida,Lleida,25008,19,Otros Centros con Internamiento,Privados,
250254,Acompanya'M Lleida,Lleida,Lleida,25001,31,Hospitales de salud mental y tratamiento de toxicomanías,Privados,
260027,Hospital Universitario San Pedro,Logroño,La Rioja,26006,522,Hospitales Generales,Servicios e Institutos de Salud de Las Comunidades Autónomas,Complejo Hospitalario San Pedro Hospital de La Rioja
260048,Hospital de La Rioja,Logroño,La Rioja,26071,68,Hospitales Generales,Servicios e Institutos de Salud de Las Comunidades Autónomas,Complejo Hospitalario San Pedro Hospital de La Rioja
260051,Policlínico Riojano Nuestra Señora de Valvanera,Logroño,La Rioja,26006,87,Hospitales de media y larga estancia,Privados,
260099,Fundacion Hospital Calahorra,Calahorra,La Rioja,26500,80,Hospitales Generales,Servicios e Institutos de Salud de Las Comunidades Autónomas,
260109,Clínica Los Manzanos,Lardero,La Rioja,26140,52,Hospitales Generales,Privados,
260110,Centro Asistencial Albelda de Iregua,Albelda de Iregua,La Rioja,26120,140,Hospitales de salud mental y tratamiento de toxicomanías,Servicios e Institutos de Salud de Las Comunidades Autónomas,
260121,Centro Sociosanitario de Convalecencia Los Jazmines,Haro,La Rioja,26200,26,Hospitales de media y larga estancia,Privados,
260132,Centro Sociosanitario de Convalecencia Nuestra Señora Virgen del Carmen,Calahorra,La Rioja,26500,75,Hospitales de media y larga estancia,Otros Centros o Establecimientos Públicos de Dependencia Autonómica,
270018,Complexo Hospitalario Universitario de Lugo,Lugo,Lugo,27003,817,Hospitales Generales,Servicios e Institutos de Salud de Las Comunidades Autónomas,
270057,Hospital Ribera Polusa,Lugo,Lugo,27004,97,Hospitales Generales,Privados,
270076,Hospital Quirón Salud Lugo,Lugo,Lugo,27001,69,Hospitales Generales,Privados,
270095,Hospital Publico Da Mariña,Burela,Lugo,27880,156,Hospitales Generales,Servicios e Institutos de Salud de Las Comunidades Autónomas,
270109,Hospital Publico de Monforte,Monforte de Lemos,Lugo,27400,140,Hospitales Generales,Servicios e Institutos de Salud de Las Comunidades Autónomas,
280014,Hospital Universitario La Paz,Madrid,Madrid,28046,966,Hospitales Generales,Servicios e Institutos de Salud de Las Comunidades Autónomas,Complejo Hospitalario La Paz
280029,Hospital Universitario Ramon y Cajal,Madrid,Madrid,28001,886,Hospitales Generales,Servicios e Institutos de Salud de Las Comunidades Autónomas,
280035,Hospital Universitario 12 de Octubre,Madrid,Madrid,28041,1161,Hospitales Generales,Servicios e Institutos de Salud de Las Comunidades Autónomas,
280072,Hospital Universitario Clínico San Carlos,Madrid,Madrid,28040,861,Hospitales Generales,Servicios e Institutos de Salud de Las Comunidades Autónomas,
280091,Hospital Virgen de La Torre,Madrid,Madrid,28031,91,Hospitales de media y larga estancia,Servicios e Institutos de Salud de Las Comunidades Autónomas,Complejo Hospitalario Infanta Leonor
280112,Hospital Universitario Santa Cristina,Madrid,Madrid,28009,156,Hospitales Generales,Servicios e Institutos de Salud de Las Comunidades Autónomas,
280127,Hospital Universitario de La Princesa,Madrid,Madrid,28006,524,Hospitales Generales,Servicios e Institutos de Salud de Las Comunidades Autónomas,
280133,Hospital Infantil Universitario Niño Jesús,Madrid,Madrid,28009,170,Hospitales especializados,Servicios e Institutos de Salud de Las Comunidades Autónomas,
280148,"Hospital Central de La Cruz Roja, San José y Santa Adela",Madrid,Madrid,28003,156,Otros Centros con Internamiento,Servicios e Institutos de Salud de Las Comunidades Autónomas,
280164,Hospital Carlos III,Madrid,Madrid,28029,90,Otros Centros con Internamiento,Servicios e Institutos de Salud de Las Comunidades Autónomas,Complejo Hospitalario La Paz
280210,Hospital de Cantoblanco,Madrid,Madrid,28049,131,Otros Centros con Internamiento,Servicios e Institutos de Salud de Las Comunidades Autónomas,Complejo Hospitalario La Paz
280246,Hospital General Universitario Gregorio Marañón,Madrid,Madrid,28007,1140,Hospitales Generales,Servicios e Institutos de Salud de Las Comunidades Autónomas,Complejo Hospitalario Gregorio Marañón
280259,Instituto Provincial de Rehabilitación,Madrid,Madrid,28028,96,Hospitales especializados,Servicios e Institutos de Salud de Las Comunidades Autónomas,Complejo Hospitalario Gregorio Marañón
280262,Hospital Psiquiátrico Doctor Rodriguez Lafora,Madrid,Madrid,28049,336,Hospitales de salud mental y tratamiento de toxicomanías,Servicios e Institutos de Salud de Las Comunidades Autónomas,
280323,Sanatorio Nuestra Señora del Rosario,Madrid,Madrid,28010,99,Hospitales Generales,Privados,
280339,Hospital San Rafael,Madrid,Madrid,28016,184,Hospitales Generales,Privados,
280344,Hospital de La V.O.T. de San Francisco de Asís,Madrid,Madrid,28005,74,Otros Centros con Internamiento,Privados,
280357,Hospital Quironsalud San José,Madrid,Madrid,28002,84,Hospitales Generales,Privados,
280360,Hospital Beata Maria Ana,Madrid,Madrid,28007,163,Hospitales Generales,Privados,
280376,"Hospital Viamed Santa Elena, S.L",Madrid,Madrid,28007,70,Otros Centros con Internamiento,Privados,
280382,Hospital San Francisco de Asís,Madrid,Madrid,28002,168,Hospitales Generales,Privados,
280395,Clínica San Miguel,Madrid,Madrid,28043,145,Hospitales de salud mental y tratamiento de toxicomanías,Privados,
280409,Clínica Nuestra Señora de La Paz,Madrid,Madrid,28043,99,Hospitales de salud mental y tratamiento de toxicomanías,Privados,
280416,Fundacion Instituto San José,Madrid,Madrid,28054,305,Hospitales de media y larga estancia,Privados,
280421,Hospital Universitario Fundacion Jimenez Diaz,Madrid,Madrid,28040,651,Hospitales Generales,Privados,
280442,Hospital Virgen del Mar,Madrid,Madrid,28016,73,Hospitales Generales,Privados,
280455,Hospital Hestia Madrid,Madrid,Madrid,28049,297,Hospitales de media y larga estancia,Privados,
280468,Hospital San Camilo,Madrid,Madrid,28006,81,Hospitales Generales,Privados,
280474,Hospital Nuestra Señora de América,Madrid,Madrid,28043,100,Hospitales Generales,Privados,
280534,"Clínica La Luz, S.L.",Madrid,Madrid,28003,152,Hospitales Generales,Privados,
280549,Hospital Fuensanta,Madrid,Madrid,28027,20,Hospitales Generales,Privados,
280552,Hospital Ruber Juan Bravo,Madrid,Madrid,28006,146,Hospitales Generales,Privados,
280565,Hospital Ruber Internacional,Madrid,Madrid,28034,143,Hospitales Generales,Privados,
280587,Hospital La Milagrosa S.A.,Madrid,Madrid,28010,142,Hospitales Generales,Privados,
280604,Hospital Universitario La Zarzuela,Madrid,Madrid,28023,116,Hospitales Generales,Privados,
280626,Hospital HM Nuevo Belen,Madrid,Madrid,28043,60,Hospitales especializados,Privados,
280647,Clínica Dr. León,Madrid,Madrid,28007,96,Hospitales de salud mental y tratamiento de toxicomanías,Privados,
280650,Clínica López Ibor,Madrid,Madrid,28035,67,Hospitales de salud mental y tratamiento de toxicomanías,Privados,
280679,"Sanatorio Esquerdo, S.A.",Madrid,Madrid,28044,130,Hospitales de salud mental y tratamiento de toxicomanías,Privados,
280724,Hospital Central de La Defensa Gómez Ulla,Madrid,Madrid,28047,475,Hospitales Generales,Ministerio de Defensa,
280745,Hospital Universitario Príncipe de Asturias,Alcalá de Henares,Madrid,28805,507,Hospitales Generales,Servicios e Institutos de Salud de Las Comunidades Autónomas,
280761,Hospital de La Fuenfria,Cercedilla,Madrid,28470,192,Hospitales de media y larga estancia,Servicios e Institutos de Salud de Las Comunidades Autónomas,
280777,Complejo Asistencial Benito Menni,Ciempozuelos,Madrid,28350,344,Hospitales de salud mental y tratamiento de toxicomanías,Privados,
280783,Centro San Juan de Dios Ciempozuelos,Ciempozuelos,Madrid,28350,434,Otros Centros con Internamiento,Privados,
280796,Hospital Asepeyo Madrid,Coslada,Madrid,28823,133,Hospitales especializados,Mútuas Colaboradoras con La Seguridad Social,
280800,Hospital Asociado Universitario Guadarrama,Guadarrama,Madrid,28440,144,Hospitales de media y larga estancia,Servicios e Institutos de Salud de Las Comunidades Autónomas,
280838,Hospital Universitario Severo Ochoa,Leganés,Madrid,28911,386,Hospitales Generales,Servicios e Institutos de Salud de Las Comunidades Autónomas,
280843,Hospital Universitario José Germain,Leganés,Madrid,28911,41,Hospitales de salud mental y tratamiento de toxicomanías,Servicios e Institutos de Salud de Las Comunidades Autónomas,Instituto Psiquiátrico Servicios de Salud Mental José Germain
280856,Fremap Hospital Majadahonda,Majadahonda,Madrid,28220,116,Hospitales especializados,Mútuas Colaboradoras con La Seguridad Social,
280894,Hospital Universitario de Móstoles,Móstoles,Madrid,28935,328,Hospitales Generales,Servicios e Institutos de Salud de Las Comunidades Autónomas,
280920,Hospital El Escorial,San Lorenzo de El Escorial,Madrid,28200,92,Hospitales Generales,Servicios e Institutos de Salud de Las Comunidades Autónomas,
280936,Hospital Virgen de La Poveda,Villa del Prado,Madrid,28630,202,Hospitales de media y larga estancia,Servicios e Institutos de Salud de Las Comunidades Autónomas,
280954,Hospital Universitario HM Madrid,Madrid,Madrid,28015,99,Hospitales Generales,Privados,
280989,Hospital Universitario de Getafe,Getafe,Madrid,28905,543,Hospitales Generales,Servicios e Institutos de Salud de Las Comunidades Autónomas,
281034,Clínica Isadora S.A.,Madrid,Madrid,28040,20,Otros Centros con Internamiento,Privados,
281049,Hospital Ha Universitario Moncloa,Madrid,Madrid,28008,235,Hospitales Generales,Privados,
281071,Hospital Universitario Fundacion Alcorcón,Alcorcón,Madrid,28922,401,Hospitales Generales,Servicios e Institutos de Salud de Las Comunidades Autónomas,
281087,Clínica Cemtro,Madrid,Madrid,28035,100,Hospitales Generales,Privados,
281090,Hospital Universitario HM Monteprincipe,Boadilla del Monte,Madrid,28660,170,Hospitales Generales,Privados,
281113,Hospital Md Anderson Cáncer Center Madrid,Madrid,Madrid,28033,99,Hospitales especializados,Privados,
281124,Hospital Quironsalud Sur,Alcorcón,Madrid,28922,81,Hospitales Generales,Privados,
281146,Hospital Universitario de Fuenlabrada,Fuenlabrada,Madrid,28942,413,Hospitales Generales,Servicios e Institutos de Salud de Las Comunidades Autónomas,
281157,Hospital Universitario HM Torrelodones,Torrelodones,Madrid,28250,86,Hospitales Generales,Privados,
281179,Hospital Universitario La Moraleja,Madrid,Madrid,28050,121,Hospitales Generales,Privados,
281180,Hospital Los Madroños,Brunete,Madrid,28690,53,Hospitales Generales,Privados,
281203,Hospital Universitario Quironsalud Madrid,Pozuelo de Alarcón,Madrid,28223,278,Hospitales Generales,Privados,
281214,Hospital Centro de Cuidados Laguna,Madrid,Madrid,28047,36,Hospitales de media y larga estancia,Privados,
281225,Hospital Universitario HM Sanchinarro,Madrid,Madrid,28050,198,Hospitales Generales,Privados,
281236,Hospital Universitario Infanta Elena,Valdemoro,Madrid,28342,186,Hospitales Generales,Servicios e Institutos de Salud de Las Comunidades Autónomas,
281247,Hospital Pardo de Aravaca,Madrid,Madrid,28023,88,Hospitales Generales,Privados,
281258,Hospital Universitario Infanta Sofia,San Sebastián de los Reyes,Madrid,28702,276,Hospitales Generales,Servicios e Institutos de Salud de Las Comunidades Autónomas,
281269,Hospital Universitario del Henares,Coslada,Madrid,28822,249,Hospitales Generales,Servicios e Institutos de Salud de Las Comunidades Autónomas,
281270,Hospital Universitario Infanta Leonor,Madrid,Madrid,28031,269,Hospitales Generales,Servicios e Institutos de Salud de Las Comunidades Autónomas,Complejo Hospitalario Infanta Leonor
281281,Hospital Universitario del Sureste,Arganda del Rey,Madrid,28500,132,Hospitales Generales,Servicios e Institutos de Salud de Las Comunidades Autónomas,
281292,Hospital Universitario del Tajo,Aranjuez,Madrid,28300,102,Hospitales Generales,Servicios e Institutos de Salud de Las Comunidades Autónomas,
281304,Hospital Universitario Infanta Cristina,Parla,Madrid,28981,188,Hospitales Generales,Servicios e Institutos de Salud de Las Comunidades Autónomas,
281315,Hospital Universitario Puerta de Hierro Majadahonda,Majadahonda,Madrid,28222,613,Hospitales Generales,Servicios e Institutos de Salud de Las Comunidades Autónomas,
281326,Casta Guadarrama,Guadarrama,Madrid,28440,157,Hospitales de salud mental y tratamiento de toxicomanías,Privados,
281337,Hospital Universitario de Torrejón,Torrejón de Ardoz,Madrid,28850,250,Hospitales Generales,Servicios e Institutos de Salud de Las Comunidades Autónomas,
281348,ID Dalud Móstoles Sa,Móstoles,Madrid,28933,362,Hospitales Generales,Servicios e Institutos de Salud de Las Comunidades Autónomas,
281359,Hospital General de Villalba,Collado Villalba,Madrid,28400,217,Hospitales Generales,Servicios e Institutos de Salud de Las Comunidades Autónomas,
281360,Hospital Universitario HM Puerta del Sur,Móstoles,Madrid,28938,182,Hospitales Generales,Privados,
281371,Hospital HM Valles,Alcalá de Henares,Madrid,28801,20,Otros Centros con Internamiento,Privados,
281383,"Fraternidad Muprespa, Mutua Colaboradora Con La Seguridad Social Nº 275",Madrid,Madrid,28036,50,Hospitales especializados,Mútuas Colaboradoras con La Seguridad Social,
281393,Clínica Universidad de Navarra,Madrid,Madrid,28022,72,Hospitales Generales,Privados,
281438,Hospital Universitario José Germain,Leganés,Madrid,28913,134,Hospitales de salud mental y tratamiento de toxicomanías,Servicios e Institutos de Salud de Las Comunidades Autónomas,Instituto Psiquiátrico Servicios de Salud Mental José Germain
281445,Servicio Madrileño de Salud,Madrid,Madrid,28055,102,Otros Centros con Internamiento,Servicios e Institutos de Salud de Las Comunidades Autónomas,
281456,Hospital Quirón Salud Valle del Henares,Torrejón de Ardoz,Madrid,28850,79,Hospitales Generales,Privados,
281467,"HM Hospitales 1.989, S.A.",Rivas-Vaciamadrid,Madrid,28521,51,Hospitales Generales,Privados,
281478,Alm Univass S.L.,Madrid,Madrid,28054,39,Hospitales de media y larga estancia,Privados,
281491,"HM Hospitales 1989, S.A.",Madrid,Madrid,28005,90,Hospitales Generales,Privados,
290017,Hospital Universitario Regional de Málaga,Málaga,Malaga,29010,523,Hospitales Generales,Servicios e Institutos de Salud de Las Comunidades Autónomas,Hospital Universitario Regional de Málaga
290022,Hospital Universitario Virgen de La Victoria,Málaga,Malaga,29010,657,Hospitales Generales,Servicios e Institutos de Salud de Las Comunidades Autónomas,Hospital Universitario Virgen de La Victoria
290038,Hospital Civil,Málaga,Malaga,29009,201,Hospitales Generales,Servicios e Institutos de Salud de Las Comunidades Autónomas,Hospital Universitario Regional de Málaga
290069,Centro Asistencial San Juan de Dios,Málaga,Malaga,29014,398,Hospitales de salud mental y tratamiento de toxicomanías,Privados,
290075,Centro Asistencial Hnas. Hospitalarias del Sagrado Corazón de Jesús,Málaga,Malaga,29014,321,Hospitales de salud mental y tratamiento de toxicomanías,Privados,
290081,Hospital Vithas Parque San Antonio,Málaga,Malaga,29016,100,Hospitales Generales,Privados,
290094,Hospital El Ángel,Málaga,Malaga,29007,138,Hospitales Generales,Privados,
290108,HM Gálvez,Málaga,Malaga,29015,62,Hospitales Generales,Privados,
290115,HM Málaga,Málaga,Malaga,29010,105,Hospitales Generales,Privados,
290136,Hospital Psiquiátrico San Francisco de Asís,Málaga,Malaga,29018,180,Hospitales de salud mental y tratamiento de toxicomanías,Privados,
290141,HM El Pilar,Málaga,Malaga,29016,24,Hospitales Generales,Privados,
290154,Hospital de Antequera,Antequera,Malaga,29200,159,Hospitales Generales,Servicios e Institutos de Salud de Las Comunidades Autónomas,
290173,Hospital Quironsalud Marbella,Marbella,Malaga,29603,75,Hospitales Generales,Privados,
290206,Hospital de La Axarquia,Vélez-Málaga,Malaga,29740,219,Hospitales Generales,Servicios e Institutos de Salud de Las Comunidades Autónomas,
290213,Hospital Marítimo de Torremolinos,Torremolinos,Malaga,29620,89,Hospitales Generales,Servicios e Institutos de Salud de Las Comunidades Autónomas,Hospital Universitario Virgen de La Victoria
290228,Hospital Internacional HM Santa Elena,Torremolinos,Malaga,29620,90,Hospitales Generales,Privados,
290265,Hospital Materno Infantil del H.U.R. de Málaga,Málaga,Malaga,29009,349,Hospitales especializados,Servicios e Institutos de Salud de Las Comunidades Autónomas,Hospital Universitario Regional de Málaga
290287,Hospital Costa del Sol,Marbella,Malaga,29603,408,Hospitales Generales,Servicios e Institutos de Salud de Las Comunidades Autónomas,Hospital Costa del Sol
290348,Clínica El Seranil,Vélez-Málaga,Malaga,29790,60,Hospitales de salud mental y tratamiento de toxicomanías,Privados,
290359,Ha Marbella International Hospital,Marbella,Malaga,29660,30,Hospitales Generales,Privados,
290382,Clínicas del Sur Slu,Estepona,Malaga,29680,74,Hospitales Generales,Privados,
290393,Fundacion Cudeca. Centro de Cuidados Paliativos,Benalmádena,Malaga,29631,15,Hospitales especializados,Privados,
290405,Hospital Vithas Xanit Internacional,Benalmádena,Malaga,29630,125,Hospitales Generales,Privados,
290449,Hospital Quironsalud Málaga,Málaga,Malaga,29004,160,Hospitales Generales,Privados,
290450,Hospital Vithas Xanit Estepona,Estepona,Malaga,29680,10,Hospitales Generales,Privados,
290461,Hospital Ochoa,Marbella,Malaga,29603,22,Hospitales Generales,Privados,
290472,Hospital Recoletas Marbella Slu,Marbella,Malaga,29602,22,Hospitales Generales,Privados,
290494,Helicópteros Sanitarios Hospital,Marbella,Malaga,29600,10,Hospitales Generales,Privados,
290506,Hospital de La Serranía,Ronda,Malaga,29400,150,Hospitales Generales,Servicios e Institutos de Salud de Las Comunidades Autónomas,
290517,Hospital Valle de Guadalhorce de Cartama,Málaga,Malaga,29570,28,Hospitales Generales,Servicios e Institutos de Salud de Las Comunidades Autónomas,Hospital Universitario Virgen de La Victoria
290528,Hospital de Alta Resolución de Estepona,Estepona,Malaga,29680,14,Hospitales Generales,Servicios e Institutos de Salud de Las Comunidades Autónomas,Hospital Costa del Sol
300011,Hospital Clínico Universitario Virgen de La Arrixaca,Murcia,Murcia,30120,937,Hospitales Generales,Servicios e Institutos de Salud de Las Comunidades Autónomas,
300026,Hospital General Universitario Reina Sofia,Murcia,Murcia,30003,346,Hospitales Generales,Servicios e Institutos de Salud de Las Comunidades Autónomas,
300032,Hospital Psiquiátrico Román Alberca,Murcia,Murcia,30120,105,Hospitales de salud mental y tratamiento de toxicomanías,Servicios e Institutos de Salud de Las Comunidades Autónomas,
300050,Hospital Quironsalud Murcia,Murcia,Murcia,30011,131,Hospitales Generales,Privados,
300079,Hospital La Vega Grupo Ha,Murcia,Murcia,30008,142,Hospitales Generales,Privados,
300085,Hospital Mesa del Castillo,Murcia,Murcia,30010,76,Otros Centros con Internamiento,Privados,
300098,Sanatorio Dr. Muñoz,Murcia,Murcia,30120,50,Hospitales de salud mental y tratamiento de toxicomanías,Privados,
300119,Hospital Viamed San José,Alcantarilla,Murcia,30820,139,Otros Centros con Internamiento,Privados,
300124,Hospital Comarcal del Noroeste,Caravaca de la Cruz,Murcia,30400,115,Hospitales Generales,Servicios e Institutos de Salud de Las Comunidades Autónomas,
300130,Hospital Centro Medico Virgen de La Caridad Caravaca,Caravaca de la Cruz,Murcia,30400,39,Otros Centros con Internamiento,Privados,
300145,Hospital Santa Maria del Rosell,Cartagena,Murcia,30203,41,Hospitales Generales,Servicios e Institutos de Salud de Las Comunidades Autónomas,Complejo Hospitalario de Cartagena CHC
300161,Santo y Real Hospital de Caridad,Cartagena,Murcia,30310,154,Hospitales de media y larga estancia,Privados,
300177,Hospital Ntra. Sra. del Perpetuo Socorro,Cartagena,Murcia,30205,205,Otros Centros con Internamiento,Privados,
300196,Hospital Asilo de La Real Piedad de Cehegín,Cehegín,Murcia,30430,40,Hospitales de media y larga estancia,Privados,
300217,Hospital Virgen del Alcázar de Lorca,Lorca,Murcia,30800,175,Otros Centros con Internamiento,Privados,
300222,Hospital General Universitario Los Arcos del Mar Menor,San Javier,Murcia,30739,255,Hospitales Generales,Servicios e Institutos de Salud de Las Comunidades Autónomas,
300243,Hospital Virgen del Castillo,Yecla,Murcia,30510,98,Hospitales Generales,Servicios e Institutos de Salud de Las Comunidades Autónomas,
300256,Hospital Rafael Méndez,Lorca,Murcia,30817,287,Hospitales Generales,Servicios e Institutos de Salud de Las Comunidades Autónomas,
300269,Hospital G. Universitario J.M. Morales Meseguer,Murcia,Murcia,30008,394,Hospitales Generales,Servicios e Institutos de Salud de Las Comunidades Autónomas,
300275,Hospital Ibermutuamur - Patología Laboral,Murcia,Murcia,30100,26,Hospitales especializados,Mútuas Colaboradoras con La Seguridad Social,
300281,Hospital de La Vega Lorenzo Guirao,Cieza,Murcia,30530,124,Hospitales Generales,Servicios e Institutos de Salud de Las Comunidades Autónomas,
300294,Ribera Hospital de Molina,Molina de Segura,Murcia,30500,83,Otros Centros con Internamiento,Privados,
300317,Clínica San Felipe,Murcia,Murcia,30120,62,Hospitales de salud mental y tratamiento de toxicomanías,Privados,
300339,Hospital de Cuidados Medios Villademar,San Pedro del Pinatar,Murcia,30740,99,Hospitales de media y larga estancia,Privados,
300362,Hospital General Universitario Santa Lucia,Cartagena,Murcia,30202,667,Hospitales Generales,Servicios e Institutos de Salud de Las Comunidades Autónomas,Complejo Hospitalario de Cartagena CHC
300373,Hospital Perpetuo Socorro Alameda,Cartagena,Murcia,30205,93,Otros Centros con Internamiento,Privados,
300384,Hospital C. M. Virgen de La Caridad Cartagena,Cartagena,Murcia,30205,59,Otros Centros con Internamiento,Privados,
300395,Hospital IMED Virgen de La Fuensanta,Murcia,Murcia,30009,37,Otros Centros con Internamiento,Privados,
300406,Hospital del Guadalentín,Mazarrón,Murcia,30875,36,Otros Centros con Internamiento,Privados,
310039,Centro San Francisco Javier,Pamplona/Iruña,Navarra,31015,84,Hospitales de salud mental y tratamiento de toxicomanías,Servicios e Institutos de Salud de Las Comunidades Autónomas,
310044,Hospital San Juan de Dios,Pamplona/Iruña,Navarra,31006,288,Hospitales Generales,Privados,
310057,Clínica Psiquiatrica Padre Menni,Pamplona/Iruña,Navarra,31014,217,Hospitales de salud mental y tratamiento de toxicomanías,Privados,
310060,Clínica Universidad de Navarra,Pamplona/Iruña,Navarra,31008,230,Hospitales Generales,Privados,
310076,Clínica Arcángel San Miguel - Pamplona,Pamplona/Iruña,Navarra,31006,72,Hospitales Generales,Privados,
310109,Centro Hospitalario Benito Menni,Baztan,Navarra,31700,158,Hospitales de salud mental y tratamiento de toxicomanías,Privados,
310121,Hospital Garcia Orcoyen,Estella-Lizarra,Navarra,31200,108,Hospitales Generales,Servicios e Institutos de Salud de Las Comunidades Autónomas,
310137,Hospital Reina Sofia,Tudela,Navarra,31500,190,Hospitales Generales,Servicios e Institutos de Salud de Las Comunidades Autónomas,
310142,Clínica Psico geriátrica Josefina Arregui,Altsasu/Alsasua,Navarra,31800,21,Hospitales de salud mental y tratamiento de toxicomanías,Privados,
310150,Hospital Universitario de Navarra,Pamplona/Iruña,Navarra,31008,1077,Hospitales Generales,Servicios e Institutos de Salud de Las Comunidades Autónomas,
320013,Complexo Hospitalario Universitario de Ourense,Ourense,Ourense,32005,859,Hospitales Generales,Servicios e Institutos de Salud de Las Comunidades Autónomas,
320087,Centro Medico El Carmen,Ourense,Ourense,32003,43,Hospitales Generales,Privados,
320126,Hospital Publico de Valdeorras,"Barco de Valdeorras, O",Ourense,32300,100,Hospitales Generales,Servicios e Institutos de Salud de Las Comunidades Autónomas,
320150,Hospital Publico de Verín,Verín,Ourense,32600,98,Hospitales Generales,Servicios e Institutos de Salud de Las Comunidades Autónomas,
320163,Clínica Santa Teresa,Ourense,Ourense,32003,49,Hospitales Generales,Privados,
330045,Hospital Monte Naranco,Oviedo,Asturias,33012,194,Hospitales de media y larga estancia,Servicios e Institutos de Salud de Las Comunidades Autónomas,
330061,Centro Medico de Asturias,Oviedo,Asturias,33193,105,Hospitales Generales,Privados,
330077,Clínica Asturias,Oviedo,Asturias,33012,46,Hospitales Generales,Privados,
330096,Clínica San Rafael,Oviedo,Asturias,33011,36,Hospitales de salud mental y tratamiento de toxicomanías,Privados,
330100,Hospital Universitario San Agustín,Avilés,Asturias,33401,436,Hospitales Generales,Servicios e Institutos de Salud de Las Comunidades Autónomas,
330117,Fundacion Hospital de Avilés,Avilés,Asturias,33402,90,Hospitales especializados,Privados,
330138,Hospital Carmen y Severo Ochoa,Cangas del Narcea,Asturias,33800,103,Hospitales Generales,Servicios e Institutos de Salud de Las Comunidades Autónomas,
330143,Hospital de Jarrio,Coaña,Asturias,33719,116,Hospitales Generales,Servicios e Institutos de Salud de Las Comunidades Autónomas,
330156,Hospital Universitario de Cabueñes,Gijón,Asturias,33203,457,Hospitales Generales,Servicios e Institutos de Salud de Las Comunidades Autónomas,
330169,Hospital Cruz Roja Gijón,Gijón,Asturias,33202,120,Hospitales Generales,Privados,
330175,Hospital Covadonga,Gijón,Asturias,33204,24,Hospitales Generales,Privados,
330194,Hospital de Jove,Gijón,Asturias,33290,233,Hospitales Generales,Privados,
330208,Hospital Begoña,Gijón,Asturias,33204,41,Hospitales Generales,Privados,
330241,Hospital Valle del Nalon,Langreo,Asturias,33920,216,Hospitales Generales,Servicios e Institutos de Salud de Las Comunidades Autónomas,
330254,Fundacion Sanatorio Adaro,Langreo,Asturias,33900,153,Hospitales de media y larga estancia,Privados,
330292,Hospital Universitario Central de Asturias,Oviedo,Asturias,33011,991,Hospitales Generales,Servicios e Institutos de Salud de Las Comunidades Autónomas,
330306,Hospital del Oriente de Asturias Francisco Grande Covian,Parres,Asturias,33540,90,Hospitales Generales,Servicios e Institutos de Salud de Las Comunidades Autónomas,
330313,Hospital de Luarca,Valdés,Asturias,33700,19,Otros Centros con Internamiento,Privados,
330321,Centro Salud Mental Perez Espinosa,Llanera,Asturias,33690,35,Hospitales de salud mental y tratamiento de toxicomanías,Privados,
330322,Cti de La Corredoria,Oviedo,Asturias,33011,22,Otros Centros con Internamiento,Servicios e Institutos de Salud de Las Comunidades Autónomas,
330325,Hospital Vital Alvarez Buylla,Mieres,Asturias,33619,176,Hospitales Generales,Servicios e Institutos de Salud de Las Comunidades Autónomas,
330332,Clínica Psiquiatrica Somio,Gijón,Asturias,33203,40,Hospitales de salud mental y tratamiento de toxicomanías,Privados,
330354,Hospital Gijón,Gijón,Asturias,33201,32,Hospitales de media y larga estancia,Privados,
330365,Centro Terapeutico Vista Alegre,Gijón,Asturias,33203,28,Hospitales de salud mental y tratamiento de toxicomanías,Privados,
330376,Instituto Oftalmológico Fernandez-Vega,Oviedo,Asturias,33012,13,Hospitales especializados,Privados,
330409,Centro de Tratamiento Integral Montevil,Gijón,Asturias,33210,21,Otros Centros con Internamiento,Servicios e Institutos de Salud de Las Comunidades Autónomas,
340014,Hospital Rio Carrión. Complejo Asistencial Universitario de Palencia.,Palencia,Palencia,34005,376,Hospitales Generales,Servicios e Institutos de Salud de Las Comunidades Autónomas,Complejo Asistencial Universitario de Palencia
340029,Hospital San Telmo. Complejo Asistencial Universitario de Palencia.,Palencia,Palencia,34004,119,Hospitales Generales,Servicios e Institutos de Salud de Las Comunidades Autónomas,Complejo Asistencial Universitario de Palencia
340035,Hospital Psiquiátrico San Luis,Palencia,Palencia,34004,206,Hospitales de salud mental y tratamiento de toxicomanías,Organizaciones No Gubernamentales,
340040,Área Psiquiatrica San Juan de Dios,Palencia,Palencia,34005,97,Hospitales de salud mental y tratamiento de toxicomanías,Privados,
340053,Hospital Recoletas de Palencia,Palencia,Palencia,34005,22,Hospitales Generales,Privados,
350069,Hospital Universitario de Salud Mental Juan Carlos I,"Palmas de Gran Canaria, Las",Las Palmas,35014,119,Hospitales de salud mental y tratamiento de toxicomanías,Otros Centros o Establecimientos Públicos de Dependencia Autonómica,Complejo Hospitalario Universitario de Gran Canaria Dr. Negrín
350115,Hospital San José,"Palmas de Gran Canaria, Las",Las Palmas,35008,66,Hospitales Generales,Privados,
350120,Hospital Universitario Vithas Las Palmas,"Palmas de Gran Canaria, Las",Las Palmas,35005,157,Hospitales Generales,Privados,
350154,Hospital La Paloma,"Palmas de Gran Canaria, Las",Las Palmas,35005,108,Hospitales Generales,Privados,
350167,Clínica Cajal,"Palmas de Gran Canaria, Las",Las Palmas,35003,136,Hospitales Generales,Privados,
350173,Hospital Universitario San Roque Las Palmas,"Palmas de Gran Canaria, Las",Las Palmas,35001,162,Hospitales Generales,Privados,
350192,Clínica Bandama,"Palmas de Gran Canaria, Las",Las Palmas,35017,64,Hospitales de salud mental y tratamiento de toxicomanías,Privados,
350206,Hospital Perpetuo Socorro,"Palmas de Gran Canaria, Las",Las Palmas,35007,195,Hospitales Generales,Privados,
350228,Hospital Universitario Dr. José Molina Orosa,Arrecife,Las Palmas,35500,252,Hospitales Generales,Servicios e Institutos de Salud de Las Comunidades Autónomas,
350249,Hospital Insular de Lanzarote,Arrecife,Las Palmas,35500,80,Hospitales de media y larga estancia,Servicios e Institutos de Salud de Las Comunidades Autónomas,
350252,Hospital General de Fuerteventura,Puerto del Rosario,Las Palmas,35600,131,Hospitales Generales,Servicios e Institutos de Salud de Las Comunidades Autónomas,
350265,Quinta Medica de Reposo,Santa Brígida,Las Palmas,35300,60,Hospitales de salud mental y tratamiento de toxicomanías,Privados,
350271,Hospital San Roque de Guía,Santa María de Guía de Gran Canaria,Las Palmas,35450,54,Hospitales de media y larga estancia,Servicios e Institutos de Salud de Las Comunidades Autónomas,Complejo Hospitalario Universitario de Gran Canaria Dr. Negrín
350287,Hospital Ciudad de Telde,Telde,Las Palmas,35212,154,Hospitales de media y larga estancia,Privados,
350290,Complejo Hospitalario Universitario Insular Materno Infantil,"Palmas de Gran Canaria, Las",Las Palmas,35016,916,Hospitales Generales,Servicios e Institutos de Salud de Las Comunidades Autónomas,
350304,Hospiten Clínica Roca San Agustín,San Bartolomé de Tirajana,Las Palmas,35100,81,Hospitales Generales,Privados,
350311,Hospital Universitario de Gran Canaria Dr. Negrín,"Palmas de Gran Canaria, Las",Las Palmas,35012,652,Hospitales Generales,Servicios e Institutos de Salud de Las Comunidades Autónomas,Complejo Hospitalario Universitario de Gran Canaria Dr. Negrín
350326,Hospiten Lanzarote,Tías,Las Palmas,35572,61,Hospitales Generales,Privados,
350367,Hospital Universitario San Roque Maspalomas,San Bartolomé de Tirajana,Las Palmas,35100,147,Hospitales Generales,Privados,
350389,Hospital Parque Fuerteventura,Puerto del Rosario,Las Palmas,35600,22,Otros Centros con Internamiento,Privados,
350401,Centro Sanitario Residencial Las Palmas (Cesar Las Palmas),"Palmas de Gran Canaria, Las",Las Palmas,35011,52,Hospitales de media y larga estancia,Privados,
350402,Hospital Polivalente Anexo Juan Carlos I,"Palmas de Gran Canaria, Las",Las Palmas,35014,54,Hospitales de media y larga estancia,Servicios e Institutos de Salud de Las Comunidades Autónomas,Complejo Hospitalario Universitario de Gran Canaria Dr. Negrín
360059,Grupo Quironsalud Pontevedra,Pontevedra,Pontevedra,36001,127,Hospitales Generales,Privados,
360160,"Fremap, Hospital de Vigo",Vigo,Pontevedra,36203,17,Hospitales especializados,Mútuas Colaboradoras con La Seguridad Social,
360182,Hospital Ribera Povisa,Vigo,Pontevedra,36211,573,Hospitales Generales,Privados,
360209,Vithas Hospital Nosa Señora de Fátima,Vigo,Pontevedra,36206,200,Hospitales Generales,Privados,
360216,Concheiro Centro Medico Quirúrgico,Vigo,Pontevedra,36204,40,Hospitales Generales,Privados,
360255,Centro Medico Pintado,Vigo,Pontevedra,36203,12,Hospitales Generales,Privados,
360268,Hestia San José,Vigo,Pontevedra,36208,48,Hospitales de salud mental y tratamiento de toxicomanías,Privados,
360274,Clínica Residencia El Pinar,Vigo,Pontevedra,36214,84,Hospitales de salud mental y tratamiento de toxicomanías,Privados,
360340,Complexo Hospitalario Universitario de Pontevedra,Pontevedra,Pontevedra,36071,584,Hospitales Generales,Servicios e Institutos de Salud de Las Comunidades Autónomas,
360353,Hospital Publico Do Salnes,Vilagarcía de Arousa,Pontevedra,36619,131,Hospitales Generales,Servicios e Institutos de Salud de Las Comunidades Autónomas,
360368,Complexo Hospitalario Universitario de Vigo,Vigo,Pontevedra,36312,1261,Hospitales Generales,Servicios e Institutos de Salud de Las Comunidades Autónomas,
370037,Hospital Universitario de Salamanca. Complejo Asistencial Universitario de Salmanca,Salamanca,Salamanca,37007,814,Hospitales Generales,Servicios e Institutos de Salud de Las Comunidades Autónomas,Complejo Asistencial Universitario de Salamanca
370055,Hospital General de La Santísima Trinidad,Salamanca,Salamanca,37007,106,Hospitales Generales,Privados,
370074,Hospital Los Montalvos. Complejo Asistencial Universitario de Salamanca.,Carrascal de Barregas,Salamanca,37192,183,Hospitales Generales,Servicios e Institutos de Salud de Las Comunidades Autónomas,Complejo Asistencial Universitario de Salamanca
380027,Hospital Universitario Nuestra Señora de Candelaria,Santa Cruz de Tenerife,Santa Cruz De Tenerife,38010,839,Hospitales Generales,Servicios e Institutos de Salud de Las Comunidades Autónomas,Complejo Hospitalario Universitario Nuestra Señora de Candelaria
380033,Hospital de Ofra,Santa Cruz de Tenerife,Santa Cruz De Tenerife,38010,63,Hospitales Generales,Servicios e Institutos de Salud de Las Comunidades Autónomas,Complejo Hospitalario Universitario Nuestra Señora de Candelaria
380048,Unidades Clínicas y de Rehabilitación de Salud Mental,Santa Cruz de Tenerife,Santa Cruz De Tenerife,38006,94,Hospitales de salud mental y tratamiento de toxicomanías,Servicios e Institutos de Salud de Las Comunidades Autónomas,Complejo Hospitalario Universitario de Canarias
380064,Hospital San Juan de Dios Tenerife,Santa Cruz de Tenerife,Santa Cruz De Tenerife,38009,141,Hospitales Generales,Organizaciones No Gubernamentales,
380086,Hospital Quirón Salud Tenerife,Santa Cruz de Tenerife,Santa Cruz De Tenerife,38006,187,Hospitales Generales,Privados,
380099,Vithas Hospital Santa Cruz,Santa Cruz de Tenerife,Santa Cruz De Tenerife,38006,62,Hospitales Generales,Privados,
380103,Hospital Parque,Santa Cruz de Tenerife,Santa Cruz De Tenerife,38003,67,Hospitales Generales,Privados,
380146,Hospital Universitario Hospiten Sur,Arona,Santa Cruz De Tenerife,38660,242,Hospitales Generales,Privados,
380178,Hospital Universitario de Canarias,San Cristóbal de La Laguna,Santa Cruz De Tenerife,38320,681,Hospitales Generales,Servicios e Institutos de Salud de Las Comunidades Autónomas,Complejo Hospitalario Universitario de Canarias
380201,Hospital Quironsalud Vida,"Orotava, La",Santa Cruz De Tenerife,38312,24,Hospitales Generales,Privados,
380223,Hospital Universitario Hospiten Bellevue,Puerto de la Cruz,Santa Cruz De Tenerife,38400,199,Hospitales Generales,Privados,
380244,Hospital Nuestra Señora de Guadalupe,San Sebastián de la Gomera,Santa Cruz De Tenerife,38800,40,Hospitales Generales,Servicios e Institutos de Salud de Las Comunidades Autónomas,
380276,Hospital Insular Nuestra Señora de Los Reyes,Valverde,Santa Cruz De Tenerife,38900,32,Hospitales Generales,Servicios e Institutos de Salud de Las Comunidades Autónomas,
380282,Hospital Quirón Salud Costa Adeje,Adeje,Santa Cruz De Tenerife,38660,62,Hospitales Generales,Privados,
380295,Hospital Universitario Hospiten Rambla,Santa Cruz de Tenerife,Santa Cruz De Tenerife,38001,97,Hospitales Generales,Privados,
380316,Hospital Universitario General de La Palma,Breña Alta,Santa Cruz De Tenerife,38713,198,Hospitales Generales,Servicios e Institutos de Salud de Las Comunidades Autónomas,
380337,Hospital del Norte,Icod de los Vinos,Santa Cruz De Tenerife,38437,51,Hospitales de media y larga estancia,Servicios e Institutos de Salud de Las Comunidades Autónomas,Complejo Hospitalario Universitario de Canarias
380348,Hospital del Sur,Arona,Santa Cruz De Tenerife,38652,98,Hospitales Generales,Servicios e Institutos de Salud de Las Comunidades Autónomas,Complejo Hospitalario Universitario Nuestra Señora de Candelaria
380359,Clínica Tara,Tacoronte,Santa Cruz De Tenerife,38399,12,Otros Centros con Internamiento,Privados,
380361,Centro Asistencial Polivalente USAN,Santa Cruz de Tenerife,Santa Cruz De Tenerife,38010,74,Otros Centros con Internamiento,Servicios e Institutos de Salud de Las Comunidades Autónomas,Complejo Hospitalario Universitario Nuestra Señora de Candelaria
390015,Hospital Universitario Marques de Valdecilla,Santander,Cantabria,39008,923,Hospitales Generales,Servicios e Institutos de Salud de Las Comunidades Autónomas,
390041,Hospital Mutua Montañesa,Santander,Cantabria,39012,30,Hospitales especializados,Mútuas Colaboradoras con La Seguridad Social,
390054,Hospital Santa Clotilde,Santander,Cantabria,39006,127,Hospitales de media y larga estancia,Privados,
390067,Centro Hospitalario Padre Menni,Santander,Cantabria,39012,65,Hospitales de salud mental y tratamiento de toxicomanías,Privados,
390134,Hospital Comarcal de Laredo,Laredo,Cantabria,39770,131,Hospitales Generales,Servicios e Institutos de Salud de Las Comunidades Autónomas,
390149,Hospital Sierrallana,Torrelavega,Cantabria,39300,301,Hospitales Generales,Servicios e Institutos de Salud de Las Comunidades Autónomas,
390152,Hospital Mompia,Santa Cruz de Bezana,Cantabria,39108,105,Hospitales Generales,Privados,
400019,Hospital General de Segovia Complejo Asistencial de Segovia,Segovia,Segovia,40002,381,Hospitales Generales,Servicios e Institutos de Salud de Las Comunidades Autónomas,
400045,Hospital Recoletas Segovia Nuestra Señora de La Misericordia,Segovia,Segovia,40003,36,Hospitales Generales,Privados,
410016,Hospital Universitario Virgen del Rocío,Sevilla,Sevilla,41013,628,Hospitales Generales,Servicios e Institutos de Salud de Las Comunidades Autónomas,Hospital Universitario Virgen del Rocío
410021,Hospital Universitario Virgen de Valme,Sevilla,Sevilla,41014,617,Hospitales Generales,Servicios e Institutos de Salud de Las Comunidades Autónomas,Hospital Universitario Virgen de Valme
410042,Hospital Universitario Virgen Macarena,Sevilla,Sevilla,41009,777,Hospitales Generales,Servicios e Institutos de Salud de Las Comunidades Autónomas,Hospital Universitario Virgen Macarena
410055,Hospital San Lázaro,Sevilla,Sevilla,41009,66,Hospitales Generales,Servicios e Institutos de Salud de Las Comunidades Autónomas,Hospital Universitario Virgen Macarena
410074,Hospital Victoria Eugenia de La Cruz Roja Española,Sevilla,Sevilla,41009,39,Hospitales Generales,Privados,
410080,Hospital San Juan de Dios de Sevilla,Sevilla,Sevilla,41005,47,Hospitales Generales,Privados,
410107,Clínica Santa Isabel,Sevilla,Sevilla,41018,96,Hospitales Generales,Privados,
410114,Hospital Quironsalud Sagrado Corazón,Sevilla,Sevilla,41013,147,Hospitales Generales,Privados,
410129,Hospital Fátima,Sevilla,Sevilla,41012,73,Hospitales Generales,Privados,
410135,Hospital Quironsalud Infanta Luisa,Sevilla,Sevilla,41010,139,Hospitales Generales,Privados,
410191,Clínica Nuestra Señora de Aránzazu,Sevilla,Sevilla,41002,10,Otros Centros con Internamiento,Privados,
410205,Hospital de Emergencia Covid 19,Sevilla,Sevilla,41013,276,Hospitales especializados,Servicios e Institutos de Salud de Las Comunidades Autónomas,Hospital Universitario Virgen del Rocío
410212,Residencia de Salud Mental Nuestra Señora del Carmen,Bormujos,Sevilla,41930,54,Hospitales de salud mental y tratamiento de toxicomanías,Privados,
410227,Hospital El Tomillar,Alcalá de Guadaíra,Sevilla,41500,80,Hospitales Generales,Servicios e Institutos de Salud de Las Comunidades Autónomas,Hospital Universitario Virgen de Valme
410233,Hospital San Agustín,Dos Hermanas,Sevilla,41703,93,Hospitales Generales,Privados,
410248,Hospital de Alta Resolución de Morón de La Frontera,Morón de la Frontera,Sevilla,41530,12,Hospitales Generales,Servicios e Institutos de Salud de Las Comunidades Autónomas,Hospital Universitario Virgen de Valme
410251,Hospital La Merced,Osuna,Sevilla,41640,225,Hospitales Generales,Servicios e Institutos de Salud de Las Comunidades Autónomas,Hospital La Merced
410325,Fremap_Hospital y Centro de Rehabilitación de Sevilla,Sevilla,Sevilla,41014,102,Hospitales especializados,Mútuas Colaboradoras con La Seguridad Social,
410346,Hospital Psiquiátrico Penitenciario,Sevilla,Sevilla,41007,184,Hospitales de salud mental y tratamiento de toxicomanías,Servicios e Institutos de Salud de Las Comunidades Autónomas,
410353,Hospital San Juan de Dios del Aljarafe,Bormujos,Sevilla,41930,200,Hospitales Generales,Otros Centros o Establecimientos Públicos de Dependencia Autonómica,
410375,Hospital Vithas Sevilla,Castilleja de la Cuesta,Sevilla,41950,148,Hospitales Generales,Privados,
410386,Hospital de Alta Resolución de Utrera,Utrera,Sevilla,41710,14,Hospitales Generales,Servicios e Institutos de Salud de Las Comunidades Autónomas,Hospital Universitario Virgen de Valme
410409,Hospital Viamed Santa Angela de La Cruz,Sevilla,Sevilla,41014,105,Hospitales Generales,Privados,
410432,Clínica de Salud Mental Miguel de Mañara,Dos Hermanas,Sevilla,41089,18,Hospitales de salud mental y tratamiento de toxicomanías,Privados,
410443,Hospital de Rehabilitación y Traumatología del H.U. Virgen del Rocío,Sevilla,Sevilla,41013,295,Hospitales especializados,Servicios e Institutos de Salud de Las Comunidades Autónomas,Hospital Universitario Virgen del Rocío
410454,Hospital de Alta Resolución de Lebrija,Lebrija,Sevilla,41740,22,Hospitales Generales,Servicios e Institutos de Salud de Las Comunidades Autónomas,Hospital Universitario Virgen de Valme
410465,Hospital Infantil,Sevilla,Sevilla,41013,134,Hospitales especializados,Servicios e Institutos de Salud de Las Comunidades Autónomas,Hospital Universitario Virgen del Rocío
410476,Hospital de La Mujer,Sevilla,Sevilla,41013,221,Hospitales especializados,Servicios e Institutos de Salud de Las Comunidades Autónomas,Hospital Universitario Virgen del Rocío
410483,Ita Clinic Bcn,Sevilla,Sevilla,41005,19,Otros Centros con Internamiento,Privados,
410496,"Adinfa, Sociedad Cooperativa Andaluza",Coria del Río,Sevilla,41100,25,Hospitales de salud mental y tratamiento de toxicomanías,Privados,
420011,"Hospital Santa Barbara ,Complejo Asistencial de Soria",Soria,Soria,42005,232,Hospitales Generales,Servicios e Institutos de Salud de Las Comunidades Autónomas,Complejo Asistencial de Soria
420026,"Hospital Virgen del Mirón ,Complejo Asistencial de Soria",Soria,Soria,42005,91,Hospitales de media y larga estancia,Servicios e Institutos de Salud de Las Comunidades Autónomas,Complejo Asistencial de Soria
420051,Hospital Latorre,Soria,Soria,42005,29,Hospitales Generales,Privados,
430017,Hospital Universitari Joan Xixi de Tarragona,Tarragona,Tarragona,43005,372,Hospitales Generales,Servicios e Institutos de Salud de Las Comunidades Autónomas,
430022,Hospital Sociosanitari Francoli,Tarragona,Tarragona,43005,156,Hospitales de media y larga estancia,Otras Entidades u o rganismos Públicos,
430043,Hospital de Sant Pau I Santa Tecla,Tarragona,Tarragona,43003,186,Hospitales Generales,Privados,
430056,Hospital Viamed Monegal,Tarragona,Tarragona,43002,53,Hospitales Generales,Privados,
430069,Clínica Activa Mutua 2008,Tarragona,Tarragona,43002,22,Hospitales especializados,Mútuas Colaboradoras con La Seguridad Social,
430081,Hospital Comarcal Mora D'Ebre,Móra d'Ebre,Tarragona,43740,120,Hospitales Generales,Otras Entidades u o rganismos Públicos,
430094,Hospital Universitari de Sant Joan de Reus,Reus,Tarragona,43204,313,Hospitales Generales,Otras Entidades u o rganismos Públicos,
430108,Centre Mq Reus,Reus,Tarragona,43203,50,Hospitales Generales,Privados,
430115,"Villablanca Serveis Assistencials, Sa",Reus,Tarragona,43204,350,Hospitales de salud mental y tratamiento de toxicomanías,Privados,
430120,"Institut Pere Mata, S.A",Reus,Tarragona,43206,727,Hospitales de salud mental y tratamiento de toxicomanías,Privados,
430167,Hospital de Tortosa Vergé de La Cinta,Tortosa,Tarragona,43500,248,Hospitales Generales,Servicios e Institutos de Salud de Las Comunidades Autónomas,
430173,Hospital de La Santa Creu,Tortosa,Tarragona,43590,250,Hospitales de media y larga estancia,Municipio,
430189,Clínica Terres de L'Ebre,Tortosa,Tarragona,43500,40,Hospitales Generales,Municipio,
430213,Policlínica Comarcal del Vendrell.,Santa Oliva,Tarragona,43710,136,Hospitales Generales,Privados,
430228,Pius Hospital de Valls,Valls,Tarragona,43800,142,Hospitales Generales,Privados,
430234,Residencia Alt Camp,Valls,Tarragona,43800,50,Hospitales de media y larga estancia,Privados,
430249,Centre Sociosanitari Ciutat de Reus,Reus,Tarragona,43204,85,Hospitales de media y larga estancia,Privados,
430252,Hospital Comarcal D'Amposta,Amposta,Tarragona,43870,103,Hospitales Generales,Municipio,
430265,Centre Sociosanitari Llevant,Tarragona,Tarragona,43007,60,Hospitales de media y larga estancia,Privados,
430276,Residencia Vila-Seca,Vila-seca,Tarragona,43480,35,Hospitales de media y larga estancia,Privados,
430287,Unitat Polivalent En Salut Mental D'Amposta,Amposta,Tarragona,43870,127,Hospitales de salud mental y tratamiento de toxicomanías,Privados,
430298,Hospital del Vendrell,"Vendrell, El",Tarragona,43700,120,Hospitales Generales,Privados,
430300,Centre Sociosanitari I Residencia Assistida Salou,Salou,Tarragona,43840,45,Hospitales de media y larga estancia,Privados,
430322,Residencia Santa Tecla Ponent,Tarragona,Tarragona,43006,70,Hospitales de media y larga estancia,Privados,
430344,Llarga Estada Gipss,Tarragona,Tarragona,43005,32,Hospitales de media y larga estancia,Otras Entidades u o rganismos Públicos,
430355,Centro Zeus,Ulldecona,Tarragona,43550,16,Hospitales de salud mental y tratamiento de toxicomanías,Privados,
440012,Hospital Obispo Polanco,Teruel,Teruel,44002,211,Hospitales Generales,Servicios e Institutos de Salud de Las Comunidades Autónomas,
440027,Hospital de San José,Teruel,Teruel,44001,50,Hospitales de media y larga estancia,Servicios e Institutos de Salud de Las Comunidades Autónomas,
440033,Centro de Rehabilitación Psicosocial San Juan de Dios,Teruel,Teruel,44001,150,Hospitales de salud mental y tratamiento de toxicomanías,Servicios e Institutos de Salud de Las Comunidades Autónomas,
440048,Hospital de Alcañiz,Alcañiz,Teruel,44600,145,Hospitales Generales,Servicios e Institutos de Salud de Las Comunidades Autónomas,
450020,Hospital Geriátrico Virgen del Valle,Toledo,Toledo,45004,155,Hospitales Generales,Servicios e Institutos de Salud de Las Comunidades Autónomas,Complejo Hospitalario de Toledo
450036,Hospital Nacional de Parapléjicos,Toledo,Toledo,45071,210,Hospitales especializados,Servicios e Institutos de Salud de Las Comunidades Autónomas,
450041,Hospital Provincial Ntra.Sra. De La Misericordia,Toledo,Toledo,45006,40,Hospitales Generales,Servicios e Institutos de Salud de Las Comunidades Autónomas,Complejo Hospitalario de Toledo
450067,Hospital General Nuestra Señora del Prado,Talavera de la Reina,Toledo,45600,312,Hospitales Generales,Servicios e Institutos de Salud de Las Comunidades Autónomas,
450089,Hospital Parque Marazuela,Talavera de la Reina,Toledo,45600,15,Hospitales Generales,Privados,
450113,Hospital San José Solimat,Toledo,Toledo,45004,10,Hospitales Generales,Mútuas Colaboradoras con La Seguridad Social,
450122,Hospital Quironsalud Toledo,Toledo,Toledo,45005,78,Hospitales Generales,Privados,
450133,Centro de Tratamiento de Drogodependientes El Alba,Toledo,Toledo,45071,18,Hospitales de salud mental y tratamiento de toxicomanías,Otros Centros o Establecimientos Públicos de Dependencia Autonómica,
450144,Hospital Universitario de Toledo (Hut),Toledo,Toledo,45007,861,Hospitales Generales,Servicios e Institutos de Salud de Las Comunidades Autónomas,Complejo Hospitalario de Toledo
460018,Hospital Universitario y Politécnico La Fe,València,Valencia,46026,1000,Hospitales Generales,Servicios e Institutos de Salud de Las Comunidades Autónomas,
460023,Hospital Universitario Dr. Peset Aleixandre,València,Valencia,46017,539,Hospitales Generales,Servicios e Institutos de Salud de Las Comunidades Autónomas,
460039,Hospital Arnau de Vilanova,València,Valencia,46015,282,Hospitales Generales,Servicios e Institutos de Salud de Las Comunidades Autónomas,
460044,Hospital Clínico Universitario de Valencia,València,Valencia,46010,582,Hospitales Generales,Servicios e Institutos de Salud de Las Comunidades Autónomas,
460057,Hospital de La Malva-Rosa,València,Valencia,46011,33,Otros Centros con Internamiento,Servicios e Institutos de Salud de Las Comunidades Autónomas,
460060,Consorcio Hospital General Universitario de Valencia,València,Valencia,46014,546,Hospitales Generales,Otros Centros o Establecimientos Públicos de Dependencia Autonómica,
460082,Hospital Católico Casa de Salud,València,Valencia,46021,192,Hospitales Generales,Privados,
460109,Fundacion Instituto Valenciano de Oncología,València,Valencia,46009,117,Hospitales especializados,Organizaciones No Gubernamentales,
460116,Hospital Vithas Valencia Consuelo,València,Valencia,46007,156,Hospitales Generales,Privados,
460137,Hospital Quironsalud Valencia,València,Valencia,46010,88,Hospitales Generales,Privados,
460168,Hospital de Salud Mental Provincial,Bétera,Valencia,46117,30,Hospitales de salud mental y tratamiento de toxicomanías,Diputación o Cabildo,
460180,Ita Godella,Godella,Valencia,46110,76,Hospitales de salud mental y tratamiento de toxicomanías,Privados,
460207,Hospital Francesc de Borja de Gandía,Gandia,Valencia,46702,285,Hospitales Generales,Servicios e Institutos de Salud de Las Comunidades Autónomas,
460229,Hospital Lluis Alcanyis de Xativa,Xàtiva,Valencia,46800,273,Hospitales Generales,Servicios e Institutos de Salud de Las Comunidades Autónomas,
460235,Hospital General de Ontinyent,Ontinyent,Valencia,46870,56,Hospitales Generales,Servicios e Institutos de Salud de Las Comunidades Autónomas,
460240,Hospital Intermutual de Levante,San Antonio de Benagéber,Valencia,46184,230,Hospitales especializados,Mútuas Colaboradoras con La Seguridad Social,
460266,Hospital de Sagunto,Sagunto/Sagunt,Valencia,46520,252,Hospitales Generales,Servicios e Institutos de Salud de Las Comunidades Autónomas,
460272,Hospital Doctor Moliner,Serra,Valencia,46118,365,Hospitales de media y larga estancia,Servicios e Institutos de Salud de Las Comunidades Autónomas,
460288,Hospital General de Requena,Requena,Valencia,46340,113,Hospitales Generales,Servicios e Institutos de Salud de Las Comunidades Autónomas,
460291,Hospital 9 de Octubre,València,Valencia,46015,300,Hospitales Generales,Privados,
460327,Hospital IMED Gandía,Gandia,Valencia,46701,23,Hospitales Generales,Privados,
460333,Hospital Nisa Aguas Vivas,Carcaixent,Valencia,46740,96,Hospitales Generales,Privados,
460351,Hospital Universitario de La Ribera,Alzira,Valencia,46600,364,Hospitales Generales,Servicios e Institutos de Salud de Las Comunidades Autónomas,
460369,Hospital Pare Jofre,València,Valencia,46017,125,Hospitales de media y larga estancia,Servicios e Institutos de Salud de Las Comunidades Autónomas,
460370,Hospital de Manises,Manises,Valencia,46940,354,Hospitales Generales,Servicios e Institutos de Salud de Las Comunidades Autónomas,
460381,Hospital de Crónicos de Mislata (Antiguo Hospital Militar de Valencia),Mislata,Valencia,46920,38,Hospitales de media y larga estancia,Servicios e Institutos de Salud de Las Comunidades Autónomas,
460392,Hospital de Lliria,Llíria,Valencia,46160,92,Hospitales Generales,Servicios e Institutos de Salud de Las Comunidades Autónomas,
460404,IMED Valencia,Burjassot,Valencia,46100,207,Hospitales Generales,Privados,
460426,Centro Habilitado Ernest Lluch,València,Valencia,46015,165,Otros Centros con Internamiento,Servicios e Institutos de Salud de Las Comunidades Autónomas,
460437,Clínica Imske,València,Valencia,46024,18,Hospitales especializados,Privados,
460459,IMED Colón,València,Valencia,46004,32,Hospitales Generales,Privados,
460460,Hospital Infanto-Juvenil J. Peirón,"Pobla de Vallbona, la",Valencia,46185,30,Otros Centros con Internamiento,Privados,
470014,Hospital Universitario Rio Hortega,Valladolid,Valladolid,47012,596,Hospitales Generales,Servicios e Institutos de Salud de Las Comunidades Autónomas,
470029,Hospital Clínico Universitario de Valladolid,Valladolid,Valladolid,47003,777,Hospitales Generales,Servicios e Institutos de Salud de Las Comunidades Autónomas,
470053,Sanatorio Sagrado Corazón,Valladolid,Valladolid,47002,48,Hospitales Generales,Organizaciones No Gubernamentales,
470072,Centro Hospitalario Benito Menni,Valladolid,Valladolid,47008,240,Hospitales de media y larga estancia,Organizaciones No Gubernamentales,
470091,Hospital Medina del Campo,Medina del Campo,Valladolid,47400,119,Hospitales Generales,Servicios e Institutos de Salud de Las Comunidades Autónomas,
470105,Hospital de Valladolid Felipe Ir,Valladolid,Valladolid,47003,79,Hospitales Generales,Privados,
470113,Hospital Recoletas Campo Grande,Valladolid,Valladolid,47007,99,Hospitales Generales,Privados,
470124,Hospital Casaverde Valladolid,Valladolid,Valladolid,47011,99,Hospitales especializados,Privados,
480010,Hospital Santa Marina,Bilbao,Vizcaya,48004,234,Hospitales de media y larga estancia,Servicios e Institutos de Salud de Las Comunidades Autónomas,
480025,Hospital Intermutual de Euskadi,Bilbao,Vizcaya,48007,44,Hospitales especializados,Mútuas Colaboradoras con La Seguridad Social,
480031,Clínica Ercilla Mutualia,Bilbao,Vizcaya,48009,22,Hospitales especializados,Mútuas Colaboradoras con La Seguridad Social,
480046,Hospital Cruz Roja de Bilbao - Victoria Eugenia,Bilbao,Vizcaya,48013,68,Hospitales Generales,Organizaciones No Gubernamentales,
480059,Sanatorio Bilbaíno,Bilbao,Vizcaya,48010,44,Hospitales Generales,Organizaciones No Gubernamentales,
480078,Hospital Universitario Basurto,Bilbao,Vizcaya,48013,697,Hospitales Generales,Servicios e Institutos de Salud de Las Comunidades Autónomas,
480097,Clínica Virgen Blanca,Bilbao,Vizcaya,48006,74,Hospitales Generales,Privados,
480123,"Clínica Guimon, S.A.",Bilbao,Vizcaya,48010,42,Hospitales Generales,Privados,
480160,"Clínica Indautxu, S.A.",Bilbao,Vizcaya,48010,36,Hospitales Generales,Privados,
480176,Hospital Universitario Cruces,Barakaldo,Vizcaya,48903,981,Hospitales Generales,Otros Centros o Establecimientos Públicos de Dependencia Estatal,
480182,Hospital San Eloy,Barakaldo,Vizcaya,48902,128,Hospitales Generales,Servicios e Institutos de Salud de Las Comunidades Autónomas,
480195,Hospital de Bermeo,Bermeo,Vizcaya,48370,188,Hospitales de salud mental y tratamiento de toxicomanías,Servicios e Institutos de Salud de Las Comunidades Autónomas,
480209,Hospital Galdakao-Usansolo,Galdakao,Vizcaya,48960,481,Hospitales Generales,Servicios e Institutos de Salud de Las Comunidades Autónomas,
480216,Hospital de Gorliz,Gorliz,Vizcaya,48630,149,Hospitales de media y larga estancia,Servicios e Institutos de Salud de Las Comunidades Autónomas,
480255,Hospital San Juan de Dios,Santurtzi,Vizcaya,48980,100,Hospitales Generales,Organizaciones No Gubernamentales,
480268,Hospital de Zaldibar,Zaldibar,Vizcaya,48250,120,Hospitales de salud mental y tratamiento de toxicomanías,Servicios e Institutos de Salud de Las Comunidades Autónomas,
480274,Hospital de Zamudio,Zamudio,Vizcaya,48170,142,Hospitales de salud mental y tratamiento de toxicomanías,Servicios e Institutos de Salud de Las Comunidades Autónomas,
480293,Avances Médicos S.A.,Santurtzi,Vizcaya,48980,24,Hospitales de salud mental y tratamiento de toxicomanías,Privados,
480305,Hospital Quironsalud Bizkaia,Erandio,Vizcaya,48950,110,Hospitales Generales,Privados,
480316,Clínica Imq Zorrotzaurre,Bilbao,Vizcaya,48014,128,Hospitales Generales,Privados,
480327,Hospital Urduliz Ospitalea,Urduliz,Vizcaya,48610,128,Hospitales Generales,Servicios e Institutos de Salud de Las Comunidades Autónomas,
490013,Hospital Virgen de La Concha Complejo Asistencial de Zamora,Zamora,Zamora,49022,349,Hospitales Generales,Servicios e Institutos de Salud de Las Comunidades Autónomas,Complejo Asistencial de Zamora
490028,Hospital Provincial de Zamora Complejo Asistencial de Zamora,Zamora,Zamora,49021,140,Hospitales Generales,Servicios e Institutos de Salud de Las Comunidades Autónomas,Complejo Asistencial de Zamora
490065,Hospital de Benavente Complejo Asistencial de Zamora,Benavente,Zamora,49600,51,Hospitales Generales,Servicios e Institutos de Salud de Las Comunidades Autónomas,Complejo Asistencial de Zamora
490081,Hospital Recoletas de Zamora,Zamora,Zamora,49023,44,Hospitales Generales,Privados,
500016,Hospital Clínico Universitario Lozano Blesa,Zaragoza,Zaragoza,50009,808,Hospitales Generales,Servicios e Institutos de Salud de Las Comunidades Autónomas,
500021,Hospital Universitario Miguel Servet,Zaragoza,Zaragoza,50009,1198,Hospitales Generales,Servicios e Institutos de Salud de Las Comunidades Autónomas,
500055,Hospital Royo Villanova,Zaragoza,Zaragoza,50015,256,Hospitales Generales,Servicios e Institutos de Salud de Las Comunidades Autónomas,
500068,Centro de Rehabilitación Psicosocial Nuestra Señora del Pilar,Zaragoza,Zaragoza,50009,200,Hospitales de salud mental y tratamiento de toxicomanías,Servicios e Institutos de Salud de Las Comunidades Autónomas,
500074,Hospital Nuestra Señora de Gracia,Zaragoza,Zaragoza,50004,145,Hospitales Generales,Servicios e Institutos de Salud de Las Comunidades Autónomas,
500080,Hospital Maz,Zaragoza,Zaragoza,50015,81,Hospitales Generales,Mútuas Colaboradoras con La Seguridad Social,
500093,"Clínica Montpellier, Grupo Ha, S.A.U",Zaragoza,Zaragoza,50012,90,Hospitales Generales,Privados,
500107,Centro Neuropsiquiátrico Nuestra Señora del Carmen,Zaragoza,Zaragoza,50190,277,Hospitales de salud mental y tratamiento de toxicomanías,Organizaciones No Gubernamentales,
500114,Hospital San Juan de Dios,Zaragoza,Zaragoza,50006,188,Hospitales de media y larga estancia,Organizaciones No Gubernamentales,
500129,Hospital Quironsalud Zaragoza,Zaragoza,Zaragoza,50006,104,Hospitales Generales,Privados,
500140,Hospital General de La Defensa En Zaragoza,Zaragoza,Zaragoza,50009,200,Hospitales Generales,Ministerio de Defensa,
500153,Hospital Ernest Lluch Martin,Calatayud,Zaragoza,50300,122,Hospitales Generales,Servicios e Institutos de Salud de Las Comunidades Autónomas,
500172,Unidad de Rehabilitación de Larga Estancia,Sádaba,Zaragoza,50670,45,Hospitales de salud mental y tratamiento de toxicomanías,Organizaciones No Gubernamentales,
500188,Unidad Rehabilitadora de Media Estancia Profesor Rey Ardid,Zaragoza,Zaragoza,50191,39,Hospitales de salud mental y tratamiento de toxicomanías,Organizaciones No Gubernamentales,
500195,Hospital de Rehabilitación Psiquiatrica Prisma,Zaragoza,Zaragoza,50820,50,Hospitales de salud mental y tratamiento de toxicomanías,Privados,
500200,Centro Sanitario Cinco Villas,Ejea de los Caballeros,Zaragoza,50009,17,Otros Centros con Internamiento,Servicios e Institutos de Salud de Las Comunidades Autónomas,
500218,Hospital Viamed Montecanal,Zaragoza,Zaragoza,50012,68,Hospitales Generales,Privados,
500223,Hospital Hernan Cortes Miraflores,Zaragoza,Zaragoza,50008,36,Hospitales Generales,Privados,
510039,Hospital Universitario de Ceuta,Ceuta,Ceuta,51003,246,Hospitales Generales,Instituto de Gestión Sanitaria-Ingesa,
520018,Hospital Comarcal,Melilla,Melilla,52005,168,Hospitales Generales,Instituto de Gestión Sanitaria-Ingesa,
520042,EV Medical-Rusadir,Melilla,Melilla,52003,168,Otros Centros con Internamiento,Privados,
