cod_postal,lat,lon
01001,42.849,-2.6724
01002,42.8525,-2.661
01003,42.8459,-2.6582
01004,42.8442,-2.6667
01005,42.8435,-2.6715
01006,42.8376,-2.6655
01007,42.8358,-2.69385
01008,42.8472,-2.6833
01009,42.8535,-2.685
01010,42.8577,-2.69967
01012,42.8546,-2.6768
01013,42.87173,-2.66263
01015,42.8421,-2.7031
01071,42.85,-2.6727
01080,42.85,-2.6727
01100,42.8403,-2.6055
01110,42.6697,-2.3512
01117,42.74253,-2.33657
01118,42.6371,-2.53206
01120,42.73905,-2.44665
01128,42.69602,-2.44175
01129,42.78887,-2.43826
01130,42.95705,-2.8196
01138,42.95834,-2.72567
01139,42.95132,-2.83205
01160,43.0516,-2.5652
01165,43.0474,-2.6317
01169,43.04539,-2.56454
01170,42.96722,-2.66213
01191,42.86867,-2.7686
01192,42.8587,-2.57451
01193,42.82746,-2.55712
01194,42.80767,-2.64533
01195,42.83058,-2.7525
01196,42.89425,-2.71852
01200,42.8516,-2.3912
01206,42.88288,-2.48618
01207,42.84204,-2.37432
01208,42.89961,-2.38891
01211,42.67126,-2.7821
01212,42.64976,-2.79818
01213,42.74671,-2.93546
01216,42.69915,-2.58988
01220,42.73361,-2.86714
01230,42.8184,-2.8095
01240,42.8412,-2.5118
01250,42.8919,-2.3142
01260,42.86534,-2.27746
01300,42.5546,-2.5853
01306,42.4945,-2.5734
01307,42.54482,-2.67408
01308,42.55758,-2.5106
01309,42.56192,-2.59046
01320,42.50475,-2.4368
01321,42.5015,-2.5063
01322,42.55088,-2.42716
01330,42.5897,-2.7957
01340,42.5152,-2.6186
01400,43.142,-2.9652
01408,43.0993,-2.999
01409,42.89723,-2.39187
01420,42.79499,-2.92489
01423,42.78851,-3.04339
01426,42.83876,-3.04279
01427,42.87243,-3.16813
01428,42.82146,-2.91251
01430,42.8699,-2.8867
01439,42.89619,-2.89135
01440,42.9535,-2.90105
01449,42.9653,-2.91341
01450,43.02806,-2.95798
01468,42.99927,-2.99505
01470,43.05135,-3.00045
01474,43.1219,-3.1302
01476,43.0784,-3.0434
01477,43.08087,-3.09326
01478,43.11294,-3.13193
01479,43.05606,-3.0538
01510,42.9168,-2.65435
01520,42.90658,-2.61445
02001,38.9953,-1.8525
02002,38.9886,-1.8525
02003,38.9885,-1.8611
02004,38.9933,-1.8653
02005,39.0007,-1.8628
02006,38.9898,-1.8715
02007,39.0168,-1.8845
02008,38.9863,-1.846
02049,38.956,-1.88845
02070,38.9942,-1.8564
02071,38.9942,-1.8564
02080,38.9942,-1.8564
02100,39.25,-1.9167
02110,39.1156,-1.96475
02120,38.7288,-2.005
02124,38.62663,-2.02152
02125,38.55097,-2.09747
02127,38.71753,-2.12726
02129,38.6906,-2.04946
02130,38.5814,-2.2131
02136,38.5975,-2.3442
02137,38.61162,-2.3206
02139,38.60645,-2.14415
02140,38.84763,-1.94957
02141,38.7209,-1.9114
02142,38.65953,-1.8963
02150,39.135,-1.677
02151,39.1019,-1.5582
02152,39.0956,-1.3609
02153,39.11495,-1.2749
02154,39.1013,-1.48225
02155,39.0687,-1.7435
02156,39.0397,-1.7014
02160,38.9493,-2.3549
02161,38.9095,-2.25435
02162,38.96253,-2.12663
02200,39.2833,-1.4667
02210,39.2,-1.4333
02211,39.19207,-1.3875
02212,39.25,-1.3333
02213,39.2115,-1.2292
02214,39.24804,-1.30076
02215,39.31653,-1.34687
02220,39.1794,-1.7908
02230,39.2363,-1.801
02240,39.2122,-1.7249
02246,39.2833,-1.7167
02247,39.3032,-1.6614
02248,39.1751,-1.521
02249,39.17497,-1.55398
02250,39.2096,-1.5421
02251,39.2306,-1.6091
02252,39.2167,-1.4667
02253,39.2393,-1.6363
02260,39.2673,-1.5501
02270,39.3616,-1.5985
02300,38.6664,-2.4905
02310,38.7728,-2.5747
02311,38.7,-2.6026
02312,38.6606,-2.4829
02313,38.6723,-2.4107
02314,38.7077,-2.39519
02315,38.6329,-2.5002
02316,38.60685,-2.55955
02320,38.8851,-2.1521
02326,38.79213,-2.16703
02327,38.80227,-2.07285
02328,38.9018,-1.9908
02329,38.7616,-2.2381
02340,38.78473,-2.38623
02350,38.5753,-2.6334
02360,38.516,-2.6117
02400,38.5106,-1.701
02409,38.48025,-1.69952
02410,38.5427,-1.9537
02420,38.4867,-1.75
02430,38.4512,-2.0476
02434,38.3663,-2.101
02435,38.333,-1.9851
02436,38.35,-2.0
02437,38.32415,-1.89485
02439,38.40902,-2.02513
02440,38.4666,-2.2395
02448,38.52457,-2.29726
02449,38.47771,-2.27001
02450,38.5,-2.45
02459,38.50059,-2.41826
02460,38.46095,-2.52555
02461,38.4309,-2.5062
02462,38.4219,-2.5503
02480,38.3668,-2.3193
02484,38.3335,-2.4306
02485,38.3456,-2.3359
02486,38.42083,-2.23707
02487,38.2954,-2.29435
02489,38.28198,-2.4229
02490,38.4219,-1.6375
02499,38.41785,-1.61912
02500,38.5925,-1.6906
02510,38.8032,-1.73135
02511,38.7637,-1.8293
02512,38.61088,-1.62618
02513,38.56425,-1.6202
02520,38.9209,-1.7202
02530,38.1472,-2.3013
02534,38.1126,-2.40017
02536,38.22552,-2.31132
02600,39.2683,-2.6035
02610,38.95,-2.5402
02611,38.964,-2.7455
02612,39.0413,-2.4803
02614,38.8418,-2.4552
02620,39.2701,-2.3215
02630,39.2063,-2.1582
02636,39.1792,-2.137
02637,39.2446,-2.0696
02638,39.167,-2.0274
02639,39.0958,-2.24755
02640,38.8675,-1.0982
02650,38.7886,-1.3272
02651,38.6929,-1.4316
02652,38.6144,-1.4974
02653,38.5704,-1.524
02660,38.7049,-0.9876
02690,38.9586,-1.2306
02691,38.8547,-1.4766
02692,38.7712,-1.56083
02693,38.80875,-1.4303
02694,38.9639,-1.4439
02695,38.9006,-1.5282
02696,38.9579,-1.5568
03001,38.3447,-0.4865
03002,38.347,-0.4806
03003,38.3417,-0.4908
03004,38.3502,-0.4864
03005,38.3523,-0.4979
03006,38.3468,-0.5133
03007,38.3422,-0.5082
03008,38.3316,-0.5115
03009,38.3655,-0.4989
03010,38.3611,-0.4887
03011,38.3734,-0.4929
03012,38.3574,-0.4822
03013,38.3562,-0.4764
03014,38.3707,-0.4843
03015,38.3681,-0.4696
03016,38.3654,-0.4493
03070,38.3452,-0.4815
03071,38.3452,-0.4815
03080,38.3452,-0.4815
03100,38.55,-0.4512
03108,38.6215,-0.4036
03109,38.53428,-0.5923
03110,38.41278,-0.43722
03111,38.47752,-0.42513
03112,38.40426,-0.47506
03113,38.35,-0.6167
03114,38.32723,-0.5519
03115,38.4877,-0.5409
03130,38.1935,-0.5646
03138,38.2209,-0.5863
03139,38.23528,-0.59696
03140,38.0903,-0.6556
03149,38.0742,-0.6537
03150,38.1392,-0.77
03158,38.16719,-0.80346
03159,38.12236,-0.75869
03160,38.1088,-0.792
03169,38.12384,-0.79691
03170,38.08276,-0.73784
03176,38.0847,-0.7425
03177,38.11733,-0.73991
03178,38.0779,-0.7368
03179,38.09003,-0.73627
03180,37.9787,-0.6822
03181,37.9794,-0.6836
03182,37.9794,-0.6724
03183,37.9907,-0.666
03184,37.9948,-0.6869
03185,37.9687,-0.6991
03186,37.9787,-0.6822
03187,38.02012,-0.74891
03188,38.0127,-0.6602
03189,37.93111,-0.73511
03190,37.8659,-0.7926
03191,37.888,-0.79751
03193,37.9797,-0.789
03194,38.0279,-0.7093
03195,38.27283,-0.53883
03200,38.2622,-0.7011
03201,38.2622,-0.7011
03202,38.2622,-0.7011
03203,38.2622,-0.7011
03204,38.2622,-0.7011
03205,38.2622,-0.7011
03206,38.2622,-0.7011
03207,38.2622,-0.7011
03208,38.2622,-0.7011
03290,38.2622,-0.7011
03291,38.2622,-0.7011
03292,38.2622,-0.7011
03293,38.2622,-0.7011
03294,38.2622,-0.7011
03295,38.2622,-0.7011
03296,38.2622,-0.7011
03300,38.0859,-0.94545
03310,38.0619,-0.8681
03311,38.0815,-1.00877
03312,38.05863,-0.9706
03313,38.02482,-0.893
03314,38.0943,-0.8613
03315,38.17696,-0.96934
03316,38.14197,-0.98133
03317,38.1137,-0.942
03318,38.1738,-0.9647
03319,38.1134,-0.9208
03320,38.293,-0.5881
03321,38.0833,-0.8167
03322,38.08295,-0.8397
03325,38.08643,-0.88303
03330,38.2491,-0.8095
03339,38.23749,-0.79799
03340,38.179,-0.8711
03348,38.1516,-0.8917
03349,38.1725,-0.8387
03350,38.16398,-0.87508
03360,38.1339,-0.8624
03369,38.124,-0.85807
03370,38.1209,-0.91513
03380,38.0622,-0.8979
03390,38.0773,-0.8394
03400,38.635,-0.8642
03408,38.646,-0.8701
03409,38.64995,-0.87195
03410,38.6294,-0.7658
03420,38.5957,-0.67225
03430,38.6297,-0.6731
03440,38.6227,-0.5754
03450,38.7167,-0.65
03459,38.7167,-0.65
03460,38.7011,-0.7655
03469,38.69506,-0.75166
03500,38.5382,-0.131
03501,38.5378,-0.1313
03502,38.53995,-0.13525
03503,38.53871,-0.12743
03508,38.5382,-0.131
03509,38.56746,-0.21233
03510,38.65,-0.1167
03516,38.676,-0.2098
03517,38.68256,-0.23418
03518,38.68507,-0.10673
03519,38.6789,-0.1901
03520,38.62244,-0.13105
03530,38.6119,-0.1164
03540,38.49665,-0.29955
03550,38.54076,-0.34674
03559,38.5705,-0.3285
03560,38.43632,-0.38511
03569,38.5006,-0.3638
03570,38.5114,-0.2368
03578,38.5876,-0.3115
03579,38.58625,-0.26725
03580,38.70988,-0.07386
03581,38.7311,-0.0691
03589,38.7311,-0.0691
03590,38.60765,-0.04208
03599,38.6526,0.0206
03600,38.40332,-0.78348
03610,38.50512,-0.76922
03630,38.5366,-0.8204
03638,38.5191,-0.913
03639,38.5288,-0.8649
03640,38.4244,-0.8513
03649,38.4508,-0.9438
03650,38.4016,-1.042
03657,38.43045,-1.07422
03658,38.41491,-1.00716
03659,38.4185,-1.0333
03660,38.37547,-0.7901
03668,38.3388,-1.0038
03669,38.35605,-0.9045
03670,38.3803,-0.7285
03679,38.39794,-0.69368
03680,38.34465,-0.7674
03688,38.3059,-0.8939
03689,38.2768,-0.93538
03690,38.3964,-0.5255
03698,38.4386,-0.6386
03699,38.3989,-0.57992
03700,38.93205,0.01762
03709,38.932,0.0181
03710,38.641,0.03872
03720,38.69371,0.06254
03723,38.7727,-0.0071
03724,38.69076,0.14058
03725,38.72923,0.10367
03726,38.7327,0.1435
03727,38.7406,-0.0113
03728,38.7514,-0.04047
03729,38.733,0.02977
03730,38.7713,-0.0145
03737,38.7713,-0.0145
03738,38.7659,0.05762
03739,38.76176,0.05541
03740,38.7744,0.0854
03749,38.69119,0.00071
03750,38.79327,0.03415
03759,38.7927,-0.03
03760,38.82053,0.01397
03769,38.82125,-0.04258
03770,38.8471,0.0103
03778,38.8224,-0.0038
03779,38.8508,0.0175
03780,38.8414,-0.117
03786,38.83498,-0.2112
03788,38.8107,-0.26149
03789,38.8242,-0.2206
03790,38.7705,-0.1012
03791,38.77651,-0.10643
03792,38.75283,-0.0738
03793,38.7256,-0.1924
03794,38.7554,-0.1092
03795,38.80626,-0.06864
03800,38.7054,-0.4743
03801,38.7054,-0.4743
03802,38.7054,-0.4743
03803,38.7054,-0.4743
03804,38.7054,-0.4743
03810,38.7001,-0.389
03811,38.72143,-0.33647
03812,38.73913,-0.32973
03813,38.74117,-0.26303
03814,38.6866,-0.3402
03815,38.68,-0.3584
03816,38.6627,-0.3997
03819,38.6398,-0.4661
03820,38.74207,-0.43865
03827,38.7633,-0.3748
03828,38.78165,-0.32527
03829,38.7667,-0.4167
03830,38.7812,-0.4361
03837,38.7801,-0.516
03838,38.7728,-0.5553
03839,38.7926,-0.42825
03840,38.8127,-0.4089
03841,38.795,-0.4024
03850,38.8202,-0.3774
03860,38.85,-0.3
03870,38.7009,-0.4251
04001,36.8381,-2.4597
04002,36.8381,-2.4597
04003,36.8381,-2.4597
04004,36.8381,-2.4597
04005,36.8381,-2.4597
04006,36.8381,-2.4597
04007,36.8381,-2.4597
04008,36.8381,-2.4597
04009,36.8381,-2.4597
04070,36.8381,-2.4597
04071,36.8381,-2.4597
04080,36.8381,-2.4597
04100,36.9665,-2.2059
04110,36.938,-2.1323
04113,36.8804,-2.18225
04114,36.9877,-2.1075
04115,36.8471,-2.0413
04116,36.87276,-2.0341
04117,36.84439,-2.15222
04118,36.7926,-2.07483
04119,36.9868,-2.2228
04120,36.84617,-2.39995
04130,36.8526,-2.3531
04131,36.8445,-2.3073
04140,36.99805,-1.8953
04149,37.01007,-1.93375
04150,36.7823,-2.242
04151,36.87493,-2.31182
04160,36.9267,-2.2979
04200,37.0477,-2.36079
04210,37.0404,-2.201
04211,37.02331,-2.37439
04212,37.15726,-2.43488
04213,37.1924,-2.3126
04230,36.88868,-2.4403
04240,36.88057,-2.4241
04250,36.9173,-2.4394
04259,36.9608,-2.3967
04260,36.9454,-2.461
04270,37.0902,-2.1276
04271,37.20283,-2.0822
04274,37.1846,-2.2049
04275,37.20423,-2.29287
04276,37.21972,-2.26184
04277,37.06494,-2.02751
04278,37.14798,-2.08537
04279,37.13291,-2.1582
04280,37.1684,-1.9404
04288,37.17921,-1.99248
04289,37.12597,-2.01215
04400,36.9569,-2.5686
04409,36.9669,-2.60575
04410,36.9201,-2.4558
04420,36.9748,-2.5313
04430,36.9934,-2.6605
04431,36.9858,-2.6394
04440,36.9952,-2.6818
04450,36.99925,-2.7371
04458,37.0044,-2.78513
04459,37.05025,-2.7401
04460,36.9802,-2.8596
04470,36.9952,-2.8903
04479,37.00628,-2.92586
04480,36.9739,-2.9613
04500,37.1712,-2.84023
04510,37.15474,-2.7773
04520,37.1328,-2.7968
04530,37.1326,-2.72003
04531,37.0331,-2.6216
04532,37.16788,-2.7273
04533,37.1167,-2.8
04540,37.1418,-2.65945
04549,37.19672,-2.72422
04550,37.10078,-2.51703
04558,37.09145,-2.58435
04559,37.11483,-2.53507
04560,36.95408,-2.4846
04567,36.9899,-2.5868
04568,37.00995,-2.59895
04569,36.98565,-2.6082
04600,37.40343,-1.98577
04610,37.28712,-1.87198
04616,37.2491,-1.7714
04617,37.2462,-1.7968
04618,37.27712,-1.81464
04619,37.3126,-1.80989
04620,37.2475,-1.8684
04621,37.20477,-1.81467
04628,37.23897,-1.91642
04629,37.25033,-1.9377
04630,37.1805,-1.8232
04638,37.10558,-1.857
04639,37.15223,-1.89493
04640,37.4115,-1.745
04647,37.40371,-1.76922
04648,37.34043,-1.73551
04649,37.3853,-1.7527
04650,37.34824,-2.02574
04660,37.34467,-2.09024
04661,37.3662,-2.03958
04662,37.3489,-1.98846
04690,37.4935,-1.8779
04691,37.46583,-1.92964
04692,37.43909,-2.04834
04693,37.49463,-1.9827
04694,37.4143,-1.7981
04700,36.79915,-2.8336
04710,36.7373,-2.8017
04711,36.7015,-2.7895
04712,36.7307,-2.8866
04713,36.7488,-2.9099
04715,36.74307,-2.83857
04716,36.7185,-2.8393
04717,36.7185,-2.8393
04720,36.8127,-2.5799
04721,36.8315,-2.6427
04727,36.8369,-2.6181
04728,36.8689,-2.658
04729,36.87725,-2.602
04738,36.81306,-2.64072
04740,36.7642,-2.6147
04741,36.9402,-2.5556
04743,36.7353,-2.6582
04745,36.7527,-2.6829
04746,36.9402,-2.5556
04750,36.82685,-2.86955
04760,36.8723,-2.9482
04768,36.91985,-3.0289
04769,36.85536,-2.98052
04770,36.75064,-3.016
04778,36.7542,-3.0749
04779,36.7543,-2.97963
04800,37.38845,-2.1468
04810,37.43738,-2.25606
04811,37.51979,-2.27849
04812,37.4333,-2.1765
04813,37.51617,-2.18897
04814,37.4017,-2.13517
04815,37.34895,-2.1364
04820,37.6484,-2.0769
04825,37.57545,-2.28931
04826,37.5982,-2.1318
04827,37.59318,-2.0401
04828,37.5704,-2.1218
04829,37.62801,-2.03491
04830,37.7333,-2.10929
04838,37.70783,-2.2051
04839,37.85278,-2.22772
04850,37.36687,-1.97114
04857,37.2836,-2.1823
04858,37.29439,-2.1528
04859,37.27039,-2.23231
04860,37.35,-2.3
04867,37.30235,-2.32515
04868,37.2962,-2.3316
04869,37.36055,-2.25892
04870,37.3472,-2.361
04877,37.3918,-2.3883
04878,37.32995,-2.39375
04879,37.3974,-2.3649
04880,37.3461,-2.4333
04887,37.40083,-2.47123
04888,37.34025,-2.42355
04889,37.30565,-2.45145
04890,37.3449,-2.5091
04897,37.35109,-2.65671
04898,37.397,-2.59357
04899,37.40875,-2.55145
05001,40.6572,-4.6995
05002,40.6572,-4.6995
05003,40.6572,-4.6995
05004,40.6572,-4.6995
05005,40.6572,-4.6995
05070,40.6572,-4.6995
05071,40.6572,-4.6995
05080,40.6572,-4.6995
05100,40.4108,-4.7062
05110,40.4766,-4.6436
05111,40.4788,-4.6824
05112,40.3983,-4.8182
05113,40.4133,-4.7848
05114,40.3983,-4.8182
05115,40.35035,-4.90295
05120,40.46136,-4.81532
05122,40.4206,-4.8913
05123,40.40045,-4.953
05130,40.54568,-4.91672
05131,40.5239,-4.9867
05132,40.40815,-5.05467
05133,40.4305,-5.155
05134,40.43817,-5.03923
05140,40.68432,-4.82
05141,40.68788,-4.93338
05143,40.66925,-5.00895
05145,40.67594,-5.05038
05146,40.80125,-5.07304
05147,40.7045,-5.11116
05148,40.7156,-5.2096
05149,40.7228,-4.99645
05150,40.6634,-5.28285
05151,40.65215,-5.34318
05152,40.5844,-5.3604
05153,40.55412,-5.3552
05154,40.55476,-5.40213
05160,40.70135,-4.74495
05162,40.7994,-4.7631
05163,40.78425,-4.74175
05164,40.8431,-4.7682
05165,40.92225,-4.76112
05166,40.88225,-4.7363
05190,40.5531,-4.7734
05191,40.5718,-4.8314
05192,40.63573,-4.7852
05193,40.7369,-4.489
05194,40.69272,-4.60464
05195,40.6702,-4.55985
05196,40.6276,-4.6143
05197,40.59733,-4.7612
05198,40.54433,-4.8531
05200,41.0626,-4.7204
05210,41.065,-5.0909
05211,40.97375,-4.967
05212,41.01768,-4.8761
05213,41.0062,-4.8599
05214,40.924,-4.6405
05215,41.09045,-4.79598
05216,41.0033,-4.77614
05217,40.94972,-4.85398
05220,41.07535,-5.00905
05229,41.07235,-4.92753
05230,40.6024,-4.3345
05239,40.61033,-4.2881
05240,40.594,-4.4115
05250,40.5008,-4.4236
05260,40.457,-4.4644
05267,40.5433,-4.5403
05268,40.5427,-4.5804
05270,40.4135,-4.501
05278,40.41193,-4.48803
05279,40.39875,-4.481
05280,40.7519,-4.6658
05289,40.74163,-4.59832
05290,40.88555,-4.6097
05291,40.8092,-4.51127
05292,40.82235,-4.64205
05294,40.60695,-4.51515
05296,40.98358,-4.6363
05298,41.0213,-5.04227
05299,41.1155,-4.9735
05300,40.8712,-4.97
05301,40.92825,-5.03125
05309,40.87013,-4.9454
05310,40.9284,-4.9638
05320,40.7419,-4.746
05350,40.78925,-4.8747
05357,40.77542,-4.91039
05358,40.85354,-4.86074
05369,40.8587,-5.0601
05370,40.94965,-5.07975
05380,40.8775,-5.1097
05400,40.21715,-5.0723
05410,40.2599,-5.0175
05412,40.2751,-4.9822
05413,40.269,-4.999
05414,40.2942,-5.0094
05415,40.2502,-5.1037
05416,40.2662,-5.0859
05417,40.2224,-5.14
05418,40.16425,-5.0142
05420,40.2912,-4.5838
05427,40.2348,-4.61275
05428,40.3247,-4.5726
05429,40.3143,-4.52425
05430,40.3021,-4.6372
05440,40.318,-4.6992
05450,40.2849,-4.765
05460,40.2774,-4.8526
05461,40.2962,-4.837
05470,40.2427,-4.9118
05480,40.1547,-5.2419
05489,40.1705,-5.3393
05490,40.205,-4.9355
05491,40.1876,-4.995
05492,40.1725,-5.166
05500,40.4648,-5.3283
05510,40.5084,-5.4048
05514,40.51329,-5.27226
05515,40.4652,-5.33635
05516,40.47201,-5.40659
05520,40.62106,-4.89471
05530,40.59467,-4.90207
05540,40.59202,-4.98748
05560,40.56579,-5.08254
05571,40.51012,-5.19905
05580,40.38707,-5.43393
05591,40.5765,-5.18
05592,40.42984,-5.35726
05593,40.41087,-5.39682
05600,40.3571,-5.5237
05610,40.4043,-5.6357
05619,40.4216,-5.63443
05620,40.35022,-5.56624
05621,40.31445,-5.62307
05630,40.34519,-5.3956
05631,40.36283,-5.30205
05633,40.3601,-5.249
05634,40.3578,-5.18765
05635,40.3634,-5.14445
05690,40.3219,-5.46508
05691,40.34636,-5.5947
05692,40.3962,-5.527
05693,40.31091,-5.58429
05694,40.40505,-5.58115
05695,40.4365,-5.466
05696,40.40435,-5.48482
05697,40.30295,-5.52349
06001,38.8802,-6.9724
06002,38.8785,-6.9681
06003,38.8723,-6.9675
06004,38.8715,-6.9739
06005,38.8742,-6.9783
06006,38.8779,-6.9706
06007,38.8817,-6.9642
06008,38.8798,-6.9569
06009,38.87725,-6.94345
06010,38.867,-6.9662
06011,38.8639,-6.9881
06012,38.8779,-6.9706
06050,38.8779,-6.9706
06070,38.8779,-6.9706
06071,38.8779,-6.9706
06080,38.8779,-6.9706
06100,38.6844,-7.0992
06105,38.5128,-7.2811
06106,38.6333,-7.1573
06107,38.7258,-7.2146
06108,38.6272,-7.08955
06109,38.6246,-7.1859
06110,38.376,-7.1675
06120,38.276,-6.9187
06129,38.3313,-6.9553
06130,38.6706,-6.9804
06131,38.5167,-7.0707
06132,38.447,-6.9752
06133,38.5286,-7.0171
06134,38.2424,-7.1196
06140,38.8779,-6.7686
06150,38.6148,-6.6268
06160,38.5154,-6.8485
06170,38.7632,-6.80705
06171,38.6133,-6.8215
06172,38.6191,-6.7958
06173,38.5869,-6.7493
06174,38.5102,-6.7863
06175,38.4909,-6.6842
06176,38.53395,-6.6368
06177,38.3789,-6.8037
06178,38.3664,-6.7886
06180,38.9094,-6.6956
06181,38.9223,-6.9028
06182,38.9536,-6.7398
06183,38.9094,-6.6956
06184,38.9094,-6.6956
06185,38.8903,-6.701
06186,38.9294,-6.6909
06187,38.8517,-6.6803
06190,39.1097,-6.6892
06191,39.1763,-6.6276
06192,39.1331,-6.8476
06193,39.05,-6.9
06194,38.9193,-6.7223
06195,38.9121,-6.7698
06196,38.73783,-6.64562
06197,38.70475,-6.71135
06200,38.681,-6.4064
06207,38.6466,-6.4875
06208,38.6129,-6.5091
06209,38.7253,-6.539
06210,38.7904,-6.3767
06220,38.5614,-6.3381
06225,38.5518,-6.2377
06226,38.4833,-6.1833
06227,38.4469,-6.0567
06228,38.5538,-6.0691
06229,38.5703,-6.1958
06230,38.45,-6.3833
06240,38.25,-6.3
06249,38.3,-6.3167
06250,38.2988,-6.209
06260,38.0882,-6.2722
06270,38.1167,-6.5167
06280,38.0687,-6.5388
06290,38.3558,-6.1652
06291,38.15,-6.2
06292,38.1,-6.3333
06293,38.0833,-6.4167
06300,38.4229,-6.4166
06310,38.4,-6.4
06320,38.3333,-6.4
06329,38.334,-6.4751
06330,38.2667,-6.4667
06340,38.1692,-6.6537
06350,38.1409,-6.6892
06360,38.5266,-6.4478
06370,38.3801,-6.5904
06378,38.3271,-6.5365
06380,38.3206,-6.7726
06389,38.3098,-6.71427
06390,38.5121,-6.5639
06391,38.453,-6.5197
06392,38.3819,-6.3279
06393,38.3985,-6.476
06394,38.1475,-6.5595
06400,38.9564,-5.8612
06410,39.10247,-5.95828
06411,38.9626,-5.9578
06412,39.05143,-5.9013
06413,38.9359,-5.933
06415,38.9695,-6.0257
06420,38.7238,-5.5453
06427,38.5888,-5.4457
06428,38.6394,-5.5375
06429,38.7001,-5.4951
06430,38.6513,-5.6606
06439,38.651,-5.6066
06440,38.6747,-5.6405
06441,38.6462,-5.7413
06442,38.5206,-5.8433
06443,38.502,-5.8314
06444,38.4052,-6.004
06445,38.375,-5.9992
06446,38.5206,-5.8433
06450,38.746,-5.6723
06458,38.7101,-5.7985
06459,38.7974,-5.7046
06460,38.8632,-5.6176
06468,38.8956,-5.7313
06469,38.919,-5.67
06470,38.8594,-6.0999
06473,38.8629,-6.1975
06474,38.915,-6.0681
06475,38.7905,-6.124
06476,38.6928,-6.1345
06477,38.6646,-6.1022
06478,38.8142,-6.0206
06479,38.8373,-6.0992
06480,38.9097,-6.6174
06486,39.0633,-6.5052
06487,39.1476,-6.4362
06488,39.1539,-6.3383
06489,39.0685,-6.4745
06490,38.8944,-6.6259
06498,38.8488,-6.6236
06499,38.8743,-6.5873
06500,39.3613,-7.1377
06510,39.2202,-7.0003
06518,39.2078,-7.1719
06519,39.2132,-7.14438
06600,38.7223,-5.2195
06610,38.8196,-5.1143
06611,38.8071,-5.1568
06612,38.8201,-5.0841
06613,38.6713,-5.3671
06614,38.7,-5.2833
06615,38.7,-5.2833
06620,38.9752,-5.2697
06630,38.9865,-5.2563
06640,39.0376,-5.2339
06650,38.9772,-5.0498
06655,38.9259,-5.1467
06656,38.8802,-5.0475
06657,38.9107,-5.1225
06658,38.9915,-4.9475
06659,38.9562,-4.9106
06660,39.1329,-4.9351
06670,39.1684,-5.0505
06678,39.2139,-4.7923
06679,39.1883,-5.1354
06680,39.2848,-5.0901
06689,39.2439,-5.1907
06690,39.0496,-4.9988
06691,39.3904,-5.0042
06692,39.3249,-4.7773
06700,38.9766,-5.7974
06710,39.0161,-5.8066
06711,39.0161,-5.8066
06712,39.0161,-5.8066
06713,39.0843,-5.6255
06714,38.9183,-5.801
06715,39.0535,-5.8084
06716,39.0765,-5.8107
06717,39.06335,-5.7732
06718,39.0161,-5.8066
06719,39.0721,-5.7566
06720,39.0335,-5.7108
06730,39.09615,-5.5341
06731,39.1296,-5.5632
06740,39.0062,-5.5344
06750,39.0314,-5.4986
06760,39.0944,-5.4681
06770,39.1082,-5.3308
06800,38.9161,-6.3437
06810,38.8877,-6.3873
06820,38.8484,-6.2748
06830,38.8179,-6.2171
06840,38.7855,-6.246
06850,38.8544,-6.454
06860,38.9436,-6.4349
06870,38.9201,-6.4777
06880,38.9009,-6.5376
06890,38.9112,-6.22
06891,39.0008,-6.2898
06892,38.9518,-6.2572
06893,38.9501,-6.1864
06894,39.0334,-6.33405
06900,38.2374,-6.0163
06906,38.0833,-6.0833
06907,38.1167,-6.15
06908,38.0167,-6.0833
06909,38.1908,-5.9964
06910,38.3167,-5.5833
06919,38.3167,-5.5833
06920,38.2591,-5.6772
06927,38.2167,-5.8167
06928,38.1225,-5.6918
06929,38.2369,-5.5523
06930,38.2821,-5.8297
06939,38.3659,-5.8375
06940,38.2595,-5.8648
06950,38.3,-6.0833
06960,38.2,-5.9667
06970,38.1862,-5.9488
06980,38.15,-5.9
07001,39.5694,2.6502
07002,39.5694,2.6502
07003,39.5694,2.6502
07004,39.5694,2.6502
07005,39.5694,2.6502
07006,39.5694,2.6502
07007,39.5694,2.6502
07008,39.5694,2.6502
07009,39.5694,2.6502
07010,39.5694,2.6502
07011,39.5694,2.6502
07012,39.5694,2.6502
07013,39.5694,2.6502
07014,39.5694,2.6502
07015,39.5694,2.6502
07070,39.5694,2.6502
07071,39.5694,2.6502
07080,39.5694,2.6502
07100,39.7662,2.7152
07101,39.7711,2.7348
07108,39.7976,2.6964
07109,39.7824,2.7409
07110,39.6961,2.7004
07120,39.61303,2.65232
07121,39.5694,2.6502
07122,39.5694,2.6502
07140,39.64645,2.89815
07141,39.62682,2.757
07142,39.6195,2.8349
07143,39.64125,2.8594
07144,39.6569,2.9495
07150,39.5749,2.4201
07157,39.5443,2.3894
07159,39.58005,2.3509
07160,39.53795,2.4482
07170,39.6901,2.6316
07179,39.757,2.6522
07180,39.49987,2.47723
07181,39.55492,2.57546
07183,39.5258,2.4814
07184,39.5657,2.5062
07190,39.66873,2.5788
07191,39.6874,2.5146
07192,39.6535,2.4811
07193,39.6263,2.61503
07194,39.6252,2.5276
07195,39.6098,2.5052
07196,39.5785,2.4703
07198,39.5701,2.68308
07199,39.56243,2.71453
07200,39.4696,3.1487
07208,39.4166,3.1382
07209,39.4431,3.1432
07210,39.5597,2.8936
07220,39.5997,2.9237
07230,39.5674,2.9819
07240,39.5964,3.0393
07250,39.5689,3.0881
07260,39.5148,3.0235
07300,39.7204,2.9094
07310,39.7752,2.9647
07311,39.7581,2.9835
07312,39.7497,2.8728
07313,39.7545,2.9011
07314,39.7712,2.902
07315,39.83276,2.83618
07316,39.7654,2.9345
07320,39.7535,2.8734
07330,39.6687,2.8124
07340,39.7044,2.7918
07349,39.7346,2.7604
07350,39.68785,2.8438
07360,39.7185,2.8676
07369,39.7307,2.8716
07400,39.87283,3.3595
07420,39.7692,3.0239
07430,39.6993,3.0068
07440,39.7353,3.0553
07450,39.7019,3.1041
07458,39.9236,3.8242
07459,39.7345,3.2294
07460,39.8782,3.0165
07469,39.8768,3.0163
07470,39.9075,3.0814
07500,39.5688,3.2085
07509,39.5135,3.2166
07510,39.6434,3.0101
07511,39.6228,2.9376
07518,39.6184,2.9749
07519,39.6631,3.073
07520,39.6133,3.1129
07529,39.6505,3.1119
07530,39.6101,3.2838
07540,39.6472,3.2643
07550,39.6205,3.3598
07559,39.62487,3.40187
07560,39.6048,3.38485
07570,39.6931,3.3498
07579,39.7376,3.2768
07580,39.7023,3.4328
07589,39.71218,3.44188
07590,39.7109,3.46318
07600,39.5347,2.7001
07608,39.5695,2.65
07609,39.50827,2.71356
07610,39.54407,2.7015
07611,39.5694,2.6502
07620,39.4904,2.8913
07629,39.5264,2.9156
07630,39.43105,3.0193
07638,39.3181,2.992
07639,39.36386,2.8857
07640,39.3383,3.0527
07650,39.3546,3.1291
07659,39.33,3.1455
07660,39.3781,3.2348
07669,39.387,3.22907
07670,39.42265,3.26215
07680,39.4576,3.2772
07687,39.4576,3.2772
07688,39.4527,3.2681
07689,39.4636,3.2784
07690,39.33693,3.11012
07691,39.36693,3.19205
07700,39.8885,4.2658
07701,39.8885,4.2658
07702,39.8885,4.2658
07703,39.8885,4.2658
07710,39.8526,4.2594
07711,39.8229,4.2349
07712,39.87092,4.2165
07713,39.84133,4.28093
07714,39.8885,4.2658
07720,39.8684,4.2877
07730,39.91525,3.94921
07740,39.97085,4.02093
07748,39.9894,3.9773
07749,39.9236,3.8242
07750,39.96033,3.98727
07760,40.0011,3.8414
07769,39.97671,3.81451
07800,38.9088,1.43065
07810,39.0789,1.514
07811,39.0758,1.591
07812,39.0535,1.4905
07813,38.99152,1.45532
07814,38.999,1.4285
07815,39.0537,1.4369
07816,39.0379,1.3819
07817,39.0535,1.4905
07818,39.0535,1.4905
07819,39.0535,1.4905
07820,38.9807,1.3036
07828,39.0333,1.3333
07829,38.95315,1.26715
07830,38.9419,1.2907
07839,38.9419,1.2907
07840,38.9846,1.5341
07849,39.6792,3.4542
07850,39.0345,1.5653
07860,38.6819,1.4085
07870,38.731,1.4183
07871,38.7148,1.45625
07872,38.67128,1.5431
08001,41.3799,2.1687
08002,41.3823,2.176
08003,41.3831,2.1848
08004,41.3722,2.1593
08005,41.3984,2.2005
08006,41.4008,2.1481
08007,41.3898,2.1643
08008,41.3937,2.1586
08009,41.3953,2.1698
08010,41.3913,2.1749
08011,41.3846,2.1595
08012,41.4023,2.157
08013,41.4007,2.1792
08014,41.376,2.1382
08015,41.379,2.1552
08016,41.4373,2.1795
08017,41.4093,2.1129
08018,41.4039,2.192
08019,41.4158,2.2185
08020,41.4245,2.2091
08021,41.397,2.1423
08022,41.407,2.1346
08023,41.4129,2.1454
08024,41.4112,2.1588
08025,41.4079,2.1705
08026,41.4118,2.1838
08027,41.4225,2.1856
08028,41.378,2.1278
08029,41.3868,2.1424
08030,41.4327,2.2058
08031,41.4324,2.1655
08032,41.4248,2.1599
08033,41.4551,2.1827
08034,41.3859,2.1066
08035,41.4262,2.1413
08036,41.3906,2.1521
08037,41.3998,2.1651
08038,41.359,2.1451
08039,41.3539,2.1578
08040,41.345,2.1272
08041,41.4185,2.1763
08042,41.4434,2.1727
08070,41.3888,2.159
08071,41.3888,2.159
08075,41.3888,2.159
08080,41.3888,2.159
08100,41.5403,2.2131
08104,41.5623,2.1981
08105,41.5167,2.2333
08106,41.5167,2.25
08107,41.5269,2.2375
08110,41.47995,2.19805
08120,41.5172,2.198
08130,41.52743,2.18945
08140,41.62695,2.17815
08146,41.6934,2.1152
08148,41.8692,2.1122
08150,41.5748,2.2331
08160,41.55,2.2419
08170,41.5333,2.2667
08171,41.4667,2.0833
08172,41.4667,2.0833
08173,41.4667,2.0833
08174,41.4667,2.0833
08178,41.8261,2.1754
08180,41.8111,2.0984
08181,41.6098,2.1368
08182,41.7,2.1667
08183,41.74717,2.11027
08184,41.6802,2.1723
08185,41.5905,2.2412
08186,41.6167,2.2333
08187,41.65,2.2333
08188,41.5381,2.2976
08189,41.7281,2.1546
08190,41.4667,2.0833
08191,41.4923,2.033
08192,41.5333,2.0833
08193,41.49775,2.0841
08194,41.5333,2.0833
08195,41.4667,2.0833
08196,41.4667,2.0833
08197,41.4667,2.0833
08198,41.4667,2.0833
08199,41.4883,2.0782
08200,41.5433,2.1094
08201,41.5458,2.1053
08202,41.548,2.1127
08203,41.5374,2.1147
08204,41.5274,2.1163
08205,41.5289,2.0988
08206,41.5525,2.0898
08207,41.5686,2.0897
08208,41.5579,2.1037
08210,41.5159,2.1246
08211,41.6167,2.075
08212,41.6802,2.0541
08213,41.55,2.15
08214,41.5965,2.0982
08220,41.5667,2.0167
08221,41.5635,2.0127
08222,41.5636,2.0268
08223,41.5543,2.0201
08224,41.5601,2.0005
08225,41.5745,2.0079
08226,41.5744,2.0243
08227,41.5684,2.0271
08228,41.55195,2.0295
08230,41.599,2.02657
08231,41.5262,1.9578
08232,41.5558,1.9539
08233,41.6043,1.92
08240,41.725,1.8448
08241,41.7247,1.8282
08242,41.7324,1.8229
08243,41.7322,1.8369
08248,41.725,1.8266
08250,41.7455,1.8048
08251,41.78355,1.84255
08253,41.6833,1.7667
08254,41.7311,1.7317
08255,41.6667,1.7
08256,41.73845,1.6681
08259,41.75285,1.69105
08260,41.8333,1.75
08261,41.91175,1.6857
08262,41.8641,1.714
08263,41.8,1.7333
08269,41.86082,1.70158
08270,41.7524,1.9056
08271,41.798,1.9543
08272,41.75,1.8667
08273,41.8667,2.0333
08274,41.945,2.0212
08275,41.77395,2.0019
08278,41.71935,1.97575
08279,41.8637,1.9709
08280,41.7324,1.514
08281,41.74123,1.6048
08282,41.70015,1.4606
08283,41.7667,1.4333
08289,41.64655,1.5039
08290,41.4911,2.1408
08291,41.4975,2.1576
08292,41.53507,1.80047
08293,41.5701,1.8271
08294,41.5541,1.77405
08295,41.6667,1.8667
08296,41.634,1.8639
08297,41.5688,1.881
08298,41.62955,1.81975
08299,41.6311,1.9046
08300,41.5421,2.4445
08301,41.5421,2.4445
08302,41.5421,2.4445
08303,41.5421,2.4445
08304,41.5421,2.4445
08310,41.553,2.4
08317,41.55,2.35
08318,41.5833,2.4167
08319,41.595,2.4073
08320,41.4874,2.326
08328,41.4944,2.2949
08329,41.498,2.3221
08330,41.4921,2.3652
08338,41.5,2.35
08339,41.5167,2.3667
08340,41.5096,2.3936
08348,41.5206,2.3875
08349,41.5167,2.4
08350,41.5819,2.5494
08358,41.6142,2.5397
08359,41.6167,2.5667
08360,41.5905,2.5812
08370,41.6168,2.6691
08380,41.6466,2.7413
08389,41.65485,2.7321
08390,41.4677,2.2807
08391,41.4796,2.2675
08392,41.5667,2.4833
08393,41.5667,2.5333
08394,41.5785,2.5088
08395,41.6018,2.6174
08396,41.6167,2.6
08397,41.6276,2.6889
08398,41.6411,2.7111
08400,41.608,2.2877
08401,41.6068,2.2866
08402,41.6219,2.295
08403,41.6143,2.2808
08404,41.608,2.2877
08410,41.5534,2.2858
08415,41.6833,2.2333
08416,41.6833,2.2333
08420,41.6197,2.27785
08430,41.5833,2.3333
08440,41.6394,2.3741
08445,41.6833,2.33335
08450,41.6333,2.4
08455,41.6528,2.4413
08458,41.6833,2.3833
08459,41.6667,2.4
08460,41.7,2.45
08461,41.7,2.4333
08469,41.75805,2.39735
08470,41.6859,2.4814
08471,41.6478,2.5097
08472,41.7247,2.4653
08474,41.7315,2.5026
08476,41.6833,2.4833
08479,41.7313,2.44787
08480,41.6641,2.345
08490,41.6975,2.7179
08495,41.7249,2.6742
08500,41.939,2.2454
08503,41.95815,2.21025
08504,41.91573,2.33053
08505,41.91365,2.20285
08506,41.9244,2.282
08507,41.9,2.2833
08508,42.0,2.25
08509,42.0,2.2333
08510,41.9825,2.3112
08511,42.0144,2.3925
08512,42.0141,2.2402
08513,42.0167,2.0333
08514,42.05,2.0333
08515,42.0333,2.0833
08516,41.9853,2.0944
08517,42.025,1.975
08518,41.9333,2.0667
08519,41.94757,2.34233
08520,41.6473,2.2979
08521,41.7278,2.2697
08522,41.8946,2.2437
08529,41.8833,2.1833
08530,41.6829,2.2861
08540,41.7971,2.2217
08550,41.8172,2.2368
08551,41.8504,2.2283
08552,41.8723,2.2869
08553,41.8368,2.2817
08554,41.8383,2.2801
08559,41.8164,2.307
08560,42.0033,2.2846
08569,42.02443,2.41712
08570,42.0463,2.2668
08571,42.0748,2.2968
08572,42.0833,2.3
08573,42.0597,2.2207
08580,42.1,2.2333
08584,42.127,2.2585
08585,42.1079,2.2059
08586,42.0833,2.1333
08587,42.1191,2.1005
08588,42.1113,2.1607
08589,42.0437,2.14243
08590,41.7212,2.273
08591,41.78,2.2458
08592,41.7662,2.2057
08593,41.7375,2.2672
08600,42.1027,1.84595
08604,42.1729,1.9453
08605,42.1549,1.9385
08606,42.1549,1.9385
08607,42.1874,2.0239
08610,42.0667,1.85
08611,42.06343,1.90223
08612,42.019,1.7361
08613,42.1371,1.932
08614,42.0532,1.7723
08617,42.0772,1.7535
08618,42.123,1.7738
08619,42.1356,1.9943
08620,41.3932,2.0069
08629,41.35,1.9833
08630,41.5181,1.90125
08635,41.49395,1.87775
08640,41.5437,1.8941
08650,41.81117,1.90212
08660,41.8634,1.8745
08670,41.9,1.8776
08671,41.899,1.7809
08672,41.875,1.9083
08673,41.8872,1.8686
08680,42.0422,1.87377
08690,41.3674,2.0143
08691,41.6167,1.85
08692,41.9667,1.8833
08693,42.0126,1.8422
08694,42.2292,1.88515
08695,42.2529,1.861
08696,42.2641,1.9954
08697,42.2275,1.7327
08698,42.17004,1.8602
08699,42.2039,1.818
08700,41.5833,1.6191
08710,41.55,1.6167
08711,41.6,1.65
08712,41.55,1.5167
08717,41.6132,1.4299
08718,41.5742,1.5568
08719,41.5538,1.59925
08720,41.35,1.7
08729,41.35,1.7
08730,41.3324,1.6496
08731,41.3833,1.6167
08732,41.3167,1.6167
08733,41.4167,1.7167
08734,41.3258,1.6912
08735,41.3833,1.65
08736,41.4145,1.6506
08737,41.3833,1.5667
08738,41.4148,1.5165
08739,41.4,1.8333
08740,41.4466,1.9719
08750,41.4231,2.03258
08753,41.4239,1.995
08754,41.4365,2.0107
08755,41.474,1.9811
08756,41.4131,1.9691
08757,41.417,1.9197
08758,41.3959,1.9592
08759,41.3894,1.9339
08760,41.4771,1.9221
08769,41.45,1.9
08770,41.43468,1.79298
08773,41.478,1.6122
08775,41.4523,1.6982
08776,41.45,1.7
08777,41.4623,1.6639
08779,41.4712,1.5326
08780,41.4239,1.995
08781,41.5333,1.7667
08782,41.5035,1.8114
08783,41.5012,1.8142
08784,41.49242,1.75418
08785,41.5167,1.7167
08786,41.5348,1.6826
08787,41.53076,1.61058
08788,41.5716,1.6375
08789,41.532,1.6207
08790,41.4482,1.8652
08791,41.4667,1.8333
08792,41.38093,1.7176
08793,41.35,1.7833
08794,41.3667,1.7
08795,41.3544,1.8491
08796,41.3975,1.7846
08797,41.4,1.7
08798,41.3646,1.751
08799,41.3975,1.7846
08800,41.2239,1.7251
08805,41.5433,2.1094
08810,41.2583,1.7678
08811,41.2787,1.7194
08812,41.2564,1.76263
08818,41.3101,1.8119
08820,41.3278,2.0947
08830,41.3436,2.0366
08840,41.3173,2.0124
08849,41.3333,2.0
08850,41.3061,2.0012
08859,41.3309,1.9243
08860,41.24233,1.84343
08870,41.2446,1.7962
08871,41.2351,1.8119
08872,41.2351,1.8119
08880,41.2035,1.6822
08900,41.4301,2.1925
08901,41.4301,2.1925
08902,41.4301,2.1925
08903,41.4301,2.1925
08904,41.4301,2.1925
08905,41.4301,2.1925
08906,41.4301,2.1925
08907,41.4301,2.1925
08908,41.4301,2.1925
08910,41.45,2.2474
08911,41.4519,2.2517
08912,41.4451,2.2412
08913,41.4344,2.2156
08914,41.4458,2.2197
08915,41.4611,2.2461
08916,41.46435,2.2502
08917,41.4518,2.2302
08918,41.4322,2.2211
08920,41.4515,2.2081
08921,41.4515,2.2081
08922,41.4515,2.2081
08923,41.4515,2.2081
08924,41.4515,2.2081
08930,41.4307,2.2186
08940,41.35,2.0833
08950,41.3773,2.0881
08960,41.3849,2.0746
08970,41.3667,2.0667
08980,41.3833,2.05
09001,42.3378,-3.7188
09002,42.337,-3.6929
09003,42.3429,-3.7082
09004,42.3436,-3.6933
09005,42.348,-3.6971
09006,42.3558,-3.6834
09007,42.3537,-3.6637
09070,42.3502,-3.6753
09071,42.3502,-3.6753
09080,42.3502,-3.6753
09100,42.4044,-4.2448
09107,42.32475,-4.22732
09108,42.48072,-4.21741
09109,42.36154,-4.12826
09110,42.28855,-4.13845
09118,42.2274,-4.0086
09119,42.24323,-4.13682
09120,42.5159,-4.009
09121,42.4376,-4.2574
09123,42.39608,-4.02792
09124,42.61557,-4.0736
09125,42.59791,-3.89746
09126,42.7018,-4.0045
09127,42.71772,-4.08693
09128,42.4692,-4.08197
09129,42.56482,-3.91493
09130,42.34455,-3.82615
09131,42.40942,-3.82484
09133,42.48844,-3.94719
09135,42.56168,-4.20637
09136,42.63972,-4.20068
09140,42.43492,-3.69176
09141,42.55599,-3.65944
09142,42.6876,-3.73721
09143,42.71277,-3.8382
09144,42.7432,-3.88974
09145,42.80036,-3.77328
09146,42.84102,-3.73525
09150,42.49249,-3.77332
09159,42.4578,-3.8111
09191,42.40752,-3.61635
09192,42.37356,-3.58178
09193,42.31466,-3.62322
09194,42.25694,-3.60605
09195,42.30302,-3.7453
09196,42.29765,-3.79775
09197,42.40595,-3.7228
09198,42.2821,-3.50255
09199,42.34299,-3.46123
09200,42.6916,-2.9371
09210,42.8003,-3.27493
09211,42.73856,-3.26483
09212,42.802,-3.23221
09213,42.79901,-3.32905
09214,42.74345,-3.0775
09215,42.73992,-2.74541
09216,42.70588,-2.63876
09217,42.71718,-2.71336
09218,42.6858,-2.85193
09219,42.6745,-3.04045
09220,42.2055,-3.9874
09221,42.5949,-4.3303
09226,42.20344,-3.99416
09227,42.29186,-4.009
09228,42.1722,-3.91605
09230,42.31242,-3.87324
09233,42.8535,-3.8806
09239,42.25148,-3.8414
09240,42.5516,-3.3234
09244,42.65853,-3.27326
09245,42.59614,-3.25172
09246,42.62975,-3.42464
09247,42.54048,-3.41525
09248,42.49789,-3.30691
09249,42.63759,-3.33557
09250,42.4205,-3.191
09251,42.6401,-3.2063
09252,42.6731,-3.1884
09253,42.6788,-3.2377
09257,42.3878,-3.3095
09258,42.42821,-3.30544
09259,42.42985,-3.10299
09260,42.3245,-3.2017
09267,42.3427,-3.1179
09268,42.33715,-3.20597
09269,42.3302,-3.2918
09270,42.47905,-3.12565
09271,42.5485,-3.1932
09272,42.4808,-3.1999
09280,42.65915,-3.12025
09285,42.6342,-3.1118
09290,42.4145,-3.5095
09292,42.44096,-3.42067
09293,42.65047,-3.00923
09294,42.7514,-2.93074
09300,41.6966,-3.9291
09310,41.8196,-3.92153
09311,41.7623,-3.9048
09312,41.8161,-4.024
09313,41.7534,-3.9325
09314,41.73492,-3.98676
09315,41.6166,-3.85935
09316,41.674,-3.8674
09317,41.6541,-3.9879
09318,41.61273,-3.9321
09319,41.6668,-3.9412
09320,42.1678,-3.6839
09338,42.1202,-4.0775
09339,42.14625,-3.79575
09340,42.0259,-3.7584
09341,42.0447,-3.82467
09342,42.10457,-4.02507
09343,42.0768,-3.9132
09344,41.9169,-3.913
09345,42.0054,-3.8714
09346,42.0772,-3.54705
09347,42.02717,-3.60001
09348,41.98363,-3.62705
09349,41.93466,-3.73329
09350,41.8392,-3.74573
09351,42.18985,-3.61955
09352,42.1685,-3.6102
09353,41.8599,-3.5591
09354,41.8736,-3.6197
09360,41.9262,-3.7896
09370,41.75463,-3.73613
09390,42.09266,-3.72248
09391,41.6517,-3.7809
09400,41.6704,-3.6892
09410,41.7282,-3.42893
09430,41.8391,-3.3475
09440,41.8222,-3.836
09441,41.7772,-3.8252
09442,41.8189,-3.8432
09443,41.71857,-3.79103
09450,41.73857,-3.59167
09451,41.8385,-3.42148
09453,41.81733,-3.55733
09454,41.7609,-3.40255
09460,41.5756,-3.6974
09461,41.5284,-3.7542
09462,41.56882,-3.78774
09463,41.6213,-3.8306
09471,41.61277,-3.60288
09490,41.6953,-3.47328
09491,41.63745,-3.54818
09493,41.59645,-3.74115
09500,42.9294,-3.488
09510,43.01381,-3.27194
09511,42.95375,-3.13367
09512,42.96338,-3.34769
09513,42.86175,-3.56135
09514,42.99631,-3.44216
09515,42.8733,-3.44767
09530,42.7345,-3.415
09540,42.79805,-3.4051
09549,42.85724,-3.33937
09550,42.9374,-3.573
09551,42.81238,-3.67138
09553,42.97412,-3.53566
09554,42.9034,-3.56065
09555,42.9769,-3.57034
09556,42.95382,-3.59727
09557,42.97375,-3.66008
09558,42.8995,-3.68343
09559,42.79906,-3.56705
09560,43.0775,-3.5536
09566,43.06346,-3.56566
09567,43.06635,-3.58055
09568,43.03685,-3.63075
09569,43.06507,-3.49076
09570,42.9897,-3.9508
09571,42.96482,-3.90804
09572,42.93754,-3.78703
09573,43.02497,-3.79763
09574,43.00689,-3.74256
09580,43.1002,-3.2825
09585,43.11079,-3.23441
09586,43.1546,-3.2707
09587,43.11137,-3.34124
09588,43.08824,-3.18551
09589,43.07777,-3.30922
09591,42.47967,-3.61981
09592,42.58656,-3.51556
09593,42.72769,-3.46546
09594,42.9053,-3.4206
09600,42.0224,-3.2863
09610,41.92874,-3.46117
09611,41.9787,-3.3215
09612,41.92526,-3.29636
09613,42.04911,-3.30398
09614,42.11335,-3.1541
09615,42.12202,-3.20292
09616,41.9523,-3.5358
09617,41.9735,-3.4814
09618,42.0201,-3.2975
09619,41.8537,-3.2265
09620,42.24685,-3.67399
09640,42.12661,-3.40373
09641,42.1301,-3.5684
09642,42.13833,-3.51303
09645,42.1667,-3.5169
09646,42.1392,-3.4369
09647,42.174,-3.5341
09649,42.2014,-3.4389
09650,42.1097,-3.4159
09651,42.1234,-3.4455
09652,42.3805,-3.9335
09653,42.3616,-3.9305
09654,42.3932,-3.8957
09660,41.8705,-3.1761
09670,41.9829,-3.0377
09679,42.0605,-2.9972
09680,41.9639,-3.1279
09690,41.9503,-3.078
09691,41.9706,-3.2172
09692,41.9367,-3.0409
09693,41.9562,-2.9884
10001,39.4765,-6.3722
10002,39.4765,-6.3722
10003,39.4765,-6.3722
10004,39.4765,-6.3722
10005,39.4765,-6.3722
10070,39.4765,-6.3722
10071,39.4765,-6.3722
10080,39.4765,-6.3722
10100,39.1497,-5.9097
10109,39.1513,-5.9084
10110,39.1376,-5.6284
10120,39.3364,-5.4928
10126,39.3866,-5.477
10129,39.4374,-5.4612
10130,39.2849,-5.6998
10131,39.2057,-6.0663
10132,39.1768,-6.0428
10133,39.1687,-5.8851
10134,39.17355,-5.78205
10135,39.2447,-5.7392
10136,39.3794,-5.3887
10137,39.48025,-5.23565
10140,39.4522,-5.3268
10150,39.3595,-6.0029
10160,39.1809,-6.2292
10161,39.1848,-6.1624
10162,39.2358,-6.2914
10163,39.2887,-6.3181
10164,39.378,-6.3483
10170,39.2255,-6.1491
10180,39.2748,-6.1246
10181,39.44,-6.2724
10182,39.3819,-6.2497
10183,39.3659,-6.2207
10184,39.3459,-6.1733
10185,39.3099,-6.085
10186,39.2544,-6.1161
10187,39.2559,-6.1853
10188,39.3451,-6.074
10189,39.2898,-6.01823
10190,39.5611,-6.4194
10191,39.6284,-6.3636
10192,39.7091,-6.3565
10193,39.7171,-6.2815
10194,39.6371,-6.2111
10195,39.45,-6.3833
10198,39.5115,-6.0988
10199,39.602,-6.3016
10200,39.4592,-5.8802
10210,39.4254,-5.7558
10220,39.3981,-5.8495
10230,39.374,-5.7599
10240,39.3507,-5.7346
10250,39.413,-5.6277
10251,39.5276,-5.63
10252,39.5684,-5.7424
10260,39.3363,-5.8456
10261,39.3163,-5.8588
10262,39.2437,-5.814
10263,39.2457,-5.8731
10269,39.2696,-5.98
10270,39.4044,-5.9764
10271,39.382,-6.0479
10272,39.3279,-6.0129
10280,39.3248,-5.9185
10290,39.4801,-5.8759
10291,39.5165,-5.9048
10292,39.4814,-5.8444
10300,39.8916,-5.5406
10310,39.9859,-5.6095
10317,40.0218,-5.6192
10318,40.0606,-5.3783
10319,40.0179,-5.8695
10320,39.7846,-5.485
10328,39.6842,-5.509
10329,39.74847,-5.59025
10330,39.7063,-5.1958
10331,39.6265,-5.2293
10332,39.7259,-5.283
10333,39.7198,-5.3468
10334,39.7413,-5.3873
10335,39.8529,-5.4606
10340,39.6284,-5.4171
10341,39.5839,-5.4133
10350,39.8141,-5.6773
10359,39.73395,-5.68395
10360,39.7269,-5.7436
10370,39.6435,-5.6455
10371,39.6097,-5.5086
10372,39.5705,-5.5406
10373,39.5521,-5.49485
10374,39.511,-5.4392
10380,39.666,-5.8134
10390,39.8524,-5.6768
10391,39.9954,-5.4575
10392,39.8425,-5.3467
10393,39.8366,-5.5231
10394,39.83403,-5.59503
10396,39.7823,-5.4263
10400,40.06,-5.7543
10410,40.0528,-5.8511
10411,40.0517,-5.8212
10412,40.1105,-5.7767
10413,40.047,-5.7728
10414,40.0573,-5.7205
10420,40.0179,-5.8695
10430,40.1054,-5.724
10440,40.1271,-5.7015
10450,40.1291,-5.6608
10459,40.1541,-5.6541
10460,40.1216,-5.6045
10470,40.13,-5.4625
10480,40.1476,-5.3682
10490,40.1227,-5.4954
10491,40.1219,-5.5184
10492,40.1219,-5.5359
10493,40.1009,-5.589
10500,39.4115,-7.2443
10510,39.6066,-7.244
10511,39.6031,-7.1949
10512,39.6387,-7.4062
10513,39.651,-7.4982
10514,39.4787,-7.30755
10515,39.4622,-7.29
10516,39.3812,-7.3196
10519,39.6249,-7.336
10520,39.8868,-5.6819
10521,39.8973,-5.7798
10528,39.8174,-5.8026
10529,39.9426,-5.7466
10530,39.8283,-6.1404
10540,39.8625,-6.2325
10550,39.4224,-6.6926
10560,39.4621,-6.9067
10570,39.4782,-7.0086
10580,39.527,-7.0538
10590,39.8744,-6.1184
10591,39.9313,-5.9072
10592,39.8176,-6.3297
10600,40.0337,-6.0876
10610,40.1936,-5.8065
10611,40.2547,-5.6887
10612,40.2224,-5.7511
10613,40.1776,-5.8309
10614,40.1326,-5.8792
10615,40.1165,-5.8477
10616,40.1104,-5.8988
10617,40.14465,-5.92185
10620,40.3254,-6.2899
10623,40.38235,-6.1735
10624,40.4151,-6.11535
10625,40.45483,-6.2208
10626,40.4074,-6.2454
10627,40.39937,-6.29282
10628,40.43753,-6.2867
10629,40.3573,-6.24592
10630,40.2965,-6.33315
10638,40.34948,-6.36162
10639,40.30755,-6.3984
10640,40.2948,-6.257
10649,40.31003,-6.23293
10650,40.1894,-6.1877
10660,40.2467,-6.2769
10661,40.2056,-6.3279
10662,40.2679,-6.2744
10663,40.2369,-6.2276
10664,40.1994,-6.2492
10665,40.1935,-6.1634
10666,40.1627,-6.278
10667,40.1123,-6.0865
10670,40.0496,-6.214
10671,40.02603,-6.22913
10672,40.0828,-6.2479
10680,39.9796,-6.0461
10690,39.9534,-6.12997
10691,39.9763,-6.26775
10692,39.9436,-6.0704
10693,39.9205,-6.3047
10694,39.7707,-6.0126
10695,39.8475,-6.0295
10696,40.07285,-5.9044
10697,39.9436,-6.0704
10700,40.2708,-5.8672
10710,40.2372,-6.0485
10711,40.2389,-5.9947
10712,40.2383,-6.0217
10720,40.1377,-6.0279
10728,40.1717,-6.0029
10729,40.1377,-6.0025
10730,40.2032,-5.9615
10739,40.2243,-5.9484
10740,40.2598,-5.9289
10748,40.2592,-5.9783
10749,40.2481,-5.92
10750,40.3167,-5.8601
10759,40.3289,-5.8231
10800,39.9866,-6.5358
10810,40.0886,-6.3507
10811,40.01882,-6.39738
10812,40.2016,-6.4061
10813,40.148,-6.4146
10814,40.1422,-6.4268
10815,40.101,-6.4638
10816,40.0938,-6.4101
10817,40.0604,-6.5323
10818,39.98735,-6.6189
10820,39.7911,-6.3927
10828,39.8123,-6.4747
10829,39.85478,-6.37012
10830,39.8972,-6.4668
10839,39.8968,-6.4671
10840,40.0669,-6.659
10848,40.0408,-6.7183
10849,40.0558,-6.6157
10850,40.1712,-6.7209
10857,40.202,-6.7171
10858,40.1788,-6.6264
10859,40.1853,-6.5478
10860,40.2382,-6.5966
10864,40.2233,-6.5769
10865,40.2376,-6.5402
10866,40.3045,-6.4867
10867,40.3223,-6.4713
10868,40.2125,-6.4648
10869,40.2479,-6.4161
10870,39.8223,-6.7733
10879,39.8026,-6.6337
10880,39.8769,-6.8621
10881,39.9156,-6.6692
10882,39.918,-6.6457
10883,39.9177,-6.5617
10890,40.2221,-6.8785
10891,40.2168,-6.8459
10892,40.2124,-6.7953
10893,40.1865,-6.7841
10894,40.1737,-6.7788
10895,40.1141,-6.7921
10896,40.156,-6.6819
10900,39.4851,-6.584
10910,39.4466,-6.5076
10930,39.6229,-6.6526
10940,39.7108,-6.5503
10950,39.6119,-6.7776
10960,39.6596,-6.8212
10970,39.7174,-6.8182
10980,39.7189,-6.8838
10990,39.7403,-6.933
10991,39.7844,-6.9257
11001,36.5298,-6.2947
11002,36.5298,-6.2947
11003,36.5298,-6.2947
11004,36.5298,-6.2947
11005,36.5298,-6.2947
11006,36.5298,-6.2947
11007,36.5298,-6.2947
11008,36.5298,-6.2947
11009,36.5298,-6.2947
11010,36.5298,-6.2947
11011,36.5298,-6.2947
11012,36.5298,-6.2947
11070,36.5298,-6.2947
11071,36.5298,-6.2947
11080,36.5298,-6.2947
11100,36.4698,-6.19945
11110,36.3409,-6.0451
11120,36.3409,-6.0451
11130,36.37833,-6.1179
11138,36.3819,-6.1396
11139,36.38665,-6.19748
11140,36.2772,-6.0885
11149,36.30194,-6.12958
11150,36.2581,-5.978
11158,36.35828,-5.97847
11159,36.19418,-6.0229
11160,36.19195,-5.92095
11170,36.4569,-5.9272
11178,36.5225,-5.8658
11179,36.40404,-5.88412
11180,36.3409,-6.0451
11190,36.3438,-5.813
11200,36.1333,-5.4505
11201,36.1301,-5.4485
11202,36.1371,-5.4516
11203,36.1308,-5.4582
11204,36.1448,-5.4612
11205,36.1577,-5.4515
11206,36.1171,-5.4617
11207,36.1091,-5.4465
11270,36.1333,-5.4505
11271,36.1333,-5.4505
11280,36.1333,-5.4505
11300,36.1681,-5.3478
11310,36.2798,-5.318
11311,36.3001,-5.3039
11312,36.2643,-5.3088
11313,36.1812,-5.3857
11314,36.1765,-5.3753
11315,36.21575,-5.34325
11316,36.2271,-5.3485
11320,36.4666,-5.4116
11330,36.4352,-5.4539
11339,36.38736,-5.42832
11340,36.3429,-5.3187
11349,36.3429,-5.3187
11350,36.3174,-5.4541
11351,36.2777,-5.4287
11360,36.2112,-5.3865
11368,36.208,-5.4029
11369,36.20557,-5.42193
11370,36.18495,-5.49155
11379,36.18539,-5.43292
11380,36.08061,-5.63191
11390,36.1029,-5.637
11391,36.11382,-5.73878
11392,36.1841,-5.7571
11393,36.1448,-5.836
11400,36.72553,-6.15841
11401,36.6865,-6.1361
11402,36.6865,-6.1361
11403,36.6865,-6.1361
11404,36.6865,-6.1361
11405,36.6865,-6.1361
11406,36.6865,-6.1361
11407,36.6865,-6.1361
11408,36.65067,-6.1595
11470,36.6865,-6.1361
11471,36.6865,-6.1361
11480,36.6865,-6.1361
11500,36.59493,-6.21973
11510,36.52935,-6.18945
11518,36.4986,-6.1383
11519,36.5167,-6.2333
11520,36.669,-6.36808
11530,36.6798,-6.2173
11540,36.77613,-6.36143
11549,36.8679,-6.3041
11550,36.7338,-6.4322
11560,36.8701,-6.175
11570,36.6865,-6.1361
11574,36.6865,-6.1361
11579,36.6865,-6.1361
11580,36.6055,-5.799
11590,36.6865,-6.1361
11591,36.6865,-6.1361
11592,36.6865,-6.1361
11593,36.6865,-6.1361
11594,36.65335,-6.0532
11595,36.6226,-5.9866
11596,36.6865,-6.1361
11600,36.6755,-5.4454
11610,36.7602,-5.3684
11611,36.6964,-5.386
11612,36.7002,-5.4211
11620,36.8022,-5.5213
11630,36.72712,-5.80404
11638,36.7638,-5.7799
11639,36.67243,-5.67117
11640,36.8161,-5.7436
11648,36.872,-5.8054
11649,36.8456,-5.7752
11650,36.8598,-5.6448
11659,36.92225,-5.54255
11660,36.7876,-5.5559
11670,36.7581,-5.5053
11679,36.7654,-5.4683
11680,36.8745,-5.42977
11687,36.8548,-5.3233
11688,36.8333,-5.3833
11689,36.9304,-5.4125
11690,36.934,-5.2617
11691,36.9159,-5.2338
11692,36.864,-5.1818
11693,36.9045,-5.1724
12001,40.2108,0.0272
12002,40.2108,0.0272
12003,40.2108,0.0272
12004,40.2108,0.0272
12005,40.2108,0.0272
12006,40.2108,0.0272
12070,40.2108,0.0272
12071,40.2108,0.0272
12080,40.2108,0.0272
12100,40.0439,-0.0143
12110,40.0667,-0.2
12118,40.1577,-0.1652
12119,40.10493,-0.20953
12120,40.1333,-0.2833
12121,40.1382,-0.3889
12122,40.1174,-0.2372
12123,40.11404,-0.37768
12124,40.20165,-0.40405
12125,40.1318,-0.4185
12126,40.1333,-0.5
12127,40.1881,-0.542
12130,40.06363,-0.1459
12131,40.189,-0.2164
12132,40.189,-0.2164
12133,40.189,-0.2164
12134,40.2608,-0.24835
12135,40.2962,-0.2944
12140,40.35,0.0333
12150,40.4288,-0.2577
12159,40.50175,-0.1906
12160,40.3769,-0.1397
12161,40.3821,-0.1259
12162,40.3582,-0.0655
12163,40.33667,-0.16562
12164,40.3821,-0.1259
12165,40.4567,-0.1327
12166,40.3821,-0.1259
12170,40.4647,0.1788
12179,40.4232,0.0779
12180,40.1556,0.0441
12181,40.2108,0.0266
12182,40.2693,-0.0189
12183,40.2318,0.0741
12184,40.2882,0.05075
12185,40.34652,0.1354
12186,40.4179,0.1751
12190,40.042,-0.0708
12191,40.1432,-0.0594
12192,40.1167,-0.05
12193,40.17473,-0.06673
12194,40.1642,-0.0248
12200,39.9644,-0.2626
12210,40.022,-0.277
12220,39.9583,-0.2874
12221,39.9479,-0.3076
12222,39.92827,-0.34192
12223,39.9523,-0.3323
12224,39.98235,-0.38105
12225,40.0083,-0.425
12230,40.0345,-0.34476
12231,40.0549,-0.4628
12232,40.0613,-0.43627
12300,40.6189,-0.1
12310,40.6457,-0.2
12311,40.70343,-0.18085
12312,40.62813,-0.29013
12313,40.6509,-0.1555
12314,40.6588,-0.1254
12315,40.6029,0.0465
12316,40.6099,-0.0952
12317,40.721,-0.0044
12318,40.55775,-0.2393
12319,40.6613,0.01145
12320,40.509,0.3315
12330,40.5245,0.2898
12340,40.6246,-0.0811
12350,40.5514,0.2431
12360,40.5194,0.1583
12370,40.5126,0.1176
12400,39.8508,-0.4881
12410,39.85065,-0.51485
12412,39.83535,-0.45025
12413,39.86435,-0.4291
12414,39.89447,-0.45
12415,39.9322,-0.48195
12420,40.0163,-0.6971
12428,40.08695,-0.60275
12429,39.99945,-0.6995
12430,39.9,-0.7
12431,39.9167,-0.6833
12440,39.9477,-0.5673
12447,40.0333,-0.55
12448,40.06725,-0.51175
12449,39.96193,-0.52107
12450,39.9152,-0.5574
12460,39.9213,-0.5979
12469,39.8884,-0.69374
12470,39.8765,-0.507
12480,39.8162,-0.4293
12489,39.8,-0.4
12490,39.8333,-0.3667
12499,39.85,-0.3167
12500,40.4703,0.4756
12510,40.6,0.35
12511,40.618,0.2217
12512,40.6239,0.1634
12513,40.4716,0.0227
12520,39.8531,-0.1575
12526,39.8722,-0.2136
12527,39.8912,-0.2565
12528,39.8802,-0.3066
12529,39.8602,-0.1412
12530,39.889,-0.085
12539,39.8947,-0.1294
12540,39.9333,-0.1
12549,39.9333,-0.2
12550,39.95,-0.05
12560,40.05,0.0667
12570,40.3,0.2333
12578,40.4537,0.2766
12579,40.25137,0.2827
12580,40.4165,0.4271
12589,40.4626,0.3552
12590,39.7536,-0.224
12591,39.7667,-0.2
12592,39.7822,-0.1876
12593,39.80855,-0.14655
12594,40.1,0.15
12595,40.1354,0.1663
12596,40.20745,0.21
12597,40.3562,0.3026
12598,40.3574,0.4069
12599,40.68478,0.1378
12600,39.8333,-0.2667
12609,39.8373,-0.2694
13001,38.9836,-3.9288
13002,38.984,-3.9369
13003,38.9906,-3.9272
13004,38.9824,-3.9223
13005,38.9828,-3.9292
13070,38.9863,-3.9291
13071,38.9863,-3.9291
13080,38.9863,-3.9291
13100,39.0349,-4.1755
13107,38.9868,-4.116
13108,38.9852,-4.2929
13109,39.0856,-4.6197
13110,39.32635,-4.7145
13113,39.2086,-4.4091
13114,39.22358,-4.32908
13115,39.2575,-4.3674
13116,39.3466,-4.6102
13117,39.4778,-4.84778
13118,39.3466,-4.6102
13120,39.1462,-4.1534
13128,39.16582,-4.2721
13129,39.21754,-4.17154
13130,38.4054,-4.3049
13140,39.1119,-4.10425
13150,39.019,-3.8168
13160,39.0178,-3.751
13170,38.9646,-3.8899
13179,38.5833,-3.8333
13180,38.8803,-4.357
13189,38.7973,-4.4004
13190,38.8579,-4.0814
13191,39.1348,-4.2673
13192,38.8097,-4.2748
13193,39.1996,-4.5506
13194,39.39259,-4.3315
13195,38.95075,-4.01065
13196,39.0416,-4.02345
13200,38.99925,-3.3709
13210,39.2379,-3.4233
13220,38.963,-3.3922
13230,38.9723,-3.3437
13240,38.9428,-3.2366
13247,38.844,-3.2415
13248,38.8992,-3.0526
13249,38.9765,-2.8838
13250,39.0701,-3.6123
13260,38.9069,-3.6635
13270,38.8892,-3.7119
13279,38.8525,-3.7721
13300,38.7613,-3.3848
13310,38.6895,-3.2191
13320,38.7367,-3.0122
13326,38.6972,-2.8648
13327,38.6376,-2.8662
13328,38.6245,-2.9537
13329,38.8415,-2.9922
13330,38.6946,-2.6964
13331,38.7424,-2.7513
13332,38.7495,-2.8717
13333,38.7557,-2.958
13340,38.6179,-2.8079
13341,38.6105,-2.8414
13342,38.5677,-2.926
13343,38.546,-2.998
13344,38.5842,-3.0599
13345,38.6622,-3.0721
13350,38.8299,-3.5781
13360,38.7969,-3.7434
13370,38.7034,-3.7756
13379,38.6193,-3.8837
13380,38.7383,-3.8402
13390,38.7765,-3.2327
13391,38.7533,-3.1341
13400,38.7754,-4.8316
13410,38.9813,-4.8723
13411,38.9386,-4.8292
13412,38.796,-4.8663
13413,38.6786,-4.7902
13414,38.8764,-4.6573
13415,38.565,-4.6767
13420,39.1667,-3.8542
13427,39.3152,-4.05375
13428,39.25613,-3.99553
13429,39.174,-4.0353
13430,38.8543,-4.021
13431,38.8501,-3.964
13432,38.8346,-3.9447
13433,38.8452,-4.0634
13434,38.8461,-3.9983
13440,38.7298,-4.0763
13450,38.659,-4.2937
13459,38.64825,-4.3488
13460,38.6971,-4.3324
13470,38.6982,-4.4258
13473,38.7646,-4.5476
13480,38.7383,-4.7113
13490,38.7266,-4.971
13500,38.688,-4.107
13580,38.7094,-4.1791
13590,38.6145,-4.1398
13591,38.6151,-4.1845
13592,38.5758,-4.0705
13593,38.4672,-4.0752
13594,38.4209,-3.94105
13595,38.7876,-4.1377
13596,38.6452,-4.5195
13597,38.6422,-4.014
13598,38.6679,-4.2284
13600,39.3901,-3.2083
13610,39.4046,-3.1249
13619,39.4046,-3.1249
13620,39.4015,-2.9468
13630,39.2858,-2.7921
13640,39.3674,-3.3548
13650,39.3236,-3.4815
13660,39.2748,-3.5189
13670,39.2208,-3.608
13679,39.2186,-3.5021
13680,39.2284,-3.7749
13690,39.3116,-3.3314
13700,39.1574,-3.0191
13710,39.1292,-3.0925
13720,38.5677,-2.926
13730,38.6424,-3.4665
13739,38.63393,-3.52475
13740,38.6403,-3.3633
13750,38.5393,-3.2757
13760,38.5131,-3.4974
13768,38.4166,-3.4969
13770,38.5221,-3.5635
13779,38.48947,-3.82303
14001,37.8916,-4.7727
14002,37.8916,-4.7727
14003,37.8916,-4.7727
14004,37.8916,-4.7727
14005,37.8916,-4.7727
14006,37.8916,-4.7727
14007,37.8916,-4.7727
14008,37.8916,-4.7727
14009,37.8916,-4.7727
14010,37.8916,-4.7727
14011,37.91242,-4.828
14012,37.8916,-4.7727
14013,37.8916,-4.7727
14014,37.89641,-4.77178
14029,37.85501,-4.84465
14070,37.8916,-4.7727
14071,37.8916,-4.7727
14080,37.8916,-4.7727
14100,37.65705,-4.93065
14110,37.68235,-5.1419
14111,37.70563,-4.96233
14112,37.7115,-5.0706
14113,37.6555,-5.0835
14115,37.6364,-5.0601
14120,37.7051,-5.0999
14129,37.73972,-5.11708
14130,37.7574,-4.9439
14140,37.6817,-4.8534
14150,37.6538,-4.8241
14190,37.8174,-4.7979
14191,37.7909,-4.85265
14192,37.8916,-4.7727
14193,37.8706,-4.8492
14200,38.304,-5.2696
14206,38.4055,-5.3513
14207,38.3711,-5.3511
14208,38.4,-5.4333
14209,38.22655,-5.26058
14210,38.1349,-4.90058
14220,38.19774,-5.01728
14230,38.2,-5.15
14240,38.2723,-5.2083
14249,38.19135,-5.31263
14250,38.3833,-5.0
14260,38.4167,-5.0333
14270,38.5006,-5.1465
14280,38.5757,-5.1665
14290,38.2669,-5.4195
14297,38.3226,-5.559
14298,38.21,-5.48063
14299,38.17518,-5.36582
14300,38.0833,-5.0167
14310,38.1328,-4.8002
14320,38.0572,-4.8588
14330,38.0358,-4.8632
14350,37.8916,-4.7727
14400,38.3781,-4.849
14410,38.474,-4.678
14412,38.4283,-4.7629
14413,38.496,-4.7827
14420,37.9626,-4.5455
14430,38.0283,-4.5226
14439,38.0267,-4.5223
14440,38.3228,-4.6287
14445,38.2705,-4.32385
14446,38.2039,-4.2791
14447,38.3257,-4.3285
14448,38.4088,-4.5011
14449,38.3046,-4.4119
14450,38.4109,-4.8976
14460,38.4441,-4.8953
14470,38.4841,-4.956
14480,38.3856,-4.96755
14490,38.4549,-4.9846
14491,38.5961,-4.9035
14500,37.37423,-4.7482
14510,37.4366,-4.6085
14511,37.4188,-4.588
14512,37.38755,-4.67804
14520,37.6704,-4.7264
14530,37.6484,-4.6987
14540,37.6079,-4.7378
14546,37.5626,-4.8444
14547,37.5973,-4.83435
14548,37.58,-4.7494
14549,37.55945,-4.82693
14550,37.55484,-4.63577
14600,38.19941,-3.12087
14610,37.93944,-4.67633
14620,37.92387,-4.39658
14630,37.9664,-4.4566
14640,37.9811,-4.29
14650,37.89544,-4.38068
14659,37.9315,-4.4121
14660,37.8672,-4.3184
14670,37.7756,-4.2194
14700,37.7002,-5.2812
14709,37.7002,-5.2812
14710,37.84655,-4.89623
14711,37.8458,-4.8917
14719,37.8458,-4.8917
14720,37.8107,-5.0204
14729,37.821,-4.9897
14730,37.8026,-5.1081
14739,37.792,-5.144
14740,38.02754,-5.15178
14749,37.8656,-5.2612
14800,37.4394,-4.19553
14810,37.4439,-4.27463
14811,37.44265,-4.22558
14812,37.4389,-4.0917
14813,37.42232,-4.05157
14814,37.52063,-4.1735
14815,37.50217,-4.141
14816,37.47535,-4.19071
14817,37.41523,-4.17497
14820,37.74462,-4.6453
14830,37.6804,-4.5537
14840,37.6912,-4.4806
14850,37.61668,-4.32308
14857,37.5862,-4.4668
14858,37.6225,-4.3377
14859,37.6703,-4.2385
14860,37.5535,-4.356
14870,37.5435,-4.3149
14880,37.55082,-4.27383
14900,37.40738,-4.4862
14910,37.2683,-4.5412
14911,37.3039,-4.65847
14912,37.2818,-4.4258
14913,37.27413,-4.48867
14914,37.2486,-4.5828
14915,37.2373,-4.5445
14920,37.5148,-4.6572
14930,37.4715,-4.5805
14940,37.39258,-4.24888
14950,37.38312,-4.38087
14960,37.32688,-4.36837
14970,37.2588,-4.31243
14978,37.20671,-4.2994
14979,37.2929,-4.28854
15001,43.3718,-8.3958
15002,43.3779,-8.4012
15003,43.3697,-8.4031
15004,43.3654,-8.4101
15005,43.3607,-8.4091
15006,43.355,-8.3976
15007,43.3563,-8.4124
15008,42.51424,-7.89226
15009,42.86262,-8.10105
15010,42.70387,-8.0102
15011,43.3701,-8.4233
15070,42.3749,-7.8049
15071,42.3749,-7.8049
15080,42.3749,-7.8049
15100,43.21325,-8.6909
15102,43.2062,-8.6714
15105,43.2258,-8.6784
15106,43.21878,-8.7167
15107,43.26862,-8.72538
15108,43.2063,-8.64788
15109,43.16668,-8.6667
15110,43.24974,-8.89998
15111,43.2674,-8.7833
15112,43.269,-8.8878
15113,43.31483,-8.83945
15114,43.25393,-8.9297
15115,43.2167,-8.9167
15116,43.269,-8.8878
15117,43.2201,-9.00593
15118,43.269,-8.8878
15119,43.269,-8.8878
15121,43.1838,-9.1006
15122,43.13318,-9.1733
15123,43.1314,-9.1822
15124,43.03857,-9.15726
15125,43.0827,-9.1825
15126,43.1107,-8.9737
15127,43.0291,-9.0177
15128,43.1064,-9.11
15129,43.1234,-9.0646
15130,42.91795,-8.8426
15137,43.0248,-8.6898
15138,43.0248,-8.6898
15139,43.2384,-8.3843
15140,43.3333,-8.4667
15141,43.2247,-8.6712
15142,43.2247,-8.6712
15143,43.2247,-8.6712
15144,43.3167,-8.5833
15145,43.2571,-8.57306
15146,43.25,-8.6167
15147,43.1872,-8.7414
15148,43.19334,-8.76
15149,43.2247,-8.6712
15150,43.15481,-8.9311
15151,42.94468,-8.80822
15152,43.0185,-8.9111
15153,43.0185,-8.9111
15154,43.0185,-8.9111
15155,42.9056,-9.2629
15160,43.34418,-8.26476
15165,43.3144,-8.2403
15166,43.339,-8.2639
15167,43.339,-8.2639
15168,43.33961,-8.28096
15169,43.37516,-8.27442
15171,43.3313,-8.3608
15172,43.3359,-8.36573
15173,43.3313,-8.3608
15174,43.31717,-8.38315
15175,43.2393,-8.32773
15176,43.3167,-8.3333
15177,43.36283,-8.39377
15178,43.36834,-8.32796
15179,43.33338,-8.35262
15180,43.2528,-8.3868
15181,43.28298,-8.36401
15182,43.2528,-8.3868
15183,43.2167,-8.3667
15184,43.2,-8.3833
15185,43.19831,-8.43669
15186,43.2528,-8.3868
15187,43.2528,-8.3868
15188,43.2167,-8.4333
15189,43.28797,-8.38875
15190,43.3528,-8.40037
15198,43.2879,-8.3886
15199,43.2633,-8.40981
15200,42.84315,-8.8075
15210,42.7915,-8.8944
15211,42.8094,-8.8777
15212,42.7919,-8.8207
15213,42.8094,-8.8777
15214,42.9865,-8.81388
15215,42.8094,-8.8777
15216,42.75,-8.8833
15218,42.7767,-8.9288
15220,42.878,-8.6432
15229,42.878,-8.6432
15230,42.85966,-8.907
15236,42.8748,-8.9233
15237,42.8627,-8.9021
15238,42.89973,-8.96653
15239,42.8748,-8.9233
15240,42.79201,-8.98424
15250,42.7761,-9.06003
15256,42.9403,-8.9719
15258,42.8026,-9.0552
15259,42.788,-9.0722
15270,42.95473,-9.18812
15280,42.8245,-8.8491
15281,42.8333,-8.7333
15282,42.8245,-8.8491
15285,42.8667,-8.75
15286,42.8333,-8.8833
15287,42.8245,-8.8491
15288,42.80158,-8.948
15290,42.8497,-9.1263
15291,42.76127,-9.08433
15292,42.78791,-9.1243
15293,42.8303,-9.09036
15295,42.8614,-9.13306
15296,42.8931,-9.1334
15297,42.9113,-9.1314
15298,42.8497,-9.1263
15299,42.95,-9.1833
15300,43.2803,-8.2111
15310,43.1917,-8.06667
15313,43.2667,-8.2
15314,43.31035,-8.17749
15315,43.3,-7.9667
15316,43.2389,-8.1278
15317,43.2347,-8.0171
15318,43.24221,-8.23221
15319,43.2979,-8.15181
15320,43.4262,-7.9567
15324,43.4262,-7.9567
15325,43.4,-8.0
15326,43.4262,-7.9567
15327,43.4262,-7.9567
15328,43.4262,-7.9567
15329,43.4523,-7.9134
15330,43.6833,-7.85
15332,43.5676,-7.8025
15337,43.61887,-7.80572
15338,43.4833,-7.9167
15339,43.48889,-7.74441
15340,43.3218,-8.1063
15347,43.3218,-8.1063
15349,43.3218,-8.1063
15350,43.6599,-8.0512
15357,43.5487,-8.0679
15358,43.5115,-8.07157
15359,43.5487,-8.0679
15360,43.7421,-7.8683
15365,43.6249,-7.8835
15366,43.6249,-7.8835
15367,43.6249,-7.8835
15368,43.56665,-7.8917
15369,43.6249,-7.8835
15379,43.3218,-8.1063
15380,43.2167,-8.1833
15386,43.2542,-8.2167
15387,43.2542,-8.2167
15388,43.2542,-8.2167
15389,43.26669,-8.22779
15390,43.1333,-8.2
15391,43.10588,-8.29511
15401,43.483,-8.24
15402,43.4842,-8.2335
15403,43.4866,-8.2261
15404,43.4911,-8.2173
15405,43.48816,-8.23442
15406,43.484,-8.2087
15470,43.4832,-8.2369
15471,43.4832,-8.2369
15480,43.4832,-8.2369
15490,43.4832,-8.2369
15500,43.4552,-8.15342
15509,43.4833,-8.1333
15510,43.49954,-8.15931
15520,43.4667,-8.1833
15528,43.4567,-8.1738
15530,43.6167,-8.0
15540,43.5333,-8.2167
15541,43.5542,-8.1875
15542,43.6167,-8.1
15543,43.5542,-8.1875
15550,43.58424,-8.18381
15551,43.6,-8.1667
15552,43.6057,-8.14035
15553,43.6333,-8.1
15554,43.5967,-8.1633
15555,43.5967,-8.1633
15560,43.5333,-8.0667
15561,43.5387,-7.9742
15562,43.5667,-8.0333
15563,43.55,-8.0167
15564,43.55,-7.95
15565,43.5333,-7.9333
15566,43.55,-7.9167
15567,43.5387,-7.9742
15568,43.51305,-7.93845
15569,43.5387,-7.9742
15570,43.5167,-8.1528
15572,43.5167,-8.1528
15573,43.4865,-8.1924
15576,43.3333,-8.3167
15577,43.5,-8.1
15578,43.55,-8.1833
15579,43.375,-8.2667
15580,43.4833,-7.9167
15582,43.4833,-7.9167
15590,43.4832,-8.2369
15591,43.4832,-8.2369
15592,43.49135,-8.25548
15593,43.4902,-8.25568
15594,43.5166,-8.2518
15595,43.50829,-8.2351
15596,43.4971,-8.2313
15597,43.5333,-8.1
15598,43.4971,-8.2313
15600,43.4072,-8.17165
15607,43.3982,-8.1611
15608,43.3833,-8.2167
15609,43.4,-8.13889
15611,43.3914,-8.1943
15612,43.4573,-8.1122
15613,43.466,-8.0331
15614,43.38568,-8.23077
15615,43.3333,-8.3167
15616,43.3828,-8.109
15617,43.3914,-8.1943
15619,43.3333,-8.0167
15620,43.46063,-8.2552
15621,43.3963,-8.21295
15622,43.3957,-8.2111
15623,43.4245,-8.20385
15624,43.42963,-8.24268
15625,43.44535,-8.27875
15626,43.32222,-8.1778
15627,43.4333,-8.1833
15630,43.35,-8.2
15635,43.33983,-8.17532
15637,43.3506,-8.1946
15638,43.3506,-8.1946
15639,43.36013,-8.199
15640,43.30667,-8.2767
15650,43.28576,-8.30021
15656,43.1335,-8.8801
15659,43.2667,-8.3167
15660,43.2948,-8.34642
15668,43.3,-8.3
15669,43.2833,-8.3333
15670,43.3167,-8.3667
15679,43.32643,-8.3367
15680,43.07658,-8.40823
15683,43.0833,-8.55
15684,43.14832,-8.48
15685,43.17239,-8.3141
15686,43.02751,-8.5075
15687,43.0167,-8.5
15688,43.1063,-8.4458
15689,43.07714,-8.4245
15690,43.2352,-8.3403
15701,42.8805,-8.5457
15702,42.8805,-8.5457
15703,42.8805,-8.5457
15704,42.8805,-8.5457
15705,42.8805,-8.5457
15706,42.8805,-8.5457
15707,42.8805,-8.5457
15770,42.8805,-8.5457
15771,42.8805,-8.5457
15780,42.8805,-8.5457
15781,42.8805,-8.5457
15782,42.8805,-8.5457
15800,42.9139,-8.0147
15805,42.7167,-8.5167
15806,42.85,-8.25
15807,43.12082,-8.1625
15808,42.8739,-8.055
15809,42.94859,-7.99911
15810,42.9281,-8.1641
15813,43.03687,-8.0207
15814,43.0054,-8.2111
15815,42.95397,-8.2895
15816,43.05,-8.1333
15817,43.0054,-8.2111
15818,42.98164,-8.16422
15819,43.1441,-8.3118
15820,42.8823,-8.44367
15821,42.95,-8.3833
15822,42.85601,-8.347
15823,42.7167,-8.5167
15824,42.8712,-8.4201
15825,42.8712,-8.4201
15826,42.8805,-8.5457
15828,42.8712,-8.4201
15830,42.9076,-8.73955
15837,43.375,-8.2667
15838,42.90784,-8.74974
15839,42.9407,-8.7143
15840,43.0331,-8.8093
15841,43.0331,-8.8093
15845,43.0393,-8.8768
15846,43.0135,-8.83
15847,43.0265,-8.8311
15848,43.0265,-8.8311
15850,43.375,-8.2667
15851,43.2541,-8.5037
15855,43.2667,-8.3167
15856,43.2541,-8.5037
15857,43.0582,-8.948
15858,43.3167,-8.4833
15859,43.2541,-8.5037
15860,43.0765,-8.8467
15861,42.9054,-8.6916
15862,42.9054,-8.6916
15863,42.9054,-8.6916
15864,42.9,-8.6333
15865,42.8586,-8.69721
15866,42.83313,-8.58429
15870,43.0198,-8.6517
15871,42.9833,-8.6167
15872,42.9667,-8.65
15873,43.02497,-8.6625
15874,43.05,-8.6667
15880,42.77147,-8.37427
15881,42.80384,-8.45426
15882,42.8,-8.3333
15883,42.8075,-8.5599
15884,42.95,-8.49168
15885,42.99729,-8.40632
15886,42.75,-8.5
15887,42.73333,-8.50832
15888,42.9833,-8.4333
15890,42.8805,-8.5457
15892,42.8539,-8.5775
15893,42.75,-8.5
15894,42.8539,-8.5775
15895,42.84811,-8.61867
15896,42.8539,-8.5775
15897,42.8805,-8.5457
15898,42.8539,-8.5775
15899,42.87015,-8.54893
15900,42.7388,-8.6606
15910,42.7426,-8.6542
15911,42.76264,-8.7054
15912,42.7426,-8.6542
15913,42.7426,-8.6542
15914,42.75,-8.6
15915,42.7426,-8.6542
15916,42.7426,-8.6542
15917,42.7388,-8.6606
15920,42.6509,-8.81627
15928,42.65,-8.7833
15930,42.65,-8.9
15937,42.6333,-8.8854
15938,42.65,-8.8833
15939,42.6167,-8.8833
15940,42.7515,-8.6458
15948,42.75231,-8.71871
15949,42.75,-8.5
15959,42.5833,-8.95
15960,42.5535,-8.9909
15965,42.5573,-9.003
15966,42.54265,-8.99505
15967,42.549,-9.0061
15968,42.5608,-8.996
15969,42.5972,-9.037
15970,42.7248,-9.0053
15978,42.7333,-8.9667
15979,42.6981,-9.0214
15980,42.7108,-8.7447
15981,42.7304,-8.7183
15982,42.7108,-8.7447
15983,42.6693,-8.7518
15984,42.6782,-8.7909
15985,42.66843,-8.84826
15990,42.6587,-8.9391
15991,42.6687,-8.85645
15992,42.63443,-8.91143
15993,42.6,-9.0
15994,42.6587,-8.9391
15995,42.6587,-8.9391
15996,42.65477,-9.03
15998,42.6779,-9.0196
15999,42.758,-8.9491
16001,40.0743,-2.1314
16002,40.0751,-2.1426
16003,40.06,-2.1397
16004,40.0612,-2.1299
16070,40.0667,-2.1333
16071,40.0667,-2.1333
16080,40.0667,-2.1333
16100,39.7187,-2.2214
16111,39.7889,-2.24725
16112,39.7246,-2.1603
16113,39.8688,-2.2044
16114,39.65,-2.1667
16118,39.67315,-2.10495
16120,39.7667,-2.15
16122,39.925,-2.1583
16123,39.96893,-2.0905
16140,40.2344,-2.0893
16141,40.3506,-2.11952
16142,40.2972,-2.0215
16143,40.20693,-2.16877
16144,40.35103,-2.22027
16145,40.31632,-2.18075
16146,40.20755,-2.08245
16147,40.2935,-2.1458
16150,40.3871,-1.88205
16152,40.22752,-1.83993
16160,39.9466,-2.5978
16161,39.98695,-2.5537
16162,40.0527,-2.51113
16190,40.13905,-2.30045
16191,40.15407,-2.23202
16192,40.10023,-2.02463
16193,39.9924,-2.05133
16194,40.0564,-2.26317
16195,39.99188,-2.43528
16196,40.0005,-2.262
16200,39.5667,-1.8833
16210,39.6,-1.8
16211,39.4483,-2.0888
16212,39.47177,-2.01497
16214,39.58727,-2.01417
16215,39.7167,-1.8833
16216,39.7833,-2.05753
16220,39.3333,-1.9333
16230,39.4333,-1.9333
16234,39.4,-1.85
16235,39.4443,-1.749
16236,39.3167,-1.8333
16237,39.3551,-1.7167
16238,39.3,-1.7667
16239,39.3911,-2.04
16240,39.499,-1.8975
16250,39.5333,-1.7667
16251,39.5167,-1.6667
16260,39.5357,-1.5951
16269,39.56985,-1.62605
16270,39.4722,-1.6248
16280,39.4407,-1.6515
16290,39.4088,-1.62545
16300,40.042,-1.6486
16311,39.97735,-1.55947
16312,39.8391,-1.4306
16313,39.7412,-1.3256
16315,40.02585,-1.505
16316,40.13235,-1.70477
16317,40.13953,-1.6008
16318,40.1052,-1.47327
16320,39.8491,-1.2842
16321,39.7833,-1.25
16330,39.9073,-1.3677
16336,39.95757,-1.2519
16337,39.97125,-1.36395
16338,39.97025,-1.3967
16339,39.89757,-1.25897
16340,40.01883,-1.84473
16350,39.8833,-1.8
16360,39.8159,-1.86025
16370,39.88335,-1.6
16371,39.7506,-1.5292
16372,39.68335,-1.6
16373,39.7669,-1.70163
16390,39.9321,-1.79473
16393,39.7203,-1.4395
16400,40.0085,-3.0073
16410,39.8422,-2.9972
16411,39.9244,-3.0092
16412,39.9087,-2.9832
16413,39.8975,-2.9613
16414,39.8165,-2.9494
16415,39.7307,-2.9236
16417,39.6039,-2.8267
16420,39.9327,-2.88915
16421,39.7503,-2.8246
16422,39.7007,-2.7543
16423,39.6598,-2.76
16430,39.9205,-2.8049
16431,39.8234,-2.7677
16432,39.7881,-2.6968
16433,39.7491,-2.569
16434,39.7339,-2.4993
16435,39.7277,-2.4146
16440,39.8789,-2.669
16441,39.859,-2.7147
16442,39.8411,-2.5043
16444,39.7831,-2.4202
16452,39.98097,-2.85497
16460,40.1234,-2.9168
16461,40.1652,-2.9496
16463,40.1553,-2.8537
16464,40.0629,-2.8078
16465,40.05435,-2.8693
16470,40.03097,-3.092
16500,40.1441,-2.6908
16510,40.17957,-2.78143
16512,40.3288,-2.76513
16520,40.2264,-2.6933
16521,40.2468,-2.6226
16522,40.2991,-2.5927
16531,40.2248,-2.5053
16532,40.24857,-2.5632
16535,40.3465,-2.639
16537,40.40885,-2.62605
16540,40.1525,-2.5759
16541,40.1062,-2.4837
16542,40.1356,-2.4097
16550,40.06796,-2.66296
16555,40.0377,-2.7367
16600,39.4033,-2.4284
16610,39.3507,-2.324
16611,39.3335,-2.2727
16612,39.30645,-2.38775
16620,39.5146,-2.4927
16621,39.5594,-2.4231
16622,39.6158,-2.4258
16623,39.6593,-2.3803
16630,39.5019,-2.8699
16638,39.485,-2.7457
16639,39.4833,-2.8667
16640,39.5576,-2.7046
16646,39.6824,-2.5089
16647,39.6441,-2.6711
16648,39.6372,-2.5215
16649,39.57883,-2.64107
16650,39.3878,-2.7643
16660,39.4496,-2.6739
16670,39.3763,-2.5748
16700,39.4079,-2.2033
16707,39.37295,-2.1187
16708,39.35,-2.1667
16709,39.4221,-2.30503
16710,39.5093,-2.2092
16720,39.5489,-2.2504
16730,39.6133,-2.2809
16738,39.5429,-2.3036
16739,39.6585,-2.3117
16740,39.6863,-2.3805
16760,39.761,-2.3559
16770,39.8513,-2.3608
16771,39.87197,-2.5243
16779,39.8221,-2.3446
16780,39.8974,-2.33295
16781,39.9258,-2.315
16800,40.4488,-2.3137
16812,40.55078,-2.35806
16813,40.48308,-2.4759
16840,40.2373,-2.2914
16841,40.3661,-2.2772
16842,40.3028,-2.285
16843,40.23735,-2.40535
16850,40.3588,-2.396
16851,40.3362,-2.4619
16852,40.3109,-2.4759
16853,40.3023,-2.4195
16854,40.2987,-2.3928
16855,40.3037,-2.3592
16856,40.3812,-2.5202
16857,40.3685,-2.4941
16860,40.4006,-2.3196
16870,40.5723,-2.0756
16878,40.50137,-2.03402
16879,40.5857,-2.08873
16890,40.46357,-2.20787
16891,40.5368,-2.2102
16892,40.5002,-2.2091
16893,40.5002,-2.2091
17001,41.984,2.8198
17002,41.978,2.8206
17003,41.963,2.8331
17004,41.9823,2.8265
17005,41.9729,2.8111
17006,41.9756,2.8052
17007,41.9942,2.8309
17070,41.9831,2.8249
17071,41.9831,2.8249
17080,41.9831,2.8249
17100,42.0276,2.8187
17110,41.95023,3.05743
17111,41.9689,3.0495
17113,41.9763,3.08075
17114,42.0011,3.0677
17115,41.978,3.0447
17116,41.95,3.0167
17117,41.95,3.0
17118,41.9689,3.0495
17120,42.01496,2.9808
17121,41.99105,3.023
17123,41.9522,3.1272
17124,41.9333,3.1333
17130,42.12532,3.13313
17131,42.0167,3.0167
17132,42.0363,3.0002
17133,42.02767,3.04713
17134,42.0722,3.0572
17136,42.1039,3.0839
17137,42.1334,3.075
17140,42.05,3.1167
17141,42.0793,3.1075
17142,42.0619,3.0459
17143,42.0735,3.0103
17144,42.0848,2.987
17150,42.0448,2.6647
17151,42.0153,2.7177
17152,42.0167,2.7167
17153,42.05085,2.651
17154,42.0902,2.5869
17160,41.9562,2.636
17161,41.94603,2.55533
17162,41.96687,2.7502
17164,41.9762,2.67785
17165,41.9692,2.624
17166,41.98167,2.5645
17170,42.0097,2.603
17171,42.0141,2.5444
17172,42.0667,2.5833
17173,42.0858,2.5411
17174,42.0969,2.5213
17175,42.0975,2.4939
17176,42.1212,2.4209
17177,42.1,2.45
17178,42.14643,2.44528
17179,42.0958,2.5029
17180,41.95515,2.7838
17181,41.9384,2.76195
17182,41.9333,2.75
17183,41.9132,2.7337
17184,41.9072,2.7467
17185,41.8833,2.75
17190,41.9737,2.7902
17199,42.07177,2.75
17200,41.9238,3.172
17210,41.8833,3.1833
17211,41.8948,3.1949
17212,41.9185,3.2054
17213,41.9333,3.1833
17214,41.9073,3.192
17220,41.7845,3.0241
17230,41.85755,3.1312
17240,41.83291,2.92049
17241,41.9598,2.8408
17242,41.94735,2.88422
17243,41.92435,2.85395
17244,41.8878,2.8752
17245,41.8357,2.9806
17246,41.815,2.9625
17248,41.7937,3.0536
17249,41.8844,2.9093
17250,41.8167,3.0667
17251,41.8634,3.0752
17252,41.8457,3.0997
17253,41.89025,3.1382
17255,41.95053,3.21539
17256,41.97897,3.1312
17257,42.02525,3.10635
17258,42.0534,3.1977
17300,41.6767,2.788
17310,41.6999,2.8456
17320,41.7167,2.9333
17400,41.7498,2.559
17401,41.8167,2.5167
17402,41.8438,2.528
17403,41.8782,2.5131
17404,41.7833,2.5167
17405,41.8691,2.4178
17406,41.8477,2.38985
17410,41.81317,2.73877
17411,41.7902,2.782
17412,41.7833,2.7333
17420,41.8133,2.7267
17421,41.8288,2.69155
17430,41.8667,2.6667
17441,41.9025,2.68415
17442,41.8786,2.6234
17443,41.8786,2.6234
17444,41.8573,2.5635
17445,41.8786,2.6234
17450,41.744,2.6332
17451,41.7833,2.5833
17452,41.7653,2.6532
17453,41.7743,2.6451
17454,41.4,2.2
17455,41.7743,2.6451
17456,41.7743,2.6451
17457,41.8933,2.8045
17458,41.9316,2.8091
17459,41.894,2.8319
17460,42.0333,2.8833
17461,42.1105,2.9566
17462,42.01078,2.93582
17463,42.05833,2.95833
17464,42.07305,2.93688
17465,42.12217,2.9453
17466,42.10227,3.00938
17467,42.1437,2.98425
17468,42.14499,2.89237
17469,42.22926,3.00139
17470,42.16905,3.05185
17472,42.16325,3.0721
17473,42.1492,3.0263
17474,42.1867,3.03463
17475,42.168,3.0005
17476,42.18397,2.96423
17480,42.26848,3.19372
17481,42.05,2.8667
17482,42.05,2.8667
17483,42.15177,2.92983
17484,42.2688,2.995
17485,42.2658,3.0184
17486,42.2567,3.0745
17487,42.2507,3.1148
17488,42.2913,3.2816
17489,42.3295,3.1768
17490,42.3724,3.15285
17491,42.3087,3.0101
17492,42.2805,3.0432
17493,42.3109,3.0678
17494,42.3065,3.1142
17495,42.3078,3.1469
17496,42.3949,3.1525
17497,42.4267,3.159
17500,42.1995,2.1917
17510,42.1574,2.1417
17512,42.185,2.1552
17513,42.1652,2.0678
17514,42.1566,2.0339
17515,42.1228,2.3098
17520,42.4242,1.9203
17527,42.4667,1.98363
17528,42.44655,1.88523
17529,42.413,1.9495
17530,42.23497,2.1679
17531,42.25,2.1
17532,42.3505,1.9718
17533,42.3505,1.9718
17534,42.3159,2.17312
17535,42.31655,2.10215
17536,42.32386,2.05536
17537,42.3391,1.9457
17538,42.37688,1.88528
17539,42.40821,1.83024
17600,42.2651,2.9618
17700,42.4191,2.8734
17706,42.3144,2.93
17707,42.3985,2.8231
17708,42.4218,2.9251
17709,42.3903,2.8751
17710,42.2968,2.8899
17720,42.386,2.7481
17721,42.386,2.7481
17722,42.3675,2.8331
17723,42.3338,2.87573
17730,42.2962,2.9114
17731,42.31025,2.8382
17732,42.3198,2.7889
17733,42.3043,2.72
17734,42.3043,2.72
17740,42.248,2.9388
17741,42.26677,2.8571
17742,42.2498,2.9151
17743,42.2547,2.8896
17744,42.22855,2.8658
17745,42.2477,2.8137
17746,42.23347,2.79652
17747,42.1887,2.8438
17750,42.3736,2.9203
17751,42.3692,2.9803
17752,42.3596,3.0003
17753,42.3912,3.0006
17754,42.3744,2.9859
17755,42.3789,3.0283
17760,42.283,2.9815
17761,42.3081,2.9768
17762,42.3417,2.953
17763,42.3508,2.9726
17770,42.21933,2.934
17771,42.2333,2.9524
17772,42.2183,2.9076
17773,42.17637,2.91983
17780,42.3436,3.0632
17781,42.3754,3.0677
17800,42.1812,2.4834
17810,42.1696,2.4994
17811,42.14334,2.54374
17812,42.1804,2.5163
17813,42.1569,2.5301
17820,42.1167,2.7671
17830,42.14157,2.6421
17831,42.11667,2.675
17832,42.17476,2.8034
17833,42.13934,2.79686
17834,42.09607,2.74808
17840,42.0973,2.812
17843,42.0973,2.812
17844,42.10252,2.81527
17845,42.0652,2.8461
17846,42.105,2.7815
17850,42.20043,2.69633
17851,42.2183,2.6304
17852,42.1702,2.7439
17853,42.23808,2.63024
17854,42.2167,2.6167
17855,42.23,2.5963
17856,42.2432,2.5581
17857,42.20673,2.5261
17858,42.2183,2.6304
17860,42.2333,2.2852
17861,42.27027,2.24653
17862,42.1966,2.3034
17863,42.312,2.3456
17864,42.2611,2.3658
17866,42.312,2.3456
17867,42.32222,2.41016
17868,42.36752,2.40647
17869,42.33016,2.30864
18001,37.178,-3.601
18002,37.1753,-3.6041
18003,37.1807,-3.6134
18004,37.1715,-3.6074
18005,37.17,-3.6003
18006,37.162,-3.5987
18007,37.1546,-3.601
18008,37.1616,-3.5859
18009,37.1727,-3.5926
18010,37.1823,-3.5935
18011,37.202,-3.6029
18012,37.1878,-3.603
18013,37.2004,-3.6099
18014,37.1933,-3.6156
18015,37.1912,-3.6255
18016,37.13415,-3.6118
18070,37.1882,-3.6067
18071,37.1882,-3.6067
18080,37.1882,-3.6067
18100,37.1359,-3.6222
18101,37.1737,-3.6916
18102,37.1695,-3.66535
18110,37.136,-3.66692
18120,37.0069,-3.9896
18125,36.9581,-4.1214
18126,36.958,-3.8936
18127,36.9461,-3.86357
18128,36.9742,-4.1446
18129,37.0854,-3.94468
18130,37.0622,-3.7613
18131,37.0684,-3.8198
18132,37.0302,-3.8287
18140,37.1178,-3.5846
18150,37.1046,-3.6056
18151,37.1191,-3.6077
18152,37.0728,-3.6013
18160,37.1599,-3.4386
18170,37.2374,-3.5669
18179,37.2315,-3.5538
18180,37.3204,-3.3319
18181,37.34747,-3.3294
18182,37.1882,-3.6067
18183,37.3048,-3.4289
18184,37.218,-3.4809
18190,37.1601,-3.5355
18191,37.15825,-3.4917
18192,37.18915,-3.475
18193,37.13463,-3.54877
18194,37.145,-3.6462
18195,37.1536,-3.6707
18196,37.0963,-3.395
18197,37.2207,-3.60575
18198,37.1462,-3.5701
18199,37.1338,-3.5727
18200,37.2071,-3.6359
18210,37.23165,-3.62915
18211,37.2753,-3.5731
18212,37.2576,-3.5969
18213,37.2206,-3.5936
18214,37.2591,-3.5777
18220,37.2304,-3.65515
18230,37.2238,-3.6877
18240,37.2523,-3.7503
18247,37.3396,-3.7865
18248,37.4183,-3.48155
18249,37.36283,-3.7966
18250,37.2345,-3.8198
18260,37.341,-3.879
18270,37.3231,-4.009
18280,37.3248,-4.1575
18290,37.26513,-3.66287
18291,37.25643,-3.79697
18293,37.2445,-3.8513
18295,37.2715,-4.2292
18300,37.16853,-4.15113
18310,37.1498,-4.0657
18311,37.2635,-4.15563
18312,37.2192,-4.148
18313,37.1547,-4.2077
18314,37.159,-4.20205
18320,37.1886,-3.7189
18327,37.1952,-3.8328
18328,37.18427,-3.87717
18329,37.16387,-3.7815
18330,37.21543,-3.7496
18339,37.19995,-3.8023
18340,37.2196,-3.7825
18350,37.2626,-3.9137
18360,37.1983,-4.0469
18369,37.2145,-4.014
18370,37.1672,-3.965
18380,37.2383,-3.9665
18381,37.2274,-3.945
18400,36.9026,-3.4238
18410,36.92367,-3.40977
18411,36.9407,-3.3606
18412,36.949,-3.3562
18413,36.9614,-3.3601
18414,36.93039,-3.3192
18415,36.9419,-3.3107
18416,36.938,-3.2944
18417,37.0004,-3.2654
18418,36.9044,-3.41608
18420,36.9185,-3.4818
18430,36.9166,-3.2776
18438,36.90915,-3.28945
18439,36.9316,-3.2541
18440,36.9459,-3.1802
18448,36.95705,-3.15815
18449,36.9291,-3.2128
18450,36.9768,-3.15355
18451,36.9768,-3.1907
18452,36.9487,-3.2248
18460,36.9814,-3.1193
18470,36.99655,-3.07595
18480,36.94607,-3.05827
18490,36.8864,-3.109
18491,36.8656,-3.0568
18492,36.90997,-3.10577
18494,36.99787,-3.02207
18500,37.2986,-3.1368
18510,37.2377,-3.1047
18511,37.27842,-3.02716
18512,37.1785,-2.98873
18513,37.1724,-3.0355
18514,37.1598,-3.0721
18515,37.39807,-3.18753
18516,37.26585,-3.22085
18517,37.26815,-3.1841
18518,37.19708,-3.14148
18519,37.30545,-3.1791
18520,37.5813,-3.2445
18530,37.5029,-3.2313
18538,37.5989,-3.11985
18539,37.5572,-3.0887
18540,37.44422,-3.28584
18550,37.3923,-3.5272
18560,37.5572,-3.3996
18561,37.5722,-3.5053
18562,37.4098,-3.3741
18563,37.491,-3.33855
18564,37.3715,-3.7135
18565,37.4824,-3.6177
18566,37.4274,-3.6835
18567,37.485,-3.5307
18568,37.4446,-3.4386
18569,37.46595,-3.74335
18570,37.3259,-3.5946
18600,36.74547,-3.51035
18610,36.7716,-3.5658
18611,36.7859,-3.6078
18612,36.8,-3.639
18613,36.72255,-3.54305
18614,36.7581,-3.41157
18615,36.84345,-3.59642
18616,36.79175,-3.4652
18620,37.1088,-3.6456
18630,37.0885,-3.6332
18640,37.0251,-3.6274
18650,36.9879,-3.566
18656,36.94637,-3.54893
18657,36.9776,-3.5395
18658,36.92624,-3.57728
18659,36.96968,-3.59928
18660,36.8605,-3.5726
18670,36.8324,-3.5154
18680,36.74515,-3.59435
18690,36.7375,-3.68075
18697,36.7342,-3.7416
18698,36.8158,-3.6798
18699,36.8162,-3.67125
18700,36.792,-3.203
18708,36.8277,-3.2114
18710,36.82497,-3.32967
18711,36.80925,-3.3482
18713,36.7737,-3.25185
18720,36.7035,-3.4883
18730,36.70155,-3.42875
18740,36.7257,-3.355
18750,36.74867,-3.2964
18760,36.7485,-3.1707
18770,36.7484,-3.1539
18800,37.4878,-2.7742
18810,37.4364,-2.7239
18811,37.5429,-2.842
18812,37.5285,-2.9081
18813,37.6076,-2.9294
18814,37.66515,-2.79115
18815,37.6278,-2.8195
18816,37.7957,-2.7798
18817,37.6088,-2.6976
18818,37.717,-2.6406
18820,37.5745,-2.733
18830,37.811,-2.5412
18840,37.7433,-2.5512
18850,37.5841,-2.5757
18858,37.7206,-2.479
18859,37.57485,-2.4612
18860,37.4995,-2.94793
18870,37.40615,-2.95595
18880,37.3736,-3.0638
18890,37.4793,-3.0418
18891,37.56287,-2.58927
19001,40.6332,-3.1662
19002,40.626,-3.1609
19003,40.629,-3.1707
19004,40.6587,-3.1833
19005,40.6404,-3.1558
19070,40.6286,-3.1618
19071,40.6286,-3.1618
19080,40.6286,-3.1618
19100,40.4182,-2.923
19110,40.321,-3.1069
19111,40.3575,-2.9671
19112,40.3242,-3.01925
19113,40.3652,-3.0945
19114,40.262,-3.0098
19115,40.2972,-2.9819
19116,40.2449,-3.042
19117,40.3081,-2.8427
19118,40.3293,-2.8504
19119,40.36103,-2.92562
19120,40.4808,-2.7334
19125,40.4696,-2.6096
19126,40.5453,-2.4931
19127,40.52463,-2.55682
19128,40.60569,-2.66896
19129,40.55127,-2.64893
19130,40.5175,-2.7925
19131,40.5803,-2.8192
19132,40.4914,-2.85055
19133,40.627,-2.75431
19134,40.56285,-2.92355
19135,40.5288,-3.0282
19139,40.5803,-2.8192
19140,40.5665,-3.0663
19141,40.49735,-3.10585
19142,40.6379,-3.01175
19143,40.61842,-2.88066
19144,40.51513,-2.9364
19145,40.4916,-3.0164
19150,40.6386,-3.1205
19151,40.6523,-3.0545
19152,40.6799,-3.0444
19153,40.667,-2.9969
19160,40.5716,-3.1868
19161,40.4953,-3.1814
19162,40.46227,-3.17353
19163,40.5236,-3.1799
19170,40.6637,-3.3351
19171,40.6338,-3.2294
19174,40.6594,-3.3299
19180,40.6683,-3.2025
19182,40.7486,-3.2877
19184,40.85343,-3.36997
19185,40.69728,-3.3184
19186,40.8216,-3.4037
19187,40.8422,-3.463
19188,40.7902,-3.3433
19190,40.7428,-3.0304
19192,40.8083,-2.94295
19193,40.6535,-3.1273
19196,40.85169,-2.90416
19197,40.76037,-3.07835
19198,40.7042,-3.1232
19200,40.559,-3.2639
19208,40.5959,-3.24615
19209,40.5956,-3.28635
19210,40.7514,-3.1626
19219,40.80465,-3.2517
19220,40.9679,-3.2329
19222,40.9991,-3.2474
19223,41.07703,-3.30923
19224,41.1293,-3.2333
19225,40.98604,-3.25224
19226,40.8032,-3.1751
19227,40.84697,-3.17633
19229,40.8842,-3.15726
19230,40.9473,-3.0885
19237,40.97973,-3.10491
19238,41.11143,-3.15876
19239,40.9851,-3.0971
19240,40.9256,-2.925
19242,41.0834,-3.0034
19243,41.10218,-3.01649
19244,41.1475,-3.10765
19245,41.02241,-2.86977
19246,40.92693,-2.94556
19247,40.93033,-2.9572
19248,40.8246,-3.0486
19250,41.0682,-2.6411
19260,41.0357,-2.4665
19261,40.9723,-2.48552
19262,41.0484,-2.54765
19263,41.09973,-2.54123
19264,41.13466,-2.58436
19265,41.10785,-2.6675
19266,41.10421,-2.73021
19267,41.02565,-2.6765
19268,40.96464,-2.62094
19269,41.16783,-2.71359
19270,41.1986,-2.8709
19274,41.2816,-3.2156
19275,41.23196,-3.12834
19276,41.24556,-2.92146
19277,41.22272,-2.7814
19278,41.15897,-2.91137
19280,41.0475,-2.2048
19281,41.05173,-2.1244
19283,41.02736,-2.3947
19285,41.0269,-2.2769
19286,40.9947,-2.15555
19287,41.01847,-2.01139
19290,40.7258,-3.1763
19292,40.8838,-3.06325
19294,40.95526,-2.7777
19295,41.02843,-2.781
19300,40.8436,-1.8876
19310,40.6063,-1.7878
19311,40.557,-1.7271
19312,40.68097,-1.86453
19313,40.5934,-1.9095
19314,40.69737,-1.9683
19315,40.6391,-1.8704
19320,40.6026,-1.6364
19323,40.6704,-1.5933
19324,40.7336,-1.6176
19325,40.68667,-1.69033
19326,40.7767,-1.6498
19327,40.7796,-1.5707
19328,40.8022,-1.71723
19332,41.1067,-1.98645
19333,41.0206,-1.9327
19334,41.0333,-1.9255
19336,40.9476,-1.9253
19337,40.9653,-1.9004
19338,40.9718,-1.7977
19339,40.9441,-1.8045
19340,40.8663,-1.9374
19341,40.8431,-1.9784
19342,40.8882,-1.9601
19343,40.9016,-1.9777
19344,40.9349,-2.0448
19345,40.70005,-2.21425
19346,40.9511,-2.1018
19350,40.8434,-1.809
19351,40.8269,-1.796
19352,40.7849,-1.7934
19353,40.7907,-1.7719
19354,40.8065,-1.7852
19355,40.7495,-1.8071
19356,40.7393,-1.7827
19357,40.7434,-1.737
19360,40.8838,-1.685
19361,40.915,-1.6834
19362,40.8852,-1.7746
19363,40.8908,-1.8039
19390,40.77129,-1.96274
19391,40.79057,-1.8429
19392,40.81587,-2.01797
19400,40.761,-2.87
19411,40.66738,-2.90483
19412,40.72276,-2.97086
19413,40.77676,-2.79459
19420,40.7829,-2.6231
19429,40.75787,-2.5671
19431,40.78562,-2.48997
19432,40.8437,-2.43734
19441,40.87237,-2.29235
19442,40.8984,-2.2287
19443,40.86493,-2.2261
19444,40.842,-2.18285
19445,40.92708,-2.37616
19450,40.7005,-2.5934
19458,40.7161,-2.6347
19459,40.7211,-2.64854
19460,40.6796,-2.2514
19461,40.76,-2.29075
19462,40.6656,-2.07
19463,40.6433,-2.029
19490,40.83465,-2.74266
19491,40.82138,-2.65997
19492,40.66464,-2.47774
19493,40.60215,-2.4904
19495,40.76205,-2.20155
20001,43.3128,-1.975
20002,43.3128,-1.975
20003,43.3128,-1.975
20004,43.3128,-1.975
20005,43.3128,-1.975
20006,43.3128,-1.975
20007,43.3128,-1.975
20008,43.3113,-2.0057
20009,43.3128,-1.975
20010,43.3128,-1.975
20011,43.3128,-1.975
20012,43.3128,-1.975
20013,43.3128,-1.975
20014,43.3128,-1.975
20015,43.3128,-1.975
20016,43.3128,-1.975
20017,43.3128,-1.975
20018,43.299,-1.9879
20070,43.3128,-1.975
20071,43.3128,-1.975
20080,43.3128,-1.975
20100,43.29723,-1.90183
20110,43.32138,-1.9212
20115,43.2825,-1.9467
20120,43.2641,-1.96945
20128,43.23817,-1.93487
20130,43.2473,-1.9917
20140,43.21508,-2.01756
20150,43.19172,-2.0526
20159,43.19223,-2.09591
20160,43.27384,-2.01634
20170,43.27258,-2.04684
20180,43.29641,-1.85878
20200,43.05117,-2.2037
20210,43.033,-2.18063
20211,42.99697,-2.1784
20212,43.0315,-2.2104
20213,42.99055,-2.23855
20214,43.01383,-2.2662
20215,42.97064,-2.28508
20216,43.0432,-2.2555
20217,43.04975,-2.27945
20218,43.07465,-2.2353
20220,43.0274,-2.32877
20230,43.0536,-2.3355
20240,43.0546,-2.1766
20247,43.0385,-2.1506
20248,43.0605,-2.1517
20249,43.0687,-2.1642
20250,43.085,-2.1483
20259,43.0694,-2.1284
20260,43.10273,-2.10097
20267,43.10145,-2.12865
20268,43.06268,-2.07616
20269,43.0637,-2.1097
20270,43.1601,-2.0704
20271,43.1669,-2.0684
20280,43.36269,-1.8035
20300,43.339,-1.7894
20301,43.344,-1.8055
20302,43.3401,-1.7923
20303,43.3347,-1.8009
20304,43.32405,-1.77335
20305,43.334,-1.8134
20400,43.13268,-2.0798
20490,43.0983,-2.02345
20491,43.1251,-2.04257
20492,43.124,-1.9787
20493,43.1431,-2.01133
20494,43.16375,-2.09685
20495,43.1289,-2.1382
20496,43.14143,-2.16363
20500,43.067,-2.50637
20530,43.0065,-2.55532
20540,43.0174,-2.5277
20550,43.02982,-2.4991
20560,43.0314,-2.4119
20567,42.98825,-2.4254
20568,43.0149,-2.4238
20569,43.0364,-2.42171
20570,43.12172,-2.41235
20577,43.0982,-2.3805
20578,43.1134,-2.4716
20579,43.1347,-2.4604
20580,43.1553,-2.4063
20590,43.1729,-2.413
20600,43.19015,-2.44952
20690,43.1378,-2.4874
20700,43.0894,-2.31545
20709,43.06855,-2.26903
20710,43.0886,-2.3141
20720,43.1882,-2.29235
20730,43.1789,-2.27405
20737,43.16204,-2.18141
20738,43.14253,-2.25073
20739,43.1339,-2.1994
20740,43.232,-2.2693
20749,43.26052,-2.24391
20750,43.2958,-2.2573
20759,43.2851,-2.23695
20800,43.2668,-2.17286
20808,43.29682,-2.21248
20809,43.23434,-2.14793
20810,43.2707,-2.11995
20820,43.2942,-2.3542
20829,43.2634,-2.3317
20830,43.30084,-2.39493
20850,43.2521,-2.38806
20860,43.216,-2.4133
20870,43.208,-2.414
21001,37.2566,-6.9551
21002,37.2686,-6.9524
21003,37.2548,-6.9436
21004,37.2628,-6.9453
21005,37.2753,-6.9388
21006,37.2614,-6.9362
21007,37.2617,-6.9266
21070,37.2714,-6.9495
21071,37.2714,-6.9495
21080,37.2714,-6.9495
21100,37.1821,-6.9661
21110,37.2674,-7.0241
21120,37.2735,-6.9914
21122,37.2754,-7.0015
21130,37.1142,-6.7644
21200,37.8928,-6.563
21207,37.87077,-6.52237
21208,37.9263,-6.5952
21209,37.88522,-6.49805
21210,37.8338,-6.3411
21220,37.8333,-6.45
21230,37.9101,-6.8215
21239,37.9611,-6.83945
21240,37.9442,-6.9539
21250,37.9675,-7.2189
21260,37.9,-6.2167
21270,37.96045,-6.33295
21280,38.0167,-6.4167
21290,37.89827,-6.7398
21291,37.94338,-6.71572
21292,37.90445,-6.6614
21300,37.6544,-6.8791
21309,37.602,-6.8501
21310,37.7142,-6.8555
21319,37.8787,-6.7722
21320,37.7354,-6.9369
21330,37.78735,-6.88317
21340,37.8741,-6.6654
21342,37.88149,-6.77353
21350,37.874,-6.7887
21359,37.8678,-6.73193
21360,37.9273,-6.771
21380,38.0621,-6.6449
21386,38.078,-6.7445
21387,38.0392,-6.6225
21388,38.01225,-6.5527
21390,38.1363,-6.8715
21400,37.2154,-7.4037
21409,37.17885,-7.3577
21410,37.2009,-7.3215
21420,37.2257,-7.3148
21430,37.2219,-7.2705
21440,37.2557,-7.2025
21449,37.20755,-7.21985
21450,37.2836,-7.1527
21459,37.2169,-7.0949
21500,37.3763,-6.969
21510,37.4452,-7.106
21520,37.5486,-7.1154
21530,37.6046,-7.1183
21540,37.4994,-7.2912
21550,37.6143,-7.2488
21559,37.6143,-7.2488
21560,37.7403,-7.3442
21570,37.7967,-7.1874
21580,37.7036,-7.07935
21590,37.3023,-7.3428
21591,37.3877,-7.3491
21592,37.6278,-7.0236
21593,37.5068,-7.2697
21594,37.52285,-7.45465
21595,37.4727,-7.4655
21600,37.54845,-6.7724
21609,37.49065,-6.82315
21610,37.3167,-6.8414
21620,37.3831,-6.8349
21630,37.427,-6.7932
21639,37.3906,-6.7389
21640,37.6801,-6.6598
21647,37.62984,-6.6268
21649,37.69367,-6.73873
21650,37.6938,-6.6291
21660,37.6969,-6.5943
21668,37.76765,-6.54105
21669,37.7441,-6.5588
21670,37.6952,-6.5483
21700,37.386,-6.5523
21710,37.3413,-6.5397
21720,37.2047,-6.5142
21730,37.2605,-6.5173
21740,37.2906,-6.3808
21750,37.1299,-6.4849
21760,37.0096,-6.56375
21800,37.2749,-6.8375
21810,37.2346,-6.8947
21819,37.2113,-6.9174
21820,37.304,-6.7293
21830,37.3224,-6.6817
21840,37.3622,-6.6805
21850,37.3861,-6.6058
21860,37.3973,-6.4746
21870,37.4084,-6.3887
21880,37.4195,-6.4025
21890,37.3919,-6.4386
21891,37.3573,-6.3909
22001,42.1384,-0.4051
22002,42.1383,-0.4082
22003,42.1391,-0.4129
22004,42.1354,-0.4167
22005,42.1317,-0.4068
22006,42.1435,-0.3959
22070,42.1362,-0.4087
22071,42.1362,-0.4087
22080,42.1362,-0.4087
22100,42.0192,-0.4332
22110,41.99445,-0.23405
22111,42.0945,-0.356
22112,42.0506,-0.3371
22113,42.0323,-0.2869
22120,42.1239,-0.2807
22121,42.1549,-0.2565
22122,42.1389,-0.21153
22123,42.1111,-0.153
22124,42.0722,-0.0795
22125,42.0056,-0.0477
22126,41.99,-0.0449
22131,41.9434,-0.006
22132,41.9921,-0.09903
22133,42.0506,-0.168
22134,42.0917,-0.1935
22135,42.0757,-0.28152
22140,42.16945,-0.29905
22141,42.19823,-0.20205
22142,42.16013,-0.14377
22143,42.121,-0.0703
22144,42.23372,-0.0765
22145,42.17743,0.0098
22146,42.1405,0.0411
22147,42.14615,-0.0082
22148,42.23042,0.05515
22149,42.32886,0.02194
22150,42.32367,-0.3221
22160,42.2595,-0.5528
22161,42.249,-0.5009
22162,42.3041,-0.5781
22190,42.1712,-0.3989
22191,42.1471,-0.3594
22192,42.18592,-0.32948
22193,42.23552,-0.4273
22194,42.15911,-0.4587
22195,42.2252,-0.4042
22196,42.06333,-0.40023
22197,42.118,-0.4709
22200,41.7926,-0.1578
22210,41.9338,-0.15268
22212,41.87947,-0.2121
22213,41.85267,-0.19993
22214,41.8414,-0.2576
22215,41.84015,-0.04533
22216,41.85663,-0.32663
22220,41.7364,-0.1514
22221,41.7044,-0.209
22222,41.618,-0.2401
22223,41.5575,-0.1333
22230,41.7157,-0.0447
22231,41.7158,-0.009
22232,41.6762,0.087
22233,41.6653,0.162
22234,41.6211,0.1916
22240,41.9775,-0.5365
22250,41.7711,-0.3304
22251,41.807,-0.4523
22252,41.8667,-0.4615
22253,41.9073,-0.4891
22254,41.9349,-0.5105
22255,41.98155,-0.40212
22260,41.941,-0.3694
22268,41.97527,-0.29773
22269,41.90923,-0.40263
22270,42.0425,-0.5814
22280,42.0154,-0.7615
22281,41.9801,-0.7687
22282,42.0665,-0.6853
22283,42.06145,-0.66015
22300,42.0362,0.1262
22310,41.9618,0.1588
22311,42.07345,-0.03107
22312,42.12168,0.1624
22313,42.08857,0.03673
22314,42.10765,0.0781
22315,42.08843,0.11723
22320,42.20753,0.15777
22330,42.3858,0.1154
22336,42.36992,0.267
22337,42.35288,0.28339
22338,42.4647,0.20019
22339,42.38303,0.19313
22340,42.4443,0.0687
22347,42.48665,0.0619
22348,42.43255,0.05158
22349,42.42115,0.08405
22350,42.6338,0.2184
22351,42.6436,0.18767
22360,42.45155,0.13515
22361,42.50583,0.1663
22362,42.568,0.12307
22363,42.506,0.13442
22364,42.56132,0.17596
22365,42.6629,0.1969
22366,42.57163,0.27667
22367,42.58693,0.3392
22370,42.6005,-0.12485
22371,42.4597,-0.0283
22372,42.50005,-0.10247
22373,42.49998,-0.127
22374,42.5784,-0.1136
22375,42.56229,0.00037
22376,42.628,-0.1121
22377,42.5368,-0.0728
22378,42.6198,-0.1693
22390,42.13873,0.23642
22391,42.2908,0.1779
22392,42.2425,0.19735
22393,42.2778,0.19613
22394,42.30146,0.15937
22395,42.3612,0.15683
22400,41.9108,0.1941
22410,41.7194,0.1172
22411,41.7797,0.1149
22412,41.818,0.1236
22413,41.8513,0.1296
22414,41.884,0.1434
22415,41.95551,0.07089
22416,41.84315,0.1524
22417,41.97625,0.19435
22420,41.9365,0.2454
22421,41.9959,0.32375
22422,42.0105,0.2584
22423,42.0566,0.2436
22424,42.0721,0.2326
22430,42.1903,0.3385
22435,42.146,0.2877
22436,42.2134,0.3539
22437,42.2643,0.39558
22438,42.26834,0.2897
22439,42.14897,0.26453
22440,42.6047,0.5229
22449,42.5928,0.5397
22450,42.43257,0.36922
22451,42.40204,0.46123
22452,42.40879,0.32097
22460,42.2821,0.3543
22461,42.307,0.3649
22462,42.3624,0.4126
22463,42.474,0.43165
22464,42.5025,0.3958
22465,42.5123,0.47145
22466,42.52088,0.50967
22467,42.54738,0.4758
22468,42.5759,0.4655
22469,42.5899,0.50035
22470,42.47764,0.51951
22471,42.4714,0.597
22472,42.4471,0.57923
22473,42.46034,0.6136
22474,42.47863,0.65806
22480,42.20673,0.42743
22481,42.4155,0.6316
22482,42.29732,0.53538
22483,42.35949,0.5337
22484,42.37142,0.57888
22485,42.3882,0.61367
22486,42.42529,0.68674
22487,42.5151,0.7187
22500,41.8514,0.2943
22510,41.8259,0.2015
22511,41.8378,0.2367
22512,41.905,0.3271
22513,41.9924,0.3862
22514,42.01375,0.3953
22520,41.5222,0.3422
22528,41.5868,0.2598
22529,41.5541,0.2924
22530,41.604,0.2643
22531,41.6442,0.2062
22532,41.6663,0.1914
22533,41.7214,0.25375
22534,41.7252,0.1524
22535,41.7987,0.2759
22536,41.7627,0.2269
22540,41.8028,0.4139
22549,41.72357,0.3368
22550,41.8691,0.4221
22558,41.865,0.4604
22559,41.8328,0.3793
22560,41.9057,0.4324
22569,41.9533,0.4596
22570,41.9586,0.5214
22571,41.9176,0.5473
22572,41.8846,0.5142
22580,42.1081,0.4809
22583,42.28963,0.7245
22584,42.1551,0.67999
22585,42.13098,0.58932
22586,42.1979,0.515
22587,42.22782,0.54578
22588,42.12436,0.36474
22589,42.05265,0.51413
22590,41.4736,0.3352
22591,41.5028,0.0633
22592,41.5007,-0.0396
22600,42.5192,-0.3661
22609,42.5133,-0.36287
22610,42.48545,-0.29735
22611,42.48182,-0.26
22612,42.56833,-0.39415
22613,42.5222,-0.3221
22620,42.47406,-0.4389
22621,42.46011,-0.39984
22622,42.37501,-0.31627
22623,42.41366,-0.18508
22624,42.40597,-0.50757
22625,42.38478,-0.4669
22630,42.6279,-0.3215
22636,42.58718,-0.31815
22637,42.60163,-0.29957
22638,42.62773,-0.35707
22639,42.6191,-0.27355
22640,42.77385,-0.34665
22650,42.5303,-0.3495
22660,42.7345,-0.313
22661,42.5147,-0.3745
22662,42.70485,-0.3033
22663,42.7143,-0.3163
22664,42.7231,-0.3142
22665,42.69935,-0.3226
22666,42.55187,-0.33633
22700,42.5714,-0.5485
22710,42.62477,-0.51377
22711,42.48645,-0.619
22712,42.56093,-0.55293
22713,42.58638,-0.59533
22714,42.55165,-0.45785
22715,42.55045,-0.63885
22720,42.72285,-0.7704
22728,42.7579,-0.8295
22729,42.7349,-0.8655
22730,42.7064,-0.67
22731,42.6938,-0.6665
22732,42.7128,-0.716
22740,42.627,-0.7234
22750,42.5873,-0.7337
22751,42.57665,-0.8064
22752,42.5917,-0.6957
22753,42.5833,-0.7608
22760,42.51297,-0.7848
22761,42.5166,-0.8481
22770,42.6041,-0.8588
22771,42.65715,-0.87375
22772,42.5721,-0.8915
22773,42.6223,-0.8183
22790,42.7563,-0.754
22791,42.55335,-0.7066
22792,42.5227,-0.6751
22800,42.2752,-0.6882
22806,42.287,-0.7607
22807,42.23857,-0.73213
22808,42.34884,-0.76656
22809,42.29093,-0.66262
22810,42.22198,-0.58165
22811,42.16183,-0.62107
22820,42.3448,-0.60483
22821,42.3758,-0.5822
22822,42.4159,-0.79645
22830,42.43198,-0.6612
22860,42.66192,-0.60944
22870,42.6797,-0.5377
22880,42.6513,-0.4517
22888,42.5147,-0.3745
22889,42.78775,-0.52845
23001,37.7692,-3.7903
23002,37.7692,-3.7903
23003,37.7692,-3.7903
23004,37.7692,-3.7903
23005,37.7692,-3.7903
23006,37.7692,-3.7903
23007,37.7692,-3.7903
23008,37.7692,-3.7903
23009,37.7692,-3.7903
23070,37.7692,-3.7903
23071,37.7692,-3.7903
23080,37.7692,-3.7903
23100,37.7857,-3.6103
23110,37.7399,-3.6467
23120,37.6768,-3.5653
23130,37.5554,-3.6355
23140,37.5297,-3.6551
23150,37.589,-3.8145
23159,37.6006,-3.8484
23160,37.7293,-3.80405
23170,37.743,-3.6931
23180,37.8749,-3.8839
23190,37.6968,-3.6375
23191,37.6527,-3.6358
23192,37.6366,-3.6407
23193,37.6273,-3.538
23194,37.7381,-3.8176
23196,37.73795,-3.7561
23200,38.2759,-3.6164
23210,38.1828,-3.687
23211,38.2296,-3.63125
23212,38.2864,-3.5867
23213,38.3497,-3.55885
23214,38.2674,-3.63327
23215,38.4115,-3.3722
23220,38.2081,-3.5115
23230,38.1812,-3.4284
23239,38.2234,-3.4157
23240,38.1838,-3.316
23250,38.2483,-3.2076
23260,38.2535,-3.1307
23264,38.3119,-3.0422
23265,38.3625,-3.0734
23266,38.3425,-3.104
23267,38.329,-3.1269
23268,38.3491,-3.0124
23269,38.2751,-3.02503
23270,38.2276,-2.9804
23280,38.2524,-2.8887
23289,38.2665,-2.80947
23290,38.07704,-2.60592
23291,38.1166,-2.67855
23292,38.21115,-2.7568
23293,38.26549,-2.71577
23294,38.18657,-2.53497
23295,38.1606,-2.5952
23296,38.19262,-2.47768
23297,38.18545,-2.5576
23298,38.2372,-2.5072
23300,38.0856,-3.06685
23310,38.07775,-3.0321
23311,38.0286,-3.1009
23312,38.0426,-3.097
23313,38.0866,-3.037
23314,38.0866,-3.037
23315,38.2,-2.9167
23320,38.0352,-3.2892
23330,38.1684,-3.0074
23338,38.1568,-3.0325
23339,38.2108,-2.9755
23340,38.3206,-2.8949
23350,38.3554,-2.8032
23359,38.3237,-2.7984
23360,38.3529,-2.7396
23369,38.2765,-2.76655
23370,38.319,-2.6626
23379,38.29185,-2.65875
23380,38.3882,-2.5818
23390,38.3529,-2.6515
23391,38.4155,-2.6778
23392,38.4306,-2.7331
23393,38.4722,-2.6215
23400,38.0133,-3.3705
23410,38.068,-3.3113
23411,38.0651,-3.3774
23412,38.0601,-3.4332
23413,38.0654,-3.3834
23420,38.0494,-3.4847
23430,38.0479,-3.4617
23440,37.996,-3.4688
23450,38.0213,-3.5027
23460,37.9134,-3.1215
23468,37.947,-3.1356
23469,37.97152,-3.17287
23470,37.9138,-3.0027
23476,37.9207,-2.9929
23477,37.99463,-3.0316
23478,38.0468,-2.8499
23479,37.94834,-2.9804
23480,37.8447,-3.0676
23485,37.7026,-2.9337
23486,37.69385,-2.9846
23487,37.7643,-3.0774
23488,37.83884,-3.07182
23489,37.784,-3.037
23490,37.9262,-3.1379
23499,37.9262,-3.1379
23500,37.8406,-3.3526
23509,37.9269,-3.364
23510,37.9976,-3.6371
23519,38.00935,-3.62515
23520,37.9849,-3.5309
23526,37.9527,-3.598
23528,37.9965,-3.547
23529,37.952,-3.5399
23530,37.8414,-3.476
23537,37.822,-3.412
23538,37.7926,-3.4683
23539,37.87245,-3.4856
23540,37.7853,-3.5087
23550,37.7038,-3.2876
23560,37.6488,-3.4571
23568,37.7238,-3.3821
23569,37.68343,-3.3698
23590,37.7607,-3.2027
23591,37.7598,-3.2018
23600,37.7195,-3.9688
23610,37.6476,-3.9085
23611,37.7985,-4.1574
23612,37.7538,-4.1709
23613,37.7647,-4.1227
23614,37.6447,-3.9849
23615,37.7032,-4.1137
23616,37.7187,-4.0763
23620,37.9694,-3.8062
23628,38.00815,-3.87255
23630,37.9404,-3.7295
23638,37.9102,-3.6619
23639,37.9145,-3.78485
23640,37.7705,-3.8973
23649,37.7705,-3.8973
23650,37.7653,-3.9545
23657,37.879,-4.0339
23658,37.7477,-3.9127
23659,37.8389,-4.0019
23660,37.5902,-4.0829
23669,37.62287,-4.12227
23670,37.5286,-3.9422
23680,37.4614,-3.923
23684,37.5062,-4.0586
23685,37.48373,-3.97993
23686,37.41797,-3.83387
23687,37.4954,-3.9078
23688,37.43915,-3.9538
23689,37.45598,-4.00488
23690,37.4872,-3.8371
23691,37.4568,-3.8393
23692,37.46155,-3.88545
23693,37.5416,-3.9951
23700,38.0951,-3.6345
23710,38.0964,-3.7779
23711,38.1738,-3.7748
23712,38.0194,-3.7276
23713,38.0965,-3.7593
23730,38.0043,-3.916
23740,38.0392,-4.0508
23746,37.9709,-3.9911
23747,38.07063,-4.0438
23748,38.1814,-4.0404
23749,38.0164,-3.9515
23750,37.9735,-4.1061
23760,37.936,-4.0574
23770,38.0451,-4.1712
23780,37.9455,-4.2141
23790,37.8708,-4.1843
24001,42.6,-5.5703
24002,42.6,-5.5703
24003,42.6,-5.5703
24004,42.6,-5.5703
24005,42.6,-5.5703
24006,42.6,-5.5703
24007,42.6,-5.5703
24008,42.6,-5.5703
24009,42.57904,-5.58816
24010,42.6,-5.5703
24070,42.6,-5.5703
24071,42.6,-5.5703
24080,42.6,-5.5703
24100,42.9396,-6.3201
24110,42.9524,-6.3701
24111,42.9499,-6.397
24112,42.9417,-6.3325
24113,42.9694,-6.3545
24114,42.9533,-6.3636
24120,42.78735,-5.80985
24121,42.6491,-5.62953
24122,42.6705,-5.6332
24123,42.79846,-5.7584
24124,42.76792,-5.84518
24125,42.76057,-5.89457
24126,42.78407,-5.9097
24127,42.76592,-5.97942
24130,42.8504,-6.20145
24131,42.782,-5.999
24132,42.81002,-6.03343
24133,42.79642,-6.14003
24134,42.82613,-6.10917
24135,42.8195,-6.1379
24136,42.85623,-6.15777
24137,42.8943,-6.208
24138,42.917,-6.2463
24139,42.9412,-6.28827
24140,42.96415,-6.25445
24141,42.98664,-6.20623
24142,42.94758,-6.14956
24143,42.96134,-6.09716
24144,42.9871,-6.00764
24145,42.86452,-5.968
24146,42.92295,-5.8772
24148,42.8594,-5.8983
24149,42.83,-5.82343
24150,42.70833,-5.36913
24151,42.7369,-5.4075
24152,42.81053,-5.3358
24153,42.6924,-5.41353
24154,42.6478,-5.37383
24155,42.6422,-5.41648
24156,42.59527,-5.43767
24160,42.64395,-5.24325
24161,42.64592,-5.18877
24162,42.5515,-5.4277
24163,42.57377,-5.40465
24164,42.57785,-5.36325
24165,42.61548,-5.32732
24166,42.58817,-5.28327
24170,42.68474,-5.01178
24171,42.60015,-5.03808
24172,42.51022,-5.0223
24174,42.4624,-5.0122
24175,42.41915,-5.03795
24191,42.61095,-5.59505
24192,42.5563,-5.5805
24193,42.64585,-5.55875
24195,42.62139,-5.50775
24196,42.6558,-5.607
24197,42.65224,-5.52428
24198,42.5806,-5.6411
24199,42.53947,-5.54383
24200,42.2937,-5.5172
24205,42.3165,-5.5334
24206,42.21268,-5.44437
24207,42.26058,-5.40327
24208,42.3173,-5.4271
24209,42.36223,-5.42815
24210,42.4989,-5.4174
24217,42.50012,-5.4582
24218,42.52883,-5.337
24219,42.529,-5.38573
24220,42.0761,-5.4232
24221,42.1422,-5.4928
24222,42.19735,-5.54155
24223,42.3497,-5.5029
24224,42.38856,-5.51
24225,42.42445,-5.48568
24226,42.52204,-5.48937
24227,42.56668,-5.49336
24228,42.60191,-5.47471
24230,42.4197,-5.618
24231,42.50507,-5.58363
24232,42.44617,-5.59503
24233,42.3879,-5.57433
24234,42.27848,-5.62703
24235,42.1451,-5.5973
24236,42.1215,-5.5704
24237,42.26583,-5.56563
24238,42.19683,-5.5821
24239,42.09703,-5.5991
24240,42.3551,-5.7515
24248,42.38281,-5.77986
24249,42.30302,-5.71127
24250,42.4225,-5.66937
24251,42.48137,-5.62565
24252,42.3968,-5.72752
24253,42.30785,-5.8309
24257,42.8871,-5.3053
24260,42.4329,-5.6139
24270,42.58215,-5.8227
24271,42.63808,-5.83537
24272,42.59993,-5.80303
24273,42.67227,-5.84116
24274,42.6973,-5.8149
24275,42.7438,-5.7873
24276,42.72237,-5.82193
24277,42.7368,-5.84877
24280,42.5044,-5.8944
24281,42.5172,-5.94033
24282,42.5999,-5.67505
24283,42.5623,-5.8455
24284,42.5529,-5.863
24285,42.55376,-5.8999
24286,42.4635,-5.8864
24287,42.48213,-5.9015
24288,42.45905,-5.9287
24290,42.3439,-5.30465
24291,42.35068,-5.38365
24292,42.3046,-5.2999
24293,42.23267,-5.27997
24294,42.135,-5.4018
24300,42.6147,-6.4186
24310,42.6273,-6.34355
24311,42.6469,-6.3204
24312,42.70635,-6.2864
24313,42.77353,-6.33653
24314,42.5954,-6.46013
24315,42.64552,-6.37938
24316,42.58877,-6.41727
24317,42.6595,-6.3839
24318,42.64303,-6.44067
24319,42.68213,-6.38433
24320,42.3708,-5.0294
24323,42.3471,-5.1582
24324,42.3161,-5.18706
24325,42.36545,-5.15095
24326,42.41037,-4.96853
24327,42.54938,-4.95302
24328,42.49307,-4.969
24329,42.2919,-5.06263
24330,42.4457,-5.3797
24339,42.43244,-5.36434
24340,42.3207,-5.0194
24341,42.3134,-4.9657
24342,42.39435,-5.06585
24343,42.43903,-5.15945
24344,42.52841,-5.09094
24345,42.4499,-5.3076
24346,42.4926,-5.5416
24347,42.52083,-5.55027
24350,42.4371,-5.8851
24356,42.4242,-5.86523
24357,42.44205,-5.8184
24358,42.40867,-5.8874
24360,42.6361,-6.2056
24367,42.6341,-6.1618
24368,42.6715,-6.12788
24369,42.59957,-6.18797
24370,42.6077,-6.3667
24374,42.64383,-6.2704
24375,42.70135,-6.2358
24376,42.7272,-6.1529
24377,42.7262,-6.2103
24378,42.5746,-6.33125
24379,42.58613,-6.28277
24380,42.4117,-6.8208
24384,42.4361,-6.8163
24385,42.3995,-6.8016
24386,42.4279,-6.77435
24387,42.4156,-6.7392
24388,42.38138,-6.66455
24389,42.41163,-6.72262
24390,42.52577,-6.69857
24391,42.54735,-5.65523
24392,42.50788,-5.73643
24393,42.50083,-5.83691
24394,42.40975,-5.9717
24395,42.42417,-6.0177
24396,42.54774,-6.0847
24397,42.65418,-6.02946
24398,42.588,-6.49213
24400,42.5466,-6.5962
24401,42.5463,-6.5878
24402,42.5485,-6.5987
24403,42.5438,-6.6022
24404,42.5528,-6.609
24410,42.59478,-6.67165
24411,42.5726,-6.6416
24412,42.61305,-6.6332
24413,42.52907,-6.47252
24414,42.48437,-6.50674
24415,42.48357,-6.58565
24416,42.5588,-6.5782
24420,42.7685,-6.625
24428,42.77615,-6.6107
24429,42.85464,-6.63738
24430,42.7254,-6.6544
24433,42.82442,-6.72903
24434,42.75433,-6.6629
24435,42.7175,-6.6929
24436,42.71853,-6.7202
24437,42.76998,-6.71762
24438,42.72602,-6.57642
24439,42.7001,-6.6414
24440,42.4933,-6.7888
24441,42.50506,-6.80618
24442,42.4741,-6.7662
24443,42.50435,-6.7211
24444,42.46943,-6.73013
24445,42.5,-6.6833
24446,42.48195,-6.6987
24447,42.4936,-6.7379
24448,42.51293,-6.65157
24450,42.6985,-6.5118
24457,42.74295,-6.4856
24458,42.71745,-6.44735
24459,42.66465,-6.53755
24460,42.7568,-6.5183
24469,42.75367,-6.52007
24470,42.8206,-6.4875
24478,42.8092,-6.56345
24479,42.8055,-6.4
24480,42.8256,-6.5055
24488,42.8458,-6.5441
24489,42.8399,-6.4998
24490,42.5751,-6.612
24491,42.5859,-6.5992
24492,42.64602,-6.56983
24493,42.665,-6.501
24494,42.781,-6.5133
24495,42.85287,-6.39027
24496,42.8941,-6.39055
24497,42.9161,-6.3866
24498,42.7471,-6.4874
24500,42.606,-6.8107
24510,42.6828,-6.8146
24511,42.7542,-6.8283
24512,42.6766,-6.76015
24513,42.6271,-6.80775
24514,42.579,-6.8192
24515,42.5756,-6.8767
24516,42.5761,-6.79042
24517,42.5966,-6.87203
24520,42.67578,-6.95187
24521,42.61294,-6.97676
24522,42.6261,-6.8442
24523,42.63771,-6.88669
24524,42.659,-6.92373
24525,42.71229,-6.92341
24526,42.68392,-7.00693
24530,42.588,-6.76127
24540,42.5986,-6.7245
24544,42.5719,-6.728
24545,42.64155,-6.6621
24546,42.65178,-6.69552
24547,42.6184,-6.74953
24548,42.63315,-6.73015
24549,42.5561,-6.7312
24550,42.5857,-6.74093
24560,42.5431,-6.7771
24565,42.5367,-6.7522
24566,42.5519,-6.99253
24567,42.5288,-6.8659
24568,42.5339,-7.0084
24569,42.52859,-6.87532
24600,42.8566,-5.6677
24607,42.8707,-5.6616
24608,42.88477,-5.71798
24609,42.83778,-5.6292
24610,42.6891,-5.6398
24620,42.72427,-5.64753
24630,42.75595,-5.6367
24640,42.8026,-5.6283
24648,42.8181,-5.56172
24649,42.80694,-5.65872
24650,42.8758,-5.6356
24660,42.885,-5.6369
24670,42.9034,-5.64845
24680,42.9386,-5.6567
24687,42.95,-5.6833
24688,42.94334,-5.75366
24689,42.9612,-5.6482
24690,42.9833,-5.7
24699,43.0054,-5.68993
24700,42.4567,-6.0566
24710,42.4636,-6.0202
24711,42.54478,-6.02935
24712,42.53817,-6.03383
24713,42.4797,-6.1166
24714,42.49227,-6.10663
24715,42.53442,-6.1672
24716,42.4969,-6.1572
24717,42.39462,-6.19722
24718,42.46144,-6.13696
24719,42.50167,-6.0623
24720,42.43913,-6.19263
24721,42.3293,-6.17396
24722,42.47365,-6.27489
24723,42.39503,-6.32713
24724,42.411,-6.38783
24730,42.3239,-6.05024
24731,42.422,-6.08543
24732,42.37173,-6.05633
24733,42.2647,-6.12385
24734,42.1907,-6.11343
24735,42.183,-6.1901
24736,42.2083,-6.2475
24738,42.25208,-6.3533
24740,42.26505,-6.4431
24741,42.2624,-6.502
24742,42.344,-6.5688
24743,42.28073,-6.5646
24744,42.31356,-6.52668
24745,42.26923,-6.59203
24746,42.27073,-6.64243
24750,42.2982,-5.9015
24760,42.18612,-5.99084
24761,42.2888,-5.9354
24762,42.23387,-5.8648
24763,42.32073,-5.86678
24764,42.32547,-5.9229
24765,42.32164,-5.98842
24766,42.34547,-6.0122
24767,42.26232,-6.00468
24768,42.3468,-5.88676
24769,42.25813,-5.83893
24790,42.2769,-5.8461
24791,42.2446,-5.7932
24792,42.18073,-5.8316
24793,42.39355,-6.0119
24794,42.38427,-5.97637
24795,42.38316,-5.93171
24796,42.17667,-5.70239
24797,42.1303,-5.729
24800,42.8035,-5.1269
24810,42.8349,-5.1468
24811,42.8303,-5.1803
24812,42.8347,-5.1644
24813,42.8457,-5.09773
24814,42.8026,-5.1321
24815,42.73633,-5.16025
24816,42.79055,-5.0927
24820,42.78877,-5.50473
24830,42.8656,-5.5203
24836,42.88417,-5.55223
24837,42.93292,-5.52079
24838,42.9761,-5.56764
24839,42.8429,-5.5096
24840,42.8485,-5.4064
24843,42.9705,-5.43957
24844,43.00537,-5.4211
24845,42.96215,-5.38298
24846,42.91957,-5.4317
24847,42.8642,-5.39842
24848,42.79102,-5.41086
24849,42.86733,-5.44213
24850,42.8671,-5.321
24852,42.8654,-5.3348
24853,42.9084,-5.33167
24854,42.95207,-5.3238
24855,43.03247,-5.30635
24856,42.9447,-5.1985
24857,42.98987,-5.24787
24858,42.84168,-5.25592
24859,42.8708,-5.26887
24860,42.8348,-5.30373
24869,42.8365,-5.3405
24870,42.81397,-5.2186
24877,42.81258,-5.2937
24878,42.7629,-5.22818
24879,42.8056,-5.1915
24880,42.7864,-4.9735
24882,42.81233,-4.94752
24883,42.8758,-4.9198
24884,42.8453,-4.9591
24885,42.90127,-4.95133
24886,42.8625,-5.03577
24887,42.82425,-5.0075
24888,42.7314,-5.00172
24889,42.77927,-4.9237
24890,42.69248,-5.5361
24891,42.73205,-5.52095
24892,42.73084,-5.0341
24893,42.7749,-5.0211
24900,42.9755,-5.0047
24911,42.9462,-4.88703
24912,43.0543,-4.8003
24913,42.99988,-4.88802
24914,43.14345,-4.9362
24915,43.16195,-4.90727
24916,43.14018,-5.04416
24917,43.05755,-4.9962
24918,42.9445,-5.03115
24920,42.5517,-5.2974
24930,42.58325,-5.24237
24940,42.68233,-5.16643
24950,42.7639,-5.1403
24960,42.85377,-5.13197
24970,42.874,-5.17015
24980,42.90805,-5.15875
24989,42.8988,-5.1319
24990,42.92475,-5.08125
24991,42.95798,-5.14353
24994,43.02475,-5.06345
24995,43.04705,-5.09525
24996,43.05087,-5.1436
25001,41.6058,0.6455
25002,41.6134,0.6218
25003,41.6135,0.6147
25004,41.621,0.6254
25005,41.6288,0.6306
25006,41.619,0.6168
25007,41.6176,0.6296
25008,41.6228,0.6216
25070,41.6167,0.6222
25071,41.6167,0.6222
25080,41.6167,0.6222
25100,41.7229,0.47545
25109,41.7322,0.4372
25110,41.6786,0.5449
25111,41.678,0.4778
25112,41.6518,0.39
25113,41.7013,0.4118
25114,41.6869,0.3547
25120,41.8167,0.5833
25121,41.7594,0.5905
25122,41.85,0.6
25123,41.673,0.6073
25124,41.6833,0.6
25125,41.7369,0.5836
25126,41.7964,0.5684
25130,41.8157,0.6381
25131,41.6667,0.6333
25132,41.7,0.6333
25133,41.7167,0.6167
25134,41.7399,0.6396
25135,41.752,0.659
25136,41.8167,0.7333
25137,41.6908,0.6944
25138,41.7044,0.7026
25139,41.7333,0.75
25140,41.5413,0.925
25141,41.5805,0.829
25142,41.6727,0.8177
25143,41.6785,0.8564
25144,41.1167,1.0333
25150,41.55,0.7
25151,41.4953,0.6725
25152,41.4668,0.6894
25153,41.5333,0.7333
25154,41.4983,0.7659
25155,41.45,0.75
25160,41.4333,0.65
25161,41.5214,0.6205
25162,41.4806,0.6166
25163,41.4167,0.6833
25164,41.3833,0.7167
25165,41.3709,0.7754
25170,41.534,0.5142
25171,41.5667,0.6
25172,41.5667,0.6
25173,41.5567,0.5669
25174,41.5229,0.5927
25175,41.45,0.5667
25176,41.4264,0.5941
25177,41.34625,0.7006
25178,41.3266,0.639
25179,41.3642,0.5047
25180,41.5667,0.5167
25181,41.5338,0.4866
25182,41.4945,0.4587
25183,41.4667,0.4167
25184,41.4735,0.4666
25185,41.4167,0.3667
25186,41.3742,0.5494
25187,41.3053,0.4238
25190,41.6131,0.674
25191,41.6198,0.6587
25192,41.6074,0.6032
25193,41.6167,0.6222
25194,41.6055,0.612
25195,41.6345,0.6401
25196,41.6287,0.61
25197,41.6097,0.6475
25198,41.631,0.6017
25199,41.6259,0.6066
25200,41.672,1.2716
25210,41.7844,1.2901
25211,41.7653,1.27795
25212,41.75835,1.19165
25213,41.60996,1.34999
25214,41.7,1.31669
25215,41.70843,1.34177
25216,41.66918,1.3876
25217,41.59991,1.2681
25218,41.68347,1.27512
25220,41.6333,0.7833
25221,41.6333,0.7833
25222,41.6282,0.8327
25230,41.6167,0.8886
25240,41.71,0.9027
25241,41.6335,0.9312
25242,41.6049,0.8794
25243,41.65,0.8833
25244,41.6333,0.8759
25245,41.6447,0.8969
25250,41.6271,1.0112
25260,41.6833,1.0
25261,41.58205,1.13365
25262,41.67037,1.01733
25263,41.6074,1.0382
25264,41.6138,0.9643
25265,41.648,0.9709
25266,41.5553,1.02495
25267,41.5762,1.0614
25268,41.5074,1.09243
25269,41.5069,1.1483
25270,41.6557,1.4202
25271,41.65421,1.41236
25280,41.99392,1.51742
25281,41.9138,1.4432
25282,42.1333,1.6
25283,42.1231,1.5181
25284,42.08825,1.5395
25285,42.1333,1.6
25286,41.97017,1.34928
25287,41.87961,1.56593
25288,41.9957,1.4958
25289,42.17015,1.76201
25290,41.93488,1.59277
25300,41.647,1.1396
25310,41.7845,1.0985
25315,41.8,0.9667
25316,41.7975,1.03337
25317,41.83942,1.05737
25318,41.76079,1.14619
25320,41.6569,1.0835
25330,41.6487,1.1061
25331,41.71055,1.04655
25332,41.71695,1.0109
25333,41.706,1.0547
25334,41.75,1.0
25335,41.7526,0.96617
25336,41.5833,1.4
25337,41.75,0.9167
25340,41.60563,1.1895
25341,41.56207,1.1466
25343,41.5821,1.1683
25344,41.5821,1.1683
25350,41.6836,1.1426
25351,41.697,1.1685
25352,41.7145,1.1947
25353,41.7029,1.1257
25354,41.6955,1.1446
25360,41.6499,1.1672
25400,41.5167,0.8667
25410,41.4963,1.0049
25411,41.4632,1.0243
25412,41.5,0.9667
25413,41.51,0.9201
25420,41.55,0.9
25430,41.5486,0.8243
25440,41.4285,0.975
25450,41.4167,0.9333
25457,41.3837,0.9464
25460,41.4167,0.8667
25471,41.472,0.9382
25480,41.4228,1.0217
25500,42.25,0.9667
25510,42.37645,0.9663
25511,42.39867,0.9526
25512,42.40548,0.9787
25513,42.37127,0.9663
25514,42.32287,0.93512
25515,42.45902,0.99084
25516,42.30744,0.93804
25517,42.24505,0.98687
25518,42.2653,0.99177
25520,42.4082,0.7417
25526,42.47022,0.768
25527,42.50165,0.8113
25528,42.52248,0.8365
25529,42.43212,0.78813
25530,42.702,0.7956
25537,42.73144,0.78049
25538,42.70715,0.7882
25539,42.69868,0.82765
25540,42.8118,0.7131
25548,42.83837,0.73906
25549,42.8346,0.717
25550,42.7833,0.7
25551,42.74376,0.7241
25552,42.4798,0.72525
25553,42.557,0.7528
25554,42.43337,0.72697
25555,42.40189,0.87695
25556,42.44597,0.81293
25560,42.4117,1.1306
25566,42.36462,1.11093
25567,42.44988,1.08742
25568,42.41607,1.10944
25569,42.38433,1.12013
25570,42.564,1.225
25571,42.59476,1.2627
25572,42.57597,1.21542
25573,42.5918,1.2649
25574,42.5637,1.37083
25575,42.5889,1.3266
25576,42.61497,1.24213
25577,42.64115,1.25285
25580,42.6333,1.1333
25586,42.67352,1.08818
25587,42.6414,1.07833
25588,42.6432,1.1015
25589,42.6199,1.0965
25590,42.3237,1.0673
25591,42.52114,1.07081
25592,42.5531,1.0746
25593,42.36804,1.07268
25594,42.45267,1.13349
25595,42.50409,1.23697
25596,42.551,1.1547
25597,42.5784,1.0867
25598,42.70731,0.90917
25599,42.6984,0.8712
25600,41.7896,0.8074
25610,41.8731,0.7202
25611,41.92342,0.71087
25612,41.90715,0.79185
25613,41.8715,0.8595
25614,41.8226,0.8041
25615,41.88627,0.8246
25616,41.8,0.9616
25617,41.7521,0.8138
25620,42.1665,0.895
25630,42.186,0.9
25631,42.0678,0.8814
25632,42.08989,0.85387
25633,42.14547,0.88707
25634,41.85148,1.23738
25635,42.0274,1.0493
25636,42.08925,1.00665
25637,41.4307,2.2186
25638,42.07319,0.9897
25639,42.08531,0.91781
25640,41.95,0.9574
25650,42.1179,1.0457
25651,42.1616,1.0923
25652,42.1709,1.1627
25653,42.0876,1.0705
25654,42.1496,0.93445
25655,42.14927,0.9977
25656,42.11885,1.0121
25657,42.106,1.0992
25658,42.1364,1.0472
25660,41.6479,0.6938
25670,41.7167,0.7667
25680,41.7521,0.8138
25690,41.6833,0.7333
25691,42.0,0.7667
25692,41.97194,0.78816
25693,42.2251,0.91917
25700,42.3588,1.4614
25710,42.3537,1.4416
25711,42.3425,1.4262
25712,42.37951,1.34159
25713,42.331,1.41545
25714,42.33664,1.43299
25715,42.3316,1.4707
25716,42.237,1.6601
25717,42.24099,1.54614
25718,42.33777,1.50362
25719,42.38775,1.5334
25720,42.3667,1.7833
25721,42.37085,1.8007
25722,42.35155,1.60083
25723,42.35152,1.63285
25724,42.3599,1.6959
25725,42.3441,1.68352
25726,42.3973,1.68332
25727,42.38395,1.72765
25730,41.8947,1.0463
25735,41.9965,1.0248
25736,41.9636,1.03437
25737,41.89224,0.99174
25738,41.96236,1.1063
25739,41.8889,1.0982
25740,41.9148,1.186
25746,41.9041,1.2031
25747,41.94562,1.19146
25748,41.88163,1.22957
25749,41.8888,1.18965
25750,41.8167,1.4
25751,41.8679,1.4809
25752,41.8419,1.3584
25753,41.8833,1.3667
25788,42.5112,1.4408
25790,42.06323,1.29721
25791,41.9754,1.25615
25792,41.9833,1.3
25793,42.13927,1.25675
25794,42.22055,1.36373
25795,42.31395,1.32351
25796,42.312,1.383
25797,42.3264,1.4014
25798,42.37885,1.4626
25799,42.44133,1.43664
26001,42.4667,-2.4457
26002,42.4609,-2.4495
26003,42.462,-2.4412
26004,42.4655,-2.4328
26005,42.4655,-2.4579
26006,42.4564,-2.4202
26007,42.4578,-2.4652
26008,42.4516,-2.4605
26009,42.4745,-2.4221
26070,42.4667,-2.45
26071,42.4667,-2.45
26080,42.4667,-2.45
26100,42.2553,-2.6311
26110,42.2699,-2.6195
26111,42.20795,-2.5981
26120,42.3584,-2.4728
26121,42.30868,-2.54255
26122,42.17475,-2.62945
26123,42.15625,-2.6343
26124,42.19116,-2.67378
26125,42.1167,-2.6333
26126,42.10733,-2.60127
26127,42.0892,-2.7541
26130,42.3521,-2.4074
26131,42.31012,-2.32822
26132,42.28321,-2.40354
26133,42.20423,-2.45766
26134,42.22813,-2.5128
26135,42.1859,-2.53135
26140,42.4246,-2.4608
26141,42.4049,-2.4359
26142,42.4266,-2.4194
26143,42.401,-2.3246
26144,42.33453,-2.23933
26145,42.3036,-2.20907
26146,42.337,-2.2018
26147,42.3141,-2.2211
26148,42.299,-2.2402
26150,42.4349,-2.2514
26151,42.4349,-2.2514
26160,42.4461,-2.30923
26190,42.3612,-2.4941
26191,42.3424,-2.5286
26200,42.5735,-2.8488
26210,42.57045,-2.91275
26211,42.5809,-2.9998
26212,42.60825,-2.96615
26213,42.50498,-3.03384
26214,42.5415,-2.9642
26215,42.558,-3.0507
26216,42.547,-3.0968
26220,42.5423,-2.8336
26221,42.5498,-2.8225
26222,42.5255,-2.8455
26223,42.4555,-2.7309
26224,42.4082,-2.8338
26226,42.4966,-2.8136
26230,42.548,-2.9119
26240,42.5125,-2.9315
26241,42.5123,-2.9464
26250,42.4402,-2.9536
26256,42.4912,-2.964
26257,42.45805,-2.89885
26258,42.40772,-2.90068
26259,42.42822,-3.03715
26260,42.3899,-2.9804
26261,42.34745,-2.9399
26270,42.36033,-2.998
26280,42.326,-3.0149
26288,42.32723,-3.06603
26289,42.27281,-3.01914
26290,42.6016,-2.8335
26291,42.49475,-2.87263
26292,42.6097,-2.8869
26300,42.4182,-2.7287
26310,42.3679,-2.8108
26311,42.37424,-2.7544
26312,42.38653,-2.69473
26313,42.4425,-2.7083
26314,42.428,-2.6959
26315,42.37347,-2.67037
26320,42.3353,-2.761
26321,42.30935,-2.77013
26322,42.21343,-2.78007
26323,42.4309,-2.78755
26324,42.4145,-2.8177
26325,42.38388,-2.86013
26326,42.32055,-2.8714
26327,42.3386,-2.8524
26328,42.3306,-2.8503
26329,42.14161,-2.91934
26330,42.544,-2.785
26338,42.5632,-2.7607
26339,42.5875,-2.72853
26340,42.49765,-2.75025
26350,42.4815,-2.6425
26359,42.5012,-2.6854
26360,42.467,-2.5613
26370,42.4293,-2.5615
26371,42.4045,-2.62645
26372,42.392,-2.5855
26373,42.3948,-2.5678
26374,42.3851,-2.5545
26375,42.3882,-2.5306
26376,42.3556,-2.5499
26500,42.32025,-1.97875
26509,42.4048,-2.1205
26510,42.3345,-2.0685
26511,42.3209,-2.0953
26512,42.299,-2.1174
26513,42.344,-2.1684
26520,42.0052,-1.9553
26525,42.0695,-2.01
26526,42.0651,-2.0953
26527,42.06765,-2.0104
26528,41.9812,-1.8651
26529,41.98595,-1.90495
26530,41.9621,-1.9934
26531,41.9702,-1.9853
26532,41.984,-2.0743
26533,41.9667,-2.1
26540,42.1779,-1.7495
26550,42.2347,-1.8521
26559,42.2291,-1.8874
26560,42.2156,-2.0068
26570,42.2294,-2.0498
26580,42.2275,-2.1014
26584,42.2137,-2.1547
26585,42.2105,-2.1935
26586,42.16013,-2.27794
26587,42.1246,-2.05943
26588,42.25997,-2.15647
26589,42.19925,-2.20838
27001,43.0114,-7.5571
27002,43.0035,-7.5513
27003,43.0216,-7.5611
27004,43.0136,-7.5662
27070,43.0099,-7.556
27071,43.0099,-7.556
27080,43.0099,-7.556
27100,43.0146,-7.356
27110,43.1573,-7.0462
27111,43.1843,-7.1242
27112,43.4502,-7.2227
27113,43.12308,-6.96779
27114,43.1573,-7.0462
27115,43.1573,-7.0462
27116,43.17237,-7.1443
27117,43.0596,-7.0756
27118,43.1181,-7.0365
27120,43.0016,-7.3079
27122,43.04623,-7.3304
27123,42.9712,-7.2805
27124,43.00892,-7.2888
27125,42.9682,-7.3483
27126,43.0016,-7.3079
27127,43.0016,-7.3079
27128,43.0016,-7.3079
27129,43.0016,-7.3079
27130,43.0525,-7.163
27131,42.9714,-7.134
27132,43.0525,-7.163
27133,43.0667,-7.1667
27134,43.0525,-7.163
27135,43.08602,-7.1757
27136,43.0525,-7.163
27140,42.9806,-7.4852
27141,43.0167,-7.4167
27142,43.0167,-7.35
27143,42.98845,-7.3243
27144,42.9654,-7.314
27145,42.995,-7.3629
27146,43.01528,-7.40478
27150,43.13157,-7.56251
27151,43.1,-7.5411
27152,43.1,-7.5411
27153,43.094,-7.5045
27154,43.1,-7.5411
27155,43.08248,-7.44655
27156,43.0833,-7.7167
27157,43.07563,-7.69245
27160,42.90772,-7.42288
27161,42.9545,-7.4925
27162,42.8869,-7.3954
27163,42.88065,-7.38507
27164,42.91968,-7.40278
27165,42.8869,-7.3954
27166,42.94805,-7.28755
27168,42.8869,-7.3954
27169,42.6665,-7.4832
27170,43.0146,-7.356
27177,43.0146,-7.356
27178,43.0146,-7.356
27180,42.967,-7.554
27181,42.92778,-7.53888
27182,42.9036,-7.5782
27183,42.8852,-7.6275
27184,42.9036,-7.5782
27185,42.87871,-7.5856
27186,42.8538,-7.607
27187,42.9036,-7.5782
27188,42.9036,-7.5782
27190,43.0504,-7.5145
27191,43.06383,-7.50063
27192,43.0099,-7.556
27200,42.8895,-7.8954
27203,42.867,-7.9528
27204,42.8833,-7.9333
27205,42.91609,-7.87577
27206,42.8895,-7.8954
27207,42.83045,-7.92152
27208,42.89867,-7.8857
27209,42.8607,-7.8633
27210,42.9458,-7.64311
27211,42.875,-7.65832
27212,42.8846,-7.7306
27213,42.8846,-7.7306
27214,42.8846,-7.7306
27215,42.8489,-7.79693
27216,42.8728,-7.8145
27217,42.9,-7.7667
27220,43.0397,-7.8853
27226,43.075,-7.78333
27227,43.0167,-7.8333
27228,42.95998,-8.022
27229,43.07868,-7.84451
27230,43.00745,-7.667
27231,43.0,-7.6667
27232,42.9633,-7.6883
27233,42.97221,-7.68332
27234,42.9854,-7.6914
27235,42.9896,-7.7896
27240,43.2317,-7.3119
27241,43.2317,-7.3119
27243,43.2317,-7.3119
27244,43.2317,-7.3119
27245,43.2317,-7.3119
27246,43.2428,-7.33982
27247,43.1657,-7.2488
27248,43.2656,-7.3091
27250,43.1899,-7.4045
27256,43.1899,-7.4045
27257,43.201,-7.37475
27258,43.2052,-7.43277
27259,43.17222,-7.40558
27260,43.1558,-7.5043
27266,43.15,-7.4667
27267,43.1833,-7.5167
27268,43.1567,-7.5505
27269,43.1333,-7.4833
27270,43.131,-7.3309
27271,43.1063,-7.4433
27272,43.1,-7.4167
27273,43.1086,-7.3807
27274,43.12725,-7.32775
27275,43.1072,-7.3649
27276,43.1072,-7.3649
27277,43.1072,-7.3649
27278,43.06317,-7.24213
27279,43.1072,-7.3649
27280,43.1794,-7.33305
27282,43.2004,-7.4202
27283,43.2004,-7.4202
27286,43.2757,-7.4334
27287,43.33585,-7.39038
27289,43.12223,-7.47777
27290,43.0667,-7.5667
27293,43.0346,-7.44317
27294,42.9942,-7.56205
27296,43.04035,-7.61045
27297,43.00868,-7.56142
27298,43.0667,-7.5833
27299,43.03358,-7.70803
27300,43.177,-7.8335
27305,43.17696,-7.83352
27306,43.177,-7.8335
27307,43.177,-7.8335
27308,43.177,-7.8335
27309,43.177,-7.8335
27310,42.4225,-7.3047
27317,42.4484,-7.35913
27318,42.4024,-7.2303
27320,42.5132,-7.2175
27324,42.653,-7.15535
27325,42.61505,-7.1856
27328,42.54894,-7.13497
27329,42.43513,-7.268
27330,42.565,-7.3758
27331,42.565,-7.3758
27332,42.5767,-7.4024
27333,42.565,-7.3758
27334,42.55322,-7.4096
27335,42.60765,-7.4032
27336,42.565,-7.3758
27338,42.53245,-7.33835
27339,42.5733,-7.2728
27340,42.6631,-7.3901
27341,42.6631,-7.3901
27342,42.6631,-7.3901
27343,42.6511,-7.4506
27344,42.6631,-7.3901
27345,42.6667,-7.4
27346,42.67317,-7.36132
27347,42.6631,-7.3901
27348,42.6631,-7.3901
27349,42.6167,-7.4833
27350,42.66,-7.513
27359,42.65997,-7.51297
27360,42.8526,-7.4333
27362,42.8367,-7.5577
27363,42.81052,-7.55028
27364,42.8648,-7.4594
27366,42.9,-7.35
27367,42.86155,-7.3756
27368,42.85,-7.4
27369,42.8405,-7.4167
27370,43.2046,-7.6322
27371,43.1749,-7.7579
27372,43.175,-7.7
27373,43.14359,-7.69398
27374,43.2046,-7.6322
27375,43.26,-7.65331
27376,43.2046,-7.6322
27377,43.25035,-7.49966
27378,43.25,-7.50833
27379,43.18332,-7.57778
27380,42.8114,-7.4383
27388,42.8114,-7.4383
27389,42.8114,-7.4383
27390,42.7978,-7.20477
27391,42.5,-7.3333
27392,42.7167,-7.45
27400,42.4652,-7.5546
27410,42.5695,-7.47953
27411,42.53685,-7.4537
27412,42.525,-7.43335
27413,42.5,-7.40832
27414,42.5073,-7.479
27415,42.5167,-7.45
27416,42.475,-7.49167
27417,42.5667,-7.5333
27418,42.3167,-7.2333
27419,42.5016,-7.63818
27420,42.4178,-7.5441
27421,42.421,-7.5814
27422,42.41667,-7.54167
27423,42.40845,-7.5259
27424,42.4156,-7.4793
27425,42.42798,-7.5782
27430,42.5,-7.6
27437,42.38257,-7.69722
27438,42.4315,-7.6781
27439,42.5243,-7.6662
27440,42.4787,-7.5869
27450,42.4667,-7.6167
27460,42.45117,-7.58473
27466,42.4667,-7.5833
27468,42.4667,-7.55
27469,42.45,-7.5667
27470,42.45,-7.7
27500,42.6811,-7.7835
27510,42.6332,-7.8416
27511,42.6632,-7.8584
27512,42.6174,-7.8196
27513,42.59912,-7.87158
27514,42.5872,-7.75098
27515,42.6174,-7.8196
27516,42.6253,-7.7019
27517,42.6174,-7.8196
27518,42.6174,-7.8196
27519,42.6174,-7.8196
27520,42.5394,-7.8145
27527,42.55896,-7.83674
27528,42.46048,-8.10895
27529,42.5148,-7.9413
27530,42.5,-7.7083
27531,42.5,-7.7083
27532,42.5,-7.70833
27533,42.5,-7.7083
27540,42.6181,-7.6503
27543,42.6181,-7.6503
27544,42.6181,-7.6503
27545,42.6766,-7.6936
27546,42.64822,-7.6001
27547,42.61787,-7.66589
27548,42.57695,-7.68183
27549,42.5747,-7.6237
27550,42.7266,-7.7539
27554,42.7187,-7.7931
27555,42.70042,-7.80705
27556,42.7117,-7.72158
27557,42.7444,-7.6903
27558,42.74947,-7.77347
27559,42.7266,-7.7539
27560,42.7925,-7.81173
27568,42.81639,-7.79319
27569,42.76881,-7.82939
27570,42.7635,-7.8822
27576,42.7635,-7.8822
27577,42.8,-7.94442
27578,42.74038,-7.88737
27579,42.76136,-7.85628
27590,42.6667,-7.75
27591,42.6667,-7.75
27592,42.6667,-7.75
27593,42.6667,-7.75
27594,42.6667,-7.75
27595,42.6667,-7.75
27596,42.6667,-7.75
27600,42.7975,-7.2865
27610,42.76602,-7.38765
27611,42.75581,-7.58109
27612,42.77585,-7.49007
27613,42.7296,-7.5143
27614,42.8169,-7.40499
27615,42.7888,-7.4585
27616,42.7667,-7.45
27617,42.8341,-7.4047
27618,42.7453,-7.42673
27619,42.7888,-7.4585
27620,42.7329,-7.32
27623,42.7,-7.2167
27624,42.7329,-7.32
27625,42.7329,-7.32
27626,42.7329,-7.32
27627,42.731,-7.3258
27628,42.74762,-7.3428
27630,42.7487,-7.2893
27631,42.7664,-7.2705
27632,42.7596,-7.212
27633,42.7487,-7.2893
27634,42.7711,-7.2051
27635,42.7266,-7.3603
27636,42.7095,-7.3562
27637,42.7487,-7.2893
27638,42.7522,-7.3797
27639,42.7556,-7.2414
27640,42.8371,-7.1636
27646,42.8371,-7.1636
27647,42.83087,-7.1635
27648,42.86695,-7.17115
27649,42.8206,-7.1566
27650,42.9404,-7.0086
27651,42.9404,-7.0086
27652,42.95995,-6.92225
27653,42.9404,-7.0086
27654,42.9404,-7.0086
27655,42.9356,-6.96167
27656,42.9404,-7.0086
27657,42.9404,-7.0086
27658,43.047,-7.0017
27659,42.8924,-7.08109
27660,42.7975,-7.2865
27661,42.7975,-7.2865
27662,42.83265,-7.13647
27663,42.7975,-7.2865
27664,42.7975,-7.2865
27665,42.7975,-7.2865
27666,42.7975,-7.2865
27667,42.7975,-7.2865
27668,42.7975,-7.2865
27670,42.7598,-7.1016
27671,42.6703,-7.0493
27672,42.7129,-7.1615
27673,42.7598,-7.1016
27675,42.7598,-7.1016
27676,42.7817,-7.1017
27677,42.76,-7.1355
27678,42.82535,-7.13615
27679,42.8483,-7.1447
27680,42.8413,-7.2466
27685,42.8937,-7.2525
27686,42.86979,-7.27049
27687,42.6966,-7.1681
27688,42.8437,-7.23623
27689,42.85777,-7.25873
27690,42.8092,-7.346
27691,42.7946,-7.2274
27692,42.8333,-7.3
27693,42.8378,-7.3446
27694,42.7946,-7.2274
27695,42.45,-6.9
27696,42.7946,-7.2274
27697,42.9186,-7.237
27698,42.7946,-7.2274
27699,42.7946,-7.2274
27700,43.4062,-7.3037
27710,43.5064,-7.118
27711,43.4935,-7.1229
27712,43.4848,-7.0675
27713,43.5064,-7.118
27714,43.491,-7.1778
27715,43.5568,-7.1044
27720,43.3262,-7.1462
27721,43.3262,-7.1462
27722,43.3,-7.1333
27723,43.3262,-7.1462
27724,43.3262,-7.1462
27725,43.3262,-7.1462
27726,43.3262,-7.1462
27727,43.3886,-7.1916
27728,43.3525,-7.1591
27729,43.3262,-7.1462
27730,43.31331,-7.48332
27737,43.40833,-7.5167
27738,43.3663,-7.4609
27740,43.3287,-7.2771
27742,43.4167,-7.3333
27743,43.3287,-7.2771
27744,43.28471,-7.24909
27745,43.3287,-7.2771
27747,43.3287,-7.2771
27748,43.3287,-7.2771
27749,43.3287,-7.2771
27750,43.4062,-7.3037
27751,43.4062,-7.3037
27752,43.4062,-7.3037
27760,43.4049,-7.1869
27765,43.4049,-7.1869
27766,43.4049,-7.1869
27767,43.4049,-7.1869
27768,43.4049,-7.1869
27770,43.5167,-7.4083
27773,43.5167,-7.4
27774,43.5167,-7.4083
27775,43.5167,-7.4167
27776,43.5167,-7.4083
27777,43.5167,-7.4083
27778,43.5167,-7.4083
27779,43.5167,-7.4083
27780,43.5692,-7.2544
27785,43.5692,-7.2544
27786,43.5692,-7.2544
27787,43.5692,-7.2544
27788,43.5692,-7.2544
27789,43.5692,-7.2544
27790,43.3786,-7.1347
27791,43.3786,-7.1347
27792,43.55,-7.2
27793,43.3786,-7.1347
27794,43.3786,-7.1347
27795,43.3786,-7.1347
27796,43.3786,-7.1347
27797,43.2072,-7.0694
27798,43.3786,-7.1347
27800,43.442,-7.6585
27810,43.2233,-7.8133
27811,43.2333,-7.6667
27812,43.2667,-7.6667
27813,43.2833,-7.7
27814,43.2233,-7.8133
27815,43.2233,-7.8133
27816,43.3333,-7.65
27817,43.2233,-7.8133
27818,43.0,-8.3833
27820,43.3,-7.6833
27821,43.3,-7.7167
27822,43.3083,-7.7292
27823,43.3083,-7.7292
27824,43.3167,-7.7667
27825,43.3167,-7.75
27826,43.3083,-7.7292
27830,43.3333,-7.7167
27832,43.34167,-7.775
27833,43.3611,-7.85017
27834,43.4042,-7.7644
27835,43.375,-8.2667
27836,43.3639,-7.8687
27837,43.37577,-7.8915
27840,43.3167,-7.6167
27841,43.3,-7.5833
27842,43.3667,-7.5833
27843,43.33,-7.56
27844,43.33,-7.56
27845,43.3167,-7.5167
27849,43.35,-7.5
27850,43.442,-7.6585
27860,43.6012,-7.6191
27861,43.6012,-7.6191
27863,43.6012,-7.6191
27864,43.6093,-7.5727
27865,43.55832,-7.6
27866,43.6012,-7.6191
27867,43.6,-7.7
27868,43.6718,-7.6692
27869,43.6012,-7.6191
27870,43.6858,-7.5117
27876,43.7031,-7.5316
27877,43.7104,-7.53355
27878,43.7031,-7.5316
27879,43.7031,-7.5316
27880,43.6607,-7.3614
27888,43.65005,-7.4284
27889,43.65,-7.4
27890,43.6393,-7.3686
27891,43.6666,-7.405
27892,43.6097,-7.351
27893,43.6143,-7.3133
28001,40.4255,-3.6834
28002,40.4465,-3.6751
28003,40.4423,-3.7046
28004,40.4241,-3.7007
28005,40.4081,-3.7107
28006,40.4344,-3.6805
28007,40.4066,-3.6724
28008,40.4277,-3.7239
28009,40.4207,-3.6747
28010,40.4329,-3.698
28011,40.4087,-3.7361
28012,40.4106,-3.7017
28013,40.4187,-3.7076
28014,40.4133,-3.6939
28015,40.4319,-3.7106
28016,40.4582,-3.6724
28017,40.4285,-3.6453
28018,40.3857,-3.6566
28019,40.393,-3.7245
28020,40.4551,-3.6983
28021,40.3457,-3.699
28022,40.4428,-3.5933
28023,40.46,-3.7866
28024,40.3921,-3.7728
28025,40.3832,-3.7369
28026,40.3841,-3.7072
28027,40.4401,-3.6437
28028,40.4312,-3.667
28029,40.471,-3.7007
28030,40.405,-3.6446
28031,40.377,-3.624
28032,40.4053,-3.6099
28033,40.4736,-3.6543
28034,40.4931,-3.6956
28035,40.4766,-3.728
28036,40.4634,-3.6835
28037,40.4305,-3.6232
28038,40.3971,-3.658
28039,40.4597,-3.707
28040,40.4489,-3.7199
28041,40.3677,-3.7019
28042,40.4638,-3.5923
28043,40.4596,-3.646
28044,40.3749,-3.7629
28045,40.3963,-3.6924
28046,40.4599,-3.6884
28047,40.3948,-3.7463
28048,40.5025,-3.76375
28049,40.5056,-3.6985
28050,40.4975,-3.6637
28051,40.3652,-3.6027
28052,40.3988,-3.5867
28053,40.3837,-3.6679
28054,40.3665,-3.7568
28055,40.4881,-3.6302
28070,40.4165,-3.7026
28071,40.4165,-3.7026
28080,40.4165,-3.7026
28082,40.4165,-3.7026
28083,40.4165,-3.7026
28085,40.4165,-3.7026
28086,40.4165,-3.7026
28087,40.4165,-3.7026
28100,40.5447,-3.6406
28108,40.5316,-3.6475
28109,40.5229,-3.6329
28110,40.5976,-3.4987
28119,40.5971,-3.4974
28120,40.8772,-3.5118
28130,40.63425,-3.4637
28140,40.8772,-3.5118
28150,40.6937,-3.5116
28160,40.8772,-3.5118
28170,40.7584,-3.4616
28180,40.827,-3.5376
28189,40.75132,-3.59582
28190,41.08849,-3.41745
28191,41.0606,-3.51413
28192,40.88715,-3.55945
28193,40.9199,-3.527
28194,40.96185,-3.52095
28195,40.9872,-3.5339
28196,41.0056,-3.5617
28200,40.5914,-4.1474
28209,40.5914,-4.1474
28210,40.13094,-3.68174
28211,40.5405,-4.1253
28212,40.4685,-4.1237
28213,40.238,-3.90165
28214,40.1642,-3.7327
28219,40.057,-3.6048
28220,40.4708,-3.8748
28221,40.4711,-3.8575
28222,40.4522,-3.8725
28223,40.4329,-3.8134
28224,40.4329,-3.8134
28229,40.4833,-3.9667
28230,40.4929,-3.8737
28231,40.4929,-3.8737
28232,40.4929,-3.8737
28240,40.6226,-3.9073
28248,40.057,-3.6048
28250,40.57842,-3.9847
28260,40.5626,-4.0082
28270,40.5581,-4.0158
28279,40.5606,-4.0171
28280,40.3214,-3.86695
28290,40.5578,-3.8917
28292,40.6092,-4.04746
28293,40.56777,-4.1667
28294,40.5775,-4.1592
28295,40.51155,-4.29745
28296,40.59875,-4.26537
28297,40.57467,-4.21037
28300,40.04135,-3.5804
28310,40.07435,-3.64855
28311,40.1277,-3.5769
28312,40.1277,-3.5769
28320,40.24235,-3.70012
28330,40.2074,-3.5706
28339,40.2074,-3.5706
28340,40.1908,-3.6789
28341,40.1833,-3.6841
28342,40.1964,-3.6862
28343,40.1889,-3.6676
28350,40.1581,-3.6227
28359,40.1379,-3.57
28360,40.1038,-3.4854
28370,40.1402,-3.4227
28380,40.06694,-3.56094
28390,40.1316,-3.3358
28391,40.1612,-3.3675
28400,40.6424,-3.9981
28410,40.7263,-3.8627
28411,40.6782,-3.9707
28412,40.6989,-3.9337
28413,40.7161,-3.92
28419,40.7011,-3.9223
28420,40.59746,-3.97821
28430,40.64917,-4.02497
28440,40.67283,-4.08956
28450,40.69275,-4.02605
28459,40.6933,-4.0228
28460,40.728,-4.0765
28470,40.52885,-4.26985
28479,40.7569,-4.0728
28480,40.7153,-4.073
28490,40.717,-3.9886
28491,40.4353,-3.6495
28492,40.5761,-3.819
28500,40.5161,-3.5232
28510,40.3396,-3.3798
28511,40.2949,-3.3017
28512,40.3347,-3.234
28513,40.3395,-3.2755
28514,40.3673,-3.2412
28515,40.3667,-3.2167
28521,40.2774,-3.2775
28522,40.2774,-3.2775
28523,40.2774,-3.2775
28524,40.2774,-3.2775
28529,40.2774,-3.2775
28530,40.2268,-3.4327
28540,40.2313,-3.3502
28550,40.246,-3.3154
28560,40.2575,-3.2374
28570,40.2774,-3.2775
28580,40.3284,-3.1826
28590,40.1666,-3.2728
28594,40.2104,-3.1945
28595,40.1837,-3.1065
28596,40.2333,-3.1
28597,40.1157,-3.1572
28598,40.0662,-3.2367
28600,40.13463,-3.73997
28607,40.2307,-3.9945
28609,40.34493,-4.08557
28610,40.2989,-4.1122
28620,40.3236,-4.2032
28630,40.2785,-4.3053
28640,40.3007,-4.4335
28648,40.3087,-4.4584
28649,40.3167,-4.4833
28650,40.2635,-4.467
28660,40.405,-3.8783
28668,40.405,-3.8783
28669,40.405,-3.8783
28670,40.20695,-3.75245
28679,40.3569,-3.9001
28680,40.1586,-3.8693
28690,40.4049,-3.9993
28691,40.18698,-3.73798
28692,40.3149,-4.0081
28693,40.429,-4.0565
28694,40.3789,-4.2101
28695,40.3861,-4.2512
28696,40.3605,-4.3346
28700,40.5443,-3.6159
28701,40.5443,-3.6159
28702,40.5443,-3.6159
28703,40.5443,-3.6159
28706,40.057,-3.6048
28707,40.5387,-3.60385
28708,40.4469,-3.6137
28709,40.4469,-3.6137
28710,40.7338,-3.5839
28720,40.8585,-3.71
28721,40.8183,-3.61365
28722,40.7677,-3.5346
28723,40.7449,-3.602
28729,40.83052,-3.652
28730,40.9909,-3.6337
28737,41.02286,-3.62294
28739,40.9912,-3.67422
28740,40.9041,-3.879
28741,40.9202,-3.7886
28742,40.9202,-3.7886
28743,40.9199,-3.6838
28749,40.92435,-3.79215
28750,40.3679,-3.6106
28751,40.8663,-3.6141
28752,40.9283,-3.6208
28753,40.9127,-3.58625
28754,40.9455,-3.60248
28755,41.07424,-3.59766
28756,41.1319,-3.5821
28760,40.58816,-3.69865
28770,40.66458,-3.77276
28791,40.7526,-3.7802
28792,40.8155,-3.7621
28793,40.787,-3.7412
28794,40.785,-3.6935
28800,40.482,-3.36
28801,40.482,-3.36
28802,40.482,-3.36
28803,40.482,-3.36
28804,40.482,-3.36
28805,40.50615,-3.3278
28806,40.482,-3.36
28807,40.482,-3.36
28810,40.4374,-3.32544
28811,40.4251,-3.2637
28812,40.4164,-3.23495
28813,40.3836,-3.33735
28814,40.5429,-3.4546
28815,40.627,-3.4004
28816,40.59107,-3.35277
28817,40.4997,-3.2533
28818,40.46895,-3.25095
28820,40.4238,-3.5613
28821,40.4284,-3.5612
28822,40.4191,-3.5516
28823,40.4318,-3.5395
28830,40.4239,-3.5326
28840,40.3928,-3.4819
28850,40.4554,-3.4697
28851,40.4554,-3.4697
28860,40.5035,-3.5278
28861,40.539,-3.5064
28862,40.5608,-3.5476
28863,40.5672,-3.5059
28864,40.53218,-3.47914
28870,40.482,-3.36
28880,40.55227,-3.3291
28890,40.3846,-3.4139
28891,40.3652,-3.4848
28900,40.3057,-3.7329
28901,40.3048,-3.7303
28902,40.3112,-3.7292
28903,40.3184,-3.719
28904,40.3083,-3.7368
28905,40.2929,-3.7479
28906,40.3054,-3.7013
28907,40.3221,-3.7327
28909,40.3057,-3.7329
28910,40.3272,-3.7635
28911,40.3272,-3.7635
28912,40.3272,-3.7635
28913,40.3272,-3.7635
28914,40.3272,-3.7635
28915,40.3272,-3.7635
28916,40.3272,-3.7635
28917,40.3272,-3.7635
28918,40.3272,-3.7635
28919,40.3272,-3.7635
28920,40.3458,-3.8249
28921,40.3458,-3.8249
28922,40.3458,-3.8249
28923,40.3458,-3.8249
28924,40.3458,-3.8249
28925,40.3458,-3.8249
28930,40.3223,-3.865
28931,40.3223,-3.865
28932,40.3223,-3.865
28933,40.3223,-3.865
28934,40.3223,-3.865
28935,40.3223,-3.865
28936,40.3223,-3.865
28937,40.3223,-3.865
28938,40.2959,-3.89225
28939,40.27923,-3.91323
28940,40.2842,-3.7941
28941,40.2989,-3.8022
28942,40.2925,-3.8136
28943,40.2841,-3.8047
28944,40.2806,-3.7942
28945,40.2893,-3.7888
28946,40.274,-3.7694
28947,40.264,-3.7497
28950,40.2613,-3.8596
28970,40.2504,-3.8306
28971,40.2125,-3.8548
28976,40.2085,-3.9204
28977,40.1714,-3.8276
28978,40.189,-3.8353
28979,40.2021,-3.8819
28980,40.236,-3.7675
28981,40.2379,-3.7741
28982,40.239,-3.7641
28983,40.2303,-3.7598
28984,40.2357,-3.7872
28990,40.1875,-3.7768
28991,40.1989,-3.797
29001,36.7202,-4.4203
29002,36.7202,-4.4203
29003,36.7202,-4.4203
29004,36.7202,-4.4203
29005,36.7202,-4.4203
29006,36.7202,-4.4203
29007,36.7202,-4.4203
29008,36.7202,-4.4203
29009,36.7202,-4.4203
29010,36.7202,-4.4203
29011,36.7202,-4.4203
29012,36.7202,-4.4203
29013,36.7202,-4.4203
29014,36.7202,-4.4203
29015,36.7202,-4.4203
29016,36.7202,-4.4203
29017,36.7202,-4.4203
29018,36.7202,-4.4203
29070,36.7202,-4.4203
29071,36.7202,-4.4203
29080,36.7202,-4.4203
29100,36.6618,-4.7533
29108,36.6595,-4.7564
29109,36.68705,-4.90475
29110,36.6307,-4.8292
29120,36.64358,-4.68994
29130,36.67519,-4.56189
29140,36.7202,-4.4203
29150,36.8255,-4.5407
29160,36.89282,-4.42956
29170,36.90512,-4.3361
29180,36.9165,-4.2924
29190,36.7202,-4.4203
29193,36.8375,-4.2919
29194,36.98665,-4.2662
29195,36.84928,-4.2467
29196,36.7202,-4.4203
29197,36.7682,-4.30835
29200,37.0192,-4.5601
29210,37.2667,-4.4143
29220,37.2347,-4.4869
29230,36.90313,-4.5043
29239,36.8255,-4.5407
29240,37.008,-4.5023
29250,37.05865,-4.50765
29260,36.94055,-4.62085
29300,37.0954,-4.3854
29310,37.19405,-4.0315
29311,37.15845,-4.33705
29312,36.9968,-4.3653
29313,37.0283,-4.3389
29314,37.1192,-4.2202
29315,37.1828,-4.3338
29320,37.0475,-4.8636
29327,36.9831,-4.9192
29328,37.1242,-4.8677
29329,37.156,-4.8429
29330,37.0021,-5.0226
29340,36.9515,-5.0244
29350,36.7977,-5.1396
29360,36.735,-5.2513
29370,36.7193,-5.2522
29380,36.6171,-5.3427
29391,36.6512,-5.2741
29392,36.6512,-5.2741
29393,36.6512,-5.2741
29394,36.7324,-5.20605
29395,36.6512,-5.2741
29400,36.73585,-5.1569
29410,36.733,-4.9202
29420,36.7902,-4.9484
29430,36.8151,-5.2982
29440,36.6311,-5.1217
29450,36.6127,-5.1498
29451,36.656,-5.1296
29452,36.6454,-5.1536
29460,36.6336,-5.2026
29461,36.6169,-5.1884
29462,36.6244,-5.1697
29470,36.8754,-5.0449
29471,36.8855,-4.9816
29480,36.5178,-5.3158
29490,36.5512,-5.2761
29491,36.5892,-5.26462
29492,36.5549,-5.2256
29493,36.5903,-5.259
29494,36.6399,-5.245
29500,36.8236,-4.7058
29510,36.8724,-4.699
29520,37.1353,-4.73
29530,37.2072,-4.6567
29531,37.113,-4.7014
29532,37.1246,-4.658
29533,37.1493,-4.6728
29540,36.8724,-4.699
29550,36.8783,-4.8458
29551,36.8525,-4.8203
29552,36.909,-4.76
29560,36.7648,-4.7074
29566,36.7856,-4.8424
29567,36.72765,-4.8582
29569,36.76122,-4.72199
29570,36.7107,-4.633
29580,36.8724,-4.699
29590,36.7202,-4.4203
29591,36.7202,-4.4203
29593,36.7202,-4.4203
29600,36.5154,-4.8858
29601,36.5124,-4.8853
29602,36.516,-4.9107
29603,36.5127,-4.8734
29604,36.5154,-4.8858
29610,36.5649,-4.8556
29611,36.5827,-4.9496
29612,36.5738,-4.9026
29620,36.6215,-4.5042
29630,36.6,-4.5368
29631,36.6033,-4.5424
29639,36.6016,-4.5396
29640,36.5504,-4.6193
29649,36.5958,-4.6373
29650,36.5951,-4.6398
29651,36.5958,-4.6373
29660,36.5154,-4.8858
29670,36.5154,-4.8858
29678,36.5236,-5.0463
29679,36.51757,-5.05403
29680,36.42675,-5.14745
29688,36.43597,-5.1228
29689,36.4276,-5.1459
29690,36.4444,-5.2731
29691,36.377,-5.2508
29692,36.35533,-5.24445
29693,36.39663,-5.225
29700,36.778,-4.1523
29710,36.928,-4.1909
29711,36.92227,-4.12412
29712,36.86196,-4.11821
29713,36.8777,-4.17638
29714,36.8543,-4.0245
29715,36.86225,-4.033
29716,36.873,-4.0825
29718,36.82415,-4.19976
29719,36.8116,-4.12868
29720,36.7627,-4.20445
29730,36.7171,-4.2758
29738,36.75577,-4.24742
29740,36.742,-4.0929
29749,36.73675,-4.14155
29750,36.7737,-4.03945
29751,36.75355,-4.0634
29752,36.7981,-4.0137
29753,36.87112,-3.9974
29754,36.8335,-3.9743
29755,36.8466,-3.9868
29760,36.7445,-4.03
29770,36.7593,-3.9525
29780,36.7547,-3.8724
29787,36.7584,-3.8434
29788,36.7897,-3.896
29789,36.7875,-3.8944
29790,36.7177,-4.2086
29791,36.75738,-4.15695
29792,36.76745,-4.1851
29793,36.73953,-3.97879
30001,37.987,-1.13
30002,37.987,-1.13
30003,37.987,-1.13
30004,37.987,-1.13
30005,37.987,-1.13
30006,37.987,-1.13
30007,37.987,-1.13
30008,37.987,-1.13
30009,37.987,-1.13
30010,37.987,-1.13
30011,37.987,-1.13
30012,37.987,-1.13
30070,37.987,-1.13
30071,37.987,-1.13
30080,37.987,-1.13
30100,38.00048,-1.1436
30107,38.0003,-1.1715
30108,38.0004,-1.1506
30109,38.0004,-1.1506
30110,38.01308,-1.1196
30120,37.9394,-1.1609
30130,38.04637,-1.00257
30139,38.0422,-1.0246
30140,38.0622,-1.0496
30148,38.0615,-1.0488
30149,38.0615,-1.0488
30150,37.9398,-1.1416
30151,37.966,-1.1273
30152,37.957,-1.1524
30153,37.83817,-1.1737
30154,37.77727,-1.1234
30155,37.8685,-1.1318
30156,37.8978,-1.1395
30157,37.94375,-1.11165
30158,37.957,-1.09135
30160,38.02485,-1.0918
30161,38.0054,-1.0725
30162,38.0166,-1.0524
30163,37.97033,-1.06866
30164,37.96555,-0.99285
30165,37.9563,-1.0674
30166,37.9721,-1.1722
30167,37.9772,-1.1798
30168,37.96745,-1.1688
30169,37.6411,-0.8228
30170,38.041,-1.4909
30176,37.9895,-1.5058
30177,37.9725,-1.445
30178,37.91785,-1.418
30179,37.9406,-1.3695
30180,38.0471,-1.6695
30189,38.084,-1.66948
30190,38.0282,-1.3862
30191,38.0397,-1.3531
30192,38.048,-1.511
30193,38.04973,-1.43777
30194,38.0452,-1.5177
30195,38.0727,-2.00605
30196,38.048,-1.511
30200,37.6051,-0.9862
30201,37.6051,-0.9862
30202,37.59955,-0.97355
30203,37.6051,-0.9862
30204,37.6051,-0.9862
30205,37.6051,-0.9862
30300,37.6051,-0.9862
30310,37.6051,-0.9862
30319,37.68552,-0.99363
30320,37.7,-1.1
30329,37.7188,-1.1555
30330,37.7167,-1.0482
30331,37.72827,-1.08263
30332,37.74365,-1.108
30333,37.7372,-1.24242
30334,37.663,-1.18955
30335,37.6713,-1.2602
30338,37.7356,-1.2795
30350,37.6061,-0.9162
30351,37.60605,-0.91545
30353,37.6061,-0.9162
30360,37.6192,-0.878
30364,37.5911,-0.8528
30365,37.6329,-0.9684
30366,37.6467,-0.8665
30367,37.66028,-0.95626
30368,37.59718,-1.09345
30369,37.63303,-0.91906
30370,37.60973,-0.8595
30380,37.6413,-0.7165
30381,37.6259,-0.8202
30382,37.63835,-0.83215
30383,37.6291,-0.7923
30384,37.63645,-0.77945
30385,37.63424,-0.84057
30389,37.5688,-1.1805
30390,37.69072,-1.0688
30391,37.652,-1.0466
30392,37.6427,-1.0649
30393,37.6046,-1.06701
30394,37.624,-1.0601
30395,37.6785,-0.93588
30396,37.63786,-1.10036
30397,37.6534,-1.08288
30398,37.63509,-1.16507
30399,37.634,-1.03455
30400,38.0823,-1.9868
30410,38.02832,-1.92693
30411,37.9284,-2.0542
30412,38.01464,-2.0131
30413,38.0414,-2.19316
30414,38.02113,-2.2605
30420,38.23001,-1.69997
30430,38.0924,-1.7985
30438,38.0669,-1.7934
30439,38.10878,-1.77101
30440,38.1886,-1.8921
30441,38.19318,-2.16268
30442,38.2731,-2.01981
30500,38.0546,-1.2076
30506,38.0546,-1.2076
30507,38.0546,-1.2076
30508,38.0546,-1.2076
30509,38.0546,-1.2076
30510,38.6125,-1.1167
30520,38.4772,-1.3257
30528,38.5324,-1.30233
30529,38.37929,-1.15789
30530,38.23975,-1.42022
30535,38.24,-1.4199
30540,38.17882,-1.37522
30550,38.2055,-1.3991
30558,37.6333,-1.1
30559,38.26828,-1.3016
30560,38.0521,-1.2457
30561,38.06765,-1.25915
30562,38.0786,-1.2747
30563,38.0971,-1.284
30564,38.0826,-1.251
30565,38.02527,-1.23997
30566,37.95589,-1.32001
30570,37.9765,-1.08617
30579,37.9811,-1.0532
30580,38.014,-1.0375
30588,38.01015,-0.99785
30589,37.9918,-1.0358
30590,37.81609,-1.02196
30591,37.8185,-0.9569
30592,37.8281,-0.93478
30593,37.69129,-0.96099
30594,37.71134,-0.99342
30600,38.11363,-1.3033
30609,38.1163,-1.3004
30610,38.148,-1.4086
30611,38.147,-1.3426
30612,38.1393,-1.3307
30613,38.1357,-1.3246
30620,38.1807,-1.1253
30626,38.2368,-1.1617
30627,38.16054,-1.20521
30628,38.2368,-1.1617
30629,38.26384,-1.16017
30640,38.2068,-1.041
30648,38.2615,-1.0298
30649,38.21607,-1.05777
30700,37.7429,-0.954
30708,37.78,-0.9859
30709,37.7989,-1.0027
30710,37.7592,-0.83734
30720,37.8022,-0.8054
30729,37.8022,-0.8054
30730,37.8036,-0.8336
30739,37.80713,-0.85566
30740,37.80092,-0.87486
30800,37.67165,-1.69785
30810,37.844,-1.8763
30811,37.8009,-1.7312
30812,37.90837,-1.83
30813,37.63899,-1.69969
30814,37.81348,-1.70572
30815,37.672,-1.6548
30816,37.68863,-1.59218
30817,37.7964,-1.5813
30818,37.76783,-1.7191
30820,37.9691,-1.2155
30830,37.9903,-1.1961
30831,37.9885,-1.2041
30832,37.986,-1.217
30833,37.7487,-1.1942
30834,37.784,-1.37363
30835,37.9667,-1.2333
30836,37.9788,-1.19195
30837,37.8861,-1.2426
30840,37.851,-1.4251
30848,37.86447,-1.46657
30849,37.76459,-1.39369
30850,37.7701,-1.5004
30858,37.71039,-1.39356
30859,37.7123,-1.45481
30860,37.5614,-1.2564
30868,37.57373,-1.19847
30870,37.5992,-1.3149
30875,37.5689,-1.418
30876,37.52752,-1.48488
30877,37.60383,-1.34353
30878,37.60444,-1.40487
30879,37.59183,-1.38943
30880,37.4063,-1.5829
30889,37.45963,-1.57907
30890,37.56314,-1.8094
30891,37.5861,-1.7799
30892,37.8869,-1.3539
30893,37.4731,-1.7765
31001,42.8178,-1.6446
31002,42.8144,-1.6422
31003,42.8111,-1.641
31004,42.8116,-1.6342
31005,42.8054,-1.6419
31006,42.8067,-1.6315
31007,42.8066,-1.6515
31008,42.8095,-1.6667
31009,42.8005,-1.67
31010,42.8033,-1.6764
31011,42.8155,-1.6609
31012,42.8227,-1.6681
31013,42.8314,-1.6832
31014,42.8264,-1.6496
31015,42.829,-1.6314
31016,42.8138,-1.6288
31070,42.8169,-1.6432
31071,42.8169,-1.6432
31080,42.8169,-1.6432
31100,42.6729,-1.8141
31109,42.6917,-1.8405
31110,42.7624,-1.6345
31119,42.73228,-1.6089
31130,42.6697,-1.8631
31131,42.6756,-1.8906
31132,42.6596,-1.9942
31133,42.7104,-1.76533
31140,42.5892,-1.7634
31150,42.616,-1.84487
31151,42.6802,-1.7858
31152,42.6905,-1.7693
31153,42.6863,-1.7353
31154,42.65747,-1.7063
31160,42.8165,-1.7047
31170,42.82615,-1.7236
31171,42.8315,-1.77232
31172,42.85133,-1.85395
31173,42.81547,-1.78155
31174,42.77422,-1.80593
31175,42.7823,-1.86533
31176,42.76641,-1.93226
31177,42.74606,-1.9964
31178,42.7272,-2.0227
31179,42.69715,-1.9832
31180,42.7873,-1.6911
31190,42.7697,-1.72919
31191,42.74484,-1.66567
31192,42.77552,-1.5771
31193,42.90576,-1.69714
31194,42.86024,-1.63726
31195,42.85526,-1.6982
31200,42.6718,-2.0323
31208,42.6718,-2.0323
31210,42.5696,-2.1918
31219,42.61971,-2.2481
31220,42.5536,-2.2668
31227,42.62236,-2.43556
31228,42.601,-2.32544
31229,42.56225,-2.27533
31230,42.4887,-2.35505
31239,42.5618,-2.3554
31240,42.6568,-2.0383
31241,42.67155,-2.10639
31242,42.6294,-2.105
31243,42.60457,-2.09908
31250,42.6194,-1.953
31251,42.5574,-1.8492
31252,42.5269,-1.8347
31253,42.4834,-1.8276
31254,42.4723,-1.8048
31260,42.4832,-1.9718
31261,42.3758,-1.945
31262,42.5632,-1.9796
31263,42.60085,-2.037
31264,42.61803,-2.01123
31270,42.7792,-2.2564
31271,42.77815,-2.21805
31272,42.7714,-2.13681
31280,42.6547,-2.15503
31281,42.63412,-2.16708
31282,42.64782,-2.25583
31283,42.71794,-2.25408
31284,42.6925,-2.2998
31290,42.71542,-2.08167
31291,42.73169,-1.91216
31292,42.68775,-1.98123
31293,42.4775,-2.0839
31300,42.5279,-1.6764
31310,42.3791,-1.4438
31311,42.3767,-1.5413
31312,42.3767,-1.5413
31313,42.3927,-1.4603
31314,42.3753,-1.5524
31315,42.368,-1.6278
31320,42.2419,-1.7648
31330,42.2793,-1.7463
31340,42.3268,-1.7386
31350,42.3381,-1.8023
31360,42.3149,-1.8018
31370,42.3888,-1.7959
31380,42.3705,-1.6519
31382,42.3587,-1.5489
31383,42.35,-1.5993
31390,42.4809,-1.6505
31391,42.3964,-1.6296
31392,42.422,-1.6216
31393,42.4544,-1.6202
31394,42.5665,-1.6483
31395,42.61074,-1.59713
31396,42.64952,-1.61824
31397,42.6882,-1.6512
31398,42.6797,-1.66597
31400,42.5752,-1.2822
31409,42.5753,-1.2926
31410,42.62018,-1.20267
31411,42.5918,-1.2108
31412,42.7202,-1.0035
31413,42.8021,-1.0139
31414,42.7886,-0.9235
31415,42.8082,-0.9561
31416,42.8312,-0.9459
31417,42.8608,-0.9235
31418,42.884,-0.9269
31420,42.778,-1.4591
31421,42.72288,-1.44478
31422,42.73971,-1.49663
31430,42.8341,-1.3624
31438,42.88266,-1.37845
31439,42.891,-1.29585
31440,42.6532,-1.3058
31448,42.76262,-1.25456
31449,42.6586,-1.3611
31450,42.7176,-1.1174
31451,42.8065,-1.09994
31452,42.81077,-1.07517
31453,42.7293,-1.1484
31454,42.68933,-1.19002
31460,42.5995,-1.384
31470,42.73003,-1.57347
31471,42.7042,-1.5078
31472,42.7032,-1.481
31473,42.66993,-1.44994
31480,42.7139,-1.3328
31481,42.76417,-1.38308
31482,42.8003,-1.47767
31483,42.803,-1.4352
31484,42.8422,-1.44998
31485,42.8079,-1.5021
31486,42.8291,-1.53685
31487,42.6194,-1.2758
31490,42.5225,-1.3664
31491,42.5896,-1.4154
31492,42.5708,-1.4219
31493,42.52705,-1.4005
31494,42.61318,-1.50374
31495,42.5247,-1.5609
31496,42.5,-1.5
31500,42.0598,-1.6075
31510,42.021,-1.4859
31511,42.0321,-1.525
31512,42.02355,-1.56735
31513,42.1758,-1.5971
31514,42.1949,-1.6334
31515,42.2173,-1.6923
31520,41.9972,-1.6808
31521,42.031,-1.6566
31522,41.97055,-1.6851
31523,41.97255,-1.65135
31530,41.9219,-1.4203
31540,41.9732,-1.4832
31550,41.9978,-1.513
31560,42.3099,-1.896
31570,42.3343,-1.9351
31579,42.3931,-1.979
31580,42.4238,-2.0781
31587,42.44355,-2.20085
31588,42.4929,-2.2402
31589,42.3828,-2.0574
31590,42.1691,-1.6895
31591,42.1148,-1.7887
31592,42.0794,-1.8046
31593,42.058,-1.8583
31600,42.8253,-1.6155
31610,42.8323,-1.6074
31620,42.8222,-1.5838
31621,42.8101,-1.5934
31630,42.9248,-1.505
31638,42.978,-1.5074
31639,42.96104,-1.50678
31640,42.9904,-1.3347
31650,43.0094,-1.3199
31660,43.0936,-1.301
31670,42.9791,-1.2313
31671,42.95493,-1.25605
31680,42.9054,-1.0911
31689,42.9135,-1.0538
31690,42.9103,-1.4138
31691,42.8869,-1.1363
31692,42.9143,-1.2231
31693,42.9477,-1.287
31694,42.9791,-1.3692
31695,42.9385,-1.41025
31696,42.9619,-1.4374
31697,42.92355,-1.43761
31698,42.90265,-1.53654
31699,42.86639,-1.56905
31700,43.13638,-1.49812
31710,43.26954,-1.54112
31711,43.27202,-1.50332
31712,43.2913,-1.5051
31713,43.17388,-1.47866
31714,43.1715,-1.45217
31715,43.18662,-1.49082
31720,43.13818,-1.60942
31730,43.13108,-1.53602
31740,43.1323,-1.6707
31744,43.1387,-1.6868
31745,43.12993,-1.7131
31746,43.12468,-1.74224
31747,43.0887,-1.7793
31748,43.083,-1.7965
31749,43.0851,-1.824
31750,43.1159,-1.66545
31751,43.1167,-1.6833
31752,43.1376,-1.7587
31753,43.08465,-1.75005
31754,43.19489,-1.85212
31760,43.23386,-1.6368
31770,43.25166,-1.70296
31780,43.2801,-1.6838
31789,43.27591,-1.7079
31790,43.15185,-1.76375
31791,43.1645,-1.6716
31792,43.13003,-1.64393
31793,43.1334,-1.62645
31794,43.1463,-1.56696
31795,43.1461,-1.5401
31796,43.10988,-1.58106
31797,42.99804,-1.6997
31798,42.95762,-1.60171
31799,42.93093,-1.64989
31800,42.8952,-2.171
31809,42.87055,-2.22855
31810,42.8898,-2.11963
31820,42.91335,-2.05665
31829,42.8825,-2.01593
31830,42.9225,-2.0234
31839,42.9155,-2.0392
31840,42.9219,-2.0016
31849,42.9227,-1.94557
31850,42.92783,-1.8938
31860,42.9184,-1.8285
31866,43.01639,-1.78419
31867,42.9351,-1.72541
31868,42.906,-1.84671
31869,42.96532,-1.81005
31870,42.9997,-1.89215
31876,43.0815,-1.9514
31877,43.03283,-1.9359
31878,43.00163,-1.87085
31879,42.9768,-1.90033
31880,42.9548,-1.8771
31890,43.0255,-1.9803
31891,43.02647,-1.9865
31892,42.90383,-1.77212
32001,42.34002,-7.86552
32002,42.32283,-7.88828
32003,42.3406,-7.8655
32004,42.3412,-7.8393
32005,42.3296,-7.8607
32070,42.3367,-7.8641
32071,42.3367,-7.8641
32080,42.3367,-7.8641
32100,42.40678,-7.86325
32101,42.46502,-7.88931
32102,42.4167,-7.9
32103,42.3667,-7.85
32111,42.4756,-7.9174
32112,42.4756,-7.9174
32120,42.5058,-8.0956
32130,42.47485,-7.9868
32135,42.5119,-7.9966
32136,42.5119,-7.9966
32137,42.51316,-7.99767
32138,42.53307,-7.99977
32139,42.4749,-7.9874
32140,42.4756,-7.9174
32141,42.4756,-7.9174
32150,42.45,-7.8167
32151,42.49369,-7.78792
32152,42.4317,-7.82931
32153,42.4673,-7.8055
32160,42.539,-7.77819
32161,42.4171,-7.7498
32164,42.4659,-7.7612
32170,42.44947,-8.05346
32172,42.39704,-7.93636
32200,42.2526,-8.1466
32211,42.2105,-8.16302
32212,42.42,-7.9568
32213,42.24561,-8.20409
32226,42.5763,-7.8659
32227,42.5763,-7.8659
32228,42.5763,-7.8659
32229,42.5763,-7.8659
32235,42.1734,-8.1449
32236,42.15,-8.1833
32300,42.3609,-7.0138
32310,42.4275,-6.9615
32311,42.4731,-6.8715
32312,42.5038,-6.9334
32314,42.40423,-6.96032
32315,42.4019,-7.0168
32317,42.42242,-7.0008
32318,42.4275,-6.9615
32320,42.3609,-7.0138
32329,42.3609,-7.0138
32330,42.3719,-6.8714
32334,42.3892,-6.8883
32336,42.37029,-6.87923
32337,42.37006,-6.8365
32338,42.3719,-6.8714
32340,42.4343,-7.0483
32348,42.43429,-7.04829
32350,42.4,-7.1167
32356,42.3819,-7.129
32357,42.50935,-7.40609
32358,42.36925,-7.16315
32360,42.2561,-6.9901
32365,42.2442,-6.9319
32366,42.2691,-6.98169
32368,42.29051,-7.03272
32369,42.223,-6.9726
32370,42.3036,-7.1042
32371,42.3423,-7.13163
32372,42.32525,-7.10515
32373,42.28761,-7.08319
32375,42.26961,-7.11221
32400,42.2869,-8.14475
32410,42.2602,-8.214
32411,42.3,-8.129
32412,42.31308,-8.1692
32413,42.3214,-8.1646
32415,42.29376,-8.12821
32416,42.3082,-8.1216
32417,42.32693,-7.95545
32418,42.2858,-8.1462
32419,42.3,-8.129
32420,42.3693,-8.1259
32425,42.56935,-8.26555
32426,42.4647,-8.2849
32428,42.37376,-8.14271
32429,42.4647,-8.2849
32430,42.31188,-8.03681
32431,42.3293,-8.0926
32432,42.3293,-8.0926
32433,42.3641,-8.2041
32440,42.4536,-7.7334
32448,42.513,-7.5654
32449,42.4932,-7.6214
32450,42.3418,-8.0898
32452,42.36706,-8.0132
32453,42.3667,-8.0333
32454,42.34682,-8.09201
32455,42.41541,-8.15038
32456,42.2833,-8.75
32457,42.3667,-8.0167
32459,42.32657,-8.05043
32500,42.3328,-7.6968
32510,42.4628,-8.0707
32512,42.54431,-8.0425
32514,42.49601,-7.93091
32515,42.529,-7.8918
32516,42.33305,-8.10086
32520,42.41569,-8.2689
32521,42.45,-8.15
32522,42.4667,-8.1333
32523,42.45442,-8.3272
32525,42.46832,-8.27308
32526,42.4333,-8.1443
32530,42.5346,-8.0907
32534,42.5074,-8.0878
32536,42.5014,-8.1151
32537,42.47721,-8.0567
32539,42.5074,-8.0878
32540,42.011,-7.0647
32545,42.011,-7.0647
32546,42.011,-7.0647
32547,42.085,-7.2013
32548,42.00006,-7.02751
32549,41.983,-7.0801
32550,42.1795,-7.1122
32551,42.2005,-7.18712
32552,42.13841,-7.20361
32554,42.15602,-7.10178
32555,42.094,-7.0451
32556,42.219,-7.0771
32557,42.1757,-7.1532
32558,42.1624,-7.0401
32560,42.13473,-7.1092
32562,42.13165,-7.159
32563,42.1332,-7.1341
32570,42.3328,-7.6968
32573,42.3328,-7.6968
32574,42.3328,-7.6968
32575,42.3328,-7.6968
32577,42.3328,-7.6968
32600,41.929,-7.43275
32610,41.97253,-7.26698
32611,41.9456,-7.29249
32612,41.9229,-7.4018
32613,41.86281,-7.53312
32615,41.9377,-7.4092
32616,41.8762,-7.2868
32617,41.9248,-7.2162
32618,41.9272,-7.54047
32619,41.9415,-7.4381
32620,42.02143,-7.45403
32621,42.08468,-7.41443
32622,42.00761,-7.46743
32624,41.9913,-7.45423
32625,42.0076,-7.4169
32626,42.03955,-7.36503
32627,41.9415,-7.4381
32630,42.0635,-7.7246
32631,42.08215,-7.64226
32632,41.96265,-7.71248
32633,41.94037,-7.73567
32634,41.9796,-7.76909
32635,42.04421,-7.72556
32636,42.1265,-7.608
32637,42.03212,-7.698
32640,41.9812,-7.8796
32641,41.9812,-7.8796
32643,42.00493,-7.87107
32644,41.9479,-7.896
32646,41.9054,-7.8748
32648,41.9479,-7.896
32650,42.0993,-7.8232
32651,42.103,-7.8107
32652,42.0836,-7.835
32654,42.0736,-7.8645
32655,42.1224,-7.8329
32660,42.1893,-7.802
32664,42.1904,-7.8018
32665,42.1904,-7.8018
32666,42.18526,-7.8003
32667,42.1904,-7.8018
32668,42.19249,-7.80048
32669,42.1904,-7.8018
32670,41.933,-8.1173
32678,42.0998,-8.3586
32679,42.2667,-8.6
32680,42.0324,-7.5301
32688,41.95335,-7.62146
32689,41.9822,-7.57342
32690,42.2652,-8.07571
32691,42.2423,-7.8272
32692,42.10992,-7.75919
32693,42.12582,-7.75869
32695,42.04361,-7.6584
32696,42.05878,-7.58822
32697,41.88317,-7.43457
32698,41.86303,-7.4241
32699,42.1016,-7.7169
32700,42.2699,-7.6508
32701,42.21388,-7.67948
32702,42.18067,-7.5884
32703,42.2723,-7.6968
32704,42.238,-7.7047
32705,42.1974,-7.6068
32706,42.35948,-7.67557
32707,42.2631,-7.6148
32708,42.2833,-7.6
32710,42.3452,-7.8001
32711,42.3597,-7.8189
32720,42.32674,-7.69739
32730,42.3194,-7.6303
32740,42.3561,-7.5359
32747,42.3561,-7.5359
32748,42.3493,-7.51948
32749,42.3764,-7.5851
32750,42.27159,-7.49344
32751,42.29039,-7.4782
32760,42.35,-7.4
32764,42.4833,-7.47111
32765,42.3669,-7.47851
32766,42.4,-7.4167
32767,42.31813,-7.38337
32768,42.2774,-7.40543
32769,42.35671,-7.44324
32770,42.3967,-7.3711
32774,42.3737,-7.4258
32778,42.3967,-7.3711
32779,42.4083,-7.34381
32780,42.3381,-7.2878
32781,42.30975,-7.23335
32782,42.3096,-7.2321
32784,42.3096,-7.2321
32785,42.28144,-7.20804
32786,42.2333,-7.3833
32787,42.3225,-7.272
32788,42.36506,-7.28222
32789,42.32064,-7.27633
32790,42.2755,-7.5014
32791,42.3183,-7.6483
32792,42.3452,-7.8001
32793,42.35,-7.7333
32794,42.3667,-7.35
32800,42.1531,-7.9569
32810,42.2067,-8.1911
32811,42.22501,-7.97719
32812,42.1439,-7.949
32813,42.11779,-7.98047
32814,42.1397,-8.1013
32815,42.15057,-7.9628
32816,42.29534,-7.23011
32817,42.3051,-8.04621
32820,42.2511,-8.0706
32821,42.2511,-8.0706
32823,42.2511,-8.0706
32824,42.2241,-8.01034
32825,42.2027,-7.9985
32826,42.23918,-8.03328
32828,42.153,-7.9551
32830,42.2368,-7.9207
32838,42.2025,-7.8918
32839,42.1835,-7.87583
32840,42.03125,-7.97495
32846,42.03182,-7.96468
32847,42.03,-7.96422
32848,42.0309,-7.9652
32849,42.0309,-7.9652
32850,42.1431,-7.9959
32858,42.1431,-7.9959
32859,42.1431,-7.9959
32860,41.92582,-8.1094
32868,41.933,-8.1173
32869,41.91818,-8.14488
32870,41.8833,-8.1167
32879,41.8833,-8.1167
32880,41.98455,-7.964
32890,42.27903,-7.90185
32892,41.9319,-8.06
32895,42.0746,-7.984
32896,41.9352,-8.039
32897,42.0746,-7.984
32898,41.9496,-7.9993
32899,41.9667,-7.95
32900,43.1667,-7.4
32901,42.4757,-7.82024
32910,42.26935,-7.8629
32911,42.2756,-7.8633
32915,42.3367,-7.8641
32920,42.27817,-7.95265
32930,42.29688,-7.92326
32940,42.32728,-7.99053
32950,42.49891,-7.77209
32960,42.36393,-7.83729
32970,42.33233,-7.86256
32971,42.3367,-7.8641
32980,42.4167,-7.95
32981,42.3451,-7.87159
32990,42.3483,-7.9741
33001,43.3659,-5.8476
33002,43.3646,-5.8493
33003,43.3625,-5.846
33004,43.3637,-5.8548
33005,43.3604,-5.8569
33006,43.35255,-5.8494
33007,43.3576,-5.8503
33008,43.3575,-5.8382
33009,43.3595,-5.8434
33010,43.36182,-5.8416
33011,43.3656,-5.84225
33012,43.3688,-5.8609
33013,43.362,-5.8702
33070,43.3603,-5.8448
33071,43.3603,-5.8448
33080,43.3603,-5.8448
33100,43.3456,-5.9716
33111,43.14699,-6.09671
33112,43.2518,-6.0163
33114,43.24656,-6.01871
33115,43.27925,-5.98445
33116,43.12269,-5.9436
33117,43.1659,-5.96869
33118,43.20229,-5.998
33119,43.3395,-5.97932
33120,43.4891,-6.1131
33125,43.559,-6.0743
33126,43.5331,-6.0599
33127,43.5259,-6.07296
33128,43.48111,-6.19219
33129,43.48344,-6.13089
33130,43.5538,-6.0875
33138,43.54258,-6.10258
33139,43.5347,-6.1194
33140,43.34299,-5.90019
33150,43.5607,-6.1472
33154,43.54902,-5.9913
33155,43.53324,-6.23632
33156,43.56532,-6.2279
33157,43.56572,-6.27634
33158,43.5622,-6.1459
33159,43.53883,-6.16869
33160,43.2239,-5.8877
33161,43.2614,-5.8932
33162,43.2855,-5.91445
33163,43.30035,-5.88245
33170,43.3393,-5.8472
33171,43.35012,-5.84801
33172,43.3062,-5.864
33173,43.29824,-5.8492
33174,43.3326,-5.92072
33180,43.3942,-5.7079
33186,43.373,-5.71267
33187,43.3773,-5.7123
33188,43.3833,-5.7167
33189,43.41666,-5.70732
33190,43.4168,-5.9775
33191,43.36227,-5.92157
33192,43.4451,-5.75869
33193,43.34031,-5.89242
33194,43.38359,-5.86689
33195,43.33969,-5.82589
33196,43.34499,-5.84031
33199,43.36038,-5.76203
33200,43.5357,-5.6615
33201,43.5357,-5.6615
33202,43.5357,-5.6615
33203,43.5357,-5.6615
33204,43.5357,-5.6615
33205,43.5357,-5.6615
33206,43.5357,-5.6615
33207,43.5357,-5.6615
33208,43.5357,-5.6615
33209,43.5357,-5.6615
33210,43.5357,-5.6615
33211,43.5357,-5.6615
33212,43.5357,-5.6615
33213,43.5357,-5.6615
33290,43.5357,-5.6615
33299,43.54285,-5.68075
33300,43.48138,-5.43542
33310,43.432,-5.40721
33311,43.4678,-5.46621
33312,43.4586,-5.50039
33313,43.46382,-5.49369
33314,43.51582,-5.51166
33315,43.52489,-5.4342
33316,43.48708,-5.3854
33317,43.48101,-5.4333
33318,43.4293,-5.4831
33320,43.4849,-5.2715
33324,43.4853,-5.2701
33325,43.4293,-5.30622
33326,43.47409,-5.37961
33327,43.48013,-5.30742
33328,43.50373,-5.27747
33329,43.4628,-5.2674
33330,43.514,-5.2698
33340,43.4968,-5.3242
33341,43.4817,-5.2272
33342,43.4695,-5.23957
33343,43.46225,-5.20683
33344,43.4606,-5.1918
33345,43.45764,-5.07996
33346,43.47305,-5.1531
33347,43.46567,-5.10967
33350,43.51113,-5.662
33390,43.4872,-5.68216
33391,43.47788,-5.68411
33392,43.4773,-5.7198
33393,43.49402,-5.74381
33394,43.49201,-5.70072
33400,43.5547,-5.9248
33401,43.5547,-5.9248
33402,43.5547,-5.9248
33403,43.5547,-5.9248
33404,43.5547,-5.9248
33405,43.5547,-5.9248
33410,43.5333,-5.9333
33411,43.49999,-5.9629
33412,43.4972,-5.975
33414,43.4972,-5.975
33416,43.51729,-5.9106
33417,43.5881,-5.9356
33418,43.60271,-5.89859
33420,43.4027,-5.8121
33422,43.45831,-5.8257
33423,43.6257,-5.8738
33424,43.43487,-5.86945
33425,43.43597,-5.88236
33426,43.4404,-5.89054
33427,43.47069,-5.92351
33428,43.42946,-5.8675
33429,43.40231,-5.79215
33430,43.5892,-5.7674
33438,43.5767,-5.7686
33439,43.5858,-5.77433
33440,43.6152,-5.7934
33448,43.6169,-5.85978
33449,43.6019,-5.8204
33450,43.56428,-5.97889
33456,43.5344,-5.9859
33457,43.5651,-5.96797
33458,43.5329,-6.0698
33459,43.54141,-6.03079
33460,43.55078,-5.87638
33468,43.54949,-5.87115
33469,43.56111,-5.79452
33470,43.49383,-5.91372
33490,43.5646,-5.90424
33491,43.5822,-5.74969
33492,43.52376,-5.69135
33500,43.4208,-4.7554
33507,43.38416,-4.89098
33508,43.39155,-4.90392
33509,43.41449,-4.77126
33510,43.3923,-5.6634
33518,43.3962,-5.59069
33519,43.40559,-5.658
33520,43.3586,-5.5079
33527,43.32906,-5.56746
33528,43.34881,-5.55138
33529,43.36775,-5.49307
33530,43.3491,-5.3654
33534,43.38582,-5.3481
33535,43.38597,-5.45641
33536,43.31118,-5.39529
33537,43.3233,-5.36669
33538,43.34127,-5.37723
33539,43.35171,-5.3582
33540,43.39,-5.1865
33546,43.36458,-5.19088
33547,43.39551,-5.11379
33548,43.39312,-5.20228
33549,43.40628,-5.18355
33550,43.3514,-5.1292
33554,43.26829,-4.78024
33555,43.317,-4.86172
33556,43.34114,-5.01756
33557,43.25458,-5.17809
33558,43.23944,-5.10857
33559,43.32551,-5.15308
33560,43.4615,-5.0595
33566,43.4484,-5.09825
33567,43.44902,-5.09998
33568,43.4452,-5.02964
33569,43.44174,-5.07468
33570,43.3232,-4.5838
33576,43.31804,-4.73784
33577,43.3167,-4.6784
33578,43.33495,-4.67915
33579,43.32154,-4.60222
33580,43.38284,-5.56712
33581,43.35617,-5.48047
33582,43.3684,-5.3066
33583,43.3736,-5.3036
33584,43.35013,-5.26171
33585,43.35543,-5.22117
33586,43.41191,-5.14471
33587,43.4,-5.1167
33588,43.4442,-5.0882
33589,43.34094,-5.08057
33590,43.37646,-4.57492
33591,43.44921,-4.9637
33592,43.4297,-4.92138
33593,43.4442,-4.9064
33594,43.42817,-4.86095
33595,43.4382,-4.8424
33596,43.39768,-4.73014
33597,43.397,-4.66453
33598,43.3947,-4.62585
33599,43.4111,-4.7656
33600,43.25,-5.7667
33610,43.23706,-5.75964
33611,43.2218,-5.7817
33612,43.24275,-5.76728
33613,43.2162,-5.6696
33614,43.29811,-5.75309
33615,43.2169,-5.82763
33616,43.2675,-5.7376
33617,43.2573,-5.7619
33618,43.25341,-5.78591
33619,43.29679,-5.7557
33620,43.1237,-5.8216
33627,43.1051,-5.818
33628,43.08463,-5.82474
33629,43.0971,-5.82421
33630,43.1609,-5.8288
33637,43.16961,-5.84382
33638,43.20078,-5.68892
33639,43.16832,-5.83609
33640,43.20508,-5.7921
33650,43.26249,-5.7947
33660,43.2988,-5.8237
33669,43.29621,-5.82521
33670,43.1676,-5.7379
33673,43.1696,-5.7487
33675,43.16849,-5.74463
33676,43.1373,-5.63877
33677,43.18208,-5.79981
33678,43.1676,-5.7379
33679,43.1676,-5.7379
33680,43.12292,-5.5642
33681,43.09293,-5.60961
33682,43.3455,-5.7736
33683,43.22731,-5.81813
33684,43.17309,-5.74514
33685,43.161,-5.7117
33686,43.15923,-5.62448
33687,43.13367,-5.60335
33688,43.10393,-5.50823
33690,43.44146,-5.82909
33691,43.5317,-5.72581
33692,43.07263,-5.75432
33693,43.13389,-5.76531
33694,43.08663,-5.77678
33695,43.17989,-5.81855
33696,43.3062,-5.864
33697,43.49782,-5.78319
33700,43.53923,-6.52547
33707,43.46509,-6.60629
33708,43.47839,-6.52219
33710,43.52637,-6.7382
33716,43.55488,-6.74817
33717,43.43249,-6.69113
33718,43.4192,-6.72722
33719,43.53346,-6.70962
33720,43.432,-6.8151
33721,43.4187,-6.8235
33724,43.4187,-6.8235
33725,43.43501,-6.81136
33726,43.45763,-6.74228
33727,43.39359,-6.7986
33728,43.40432,-6.85931
33729,43.4326,-6.8883
33730,43.19749,-6.90339
33731,43.33366,-6.83208
33732,43.3757,-6.8388
33733,43.3584,-6.8432
33734,43.34564,-6.8478
33735,43.26188,-6.86039
33736,43.2441,-6.86323
33737,43.1931,-6.9217
33738,43.2155,-6.8757
33739,43.17038,-6.93978
33740,43.5702,-6.9438
33746,43.55875,-6.8714
33747,43.5466,-6.92839
33748,43.5528,-6.9451
33749,43.5634,-6.95418
33750,43.55637,-6.83227
33756,43.5054,-6.8239
33757,43.55051,-6.8225
33758,43.53461,-6.81561
33759,43.52468,-6.85813
33760,43.5265,-7.0299
33768,43.5333,-6.9833
33769,43.508,-7.02
33770,43.4683,-7.0539
33774,43.39267,-7.11128
33775,43.3601,-7.08626
33776,43.33204,-7.00967
33777,43.2809,-6.95228
33778,43.45668,-6.9682
33779,43.41082,-7.0513
33780,43.51731,-6.40853
33782,43.44351,-6.3783
33783,43.4748,-6.48112
33784,43.48816,-6.40733
33785,43.48166,-6.31437
33786,43.4907,-6.3861
33787,43.50816,-6.41409
33788,43.55025,-6.39185
33789,43.5496,-6.4418
33790,43.56088,-6.64522
33791,43.44831,-6.47585
33792,43.52148,-6.58128
33793,43.55103,-6.64587
33794,43.53917,-6.97377
33795,43.48936,-6.76226
33796,43.50659,-6.73961
33798,43.4363,-6.7584
33799,43.432,-6.8151
33800,43.1833,-6.55
33810,43.01896,-6.83713
33811,43.04609,-6.702
33812,42.94157,-6.66288
33813,43.08971,-6.59269
33814,43.11599,-6.61392
33815,43.1902,-6.60408
33816,43.2314,-6.44419
33817,43.10908,-6.48468
33818,43.06049,-6.51468
33819,43.17349,-6.47009
33820,43.388,-6.0743
33825,43.3406,-6.0211
33826,43.29491,-6.11939
33827,43.32269,-6.16451
33828,43.437,-6.09581
33829,43.39765,-6.06713
33830,43.2825,-6.2182
33836,43.28471,-6.29231
33837,43.2798,-6.2328
33838,43.2703,-6.21572
33839,43.2294,-6.21975
33840,43.09336,-6.22289
33841,43.15991,-6.24932
33842,43.12132,-6.3254
33843,43.19025,-6.28065
33844,43.2227,-6.2704
33845,43.30012,-6.22163
33846,43.35,-6.2
33850,43.41479,-6.16167
33857,43.41454,-6.15057
33858,43.40098,-6.1458
33859,43.40046,-6.17608
33860,43.4094,-6.2605
33865,43.35358,-6.1109
33866,43.43229,-6.25915
33867,43.43773,-6.24204
33868,43.42739,-6.135
33869,43.38501,-6.25541
33870,43.3377,-6.4145
33873,43.397,-6.55386
33874,43.3938,-6.53079
33875,43.29401,-6.51449
33876,43.27741,-6.3898
33877,43.38928,-6.36926
33878,43.33019,-6.49767
33879,43.3577,-6.4077
33880,43.2731,-6.6215
33885,43.26854,-6.69192
33886,43.23172,-6.74022
33887,43.21224,-6.74943
33888,43.28218,-6.66885
33889,43.26941,-6.62707
33890,43.24292,-6.59402
33891,43.42729,-6.31549
33892,43.3632,-6.4124
33900,43.29397,-5.68045
33909,43.29461,-5.6847
33910,43.3218,-5.8044
33912,43.3218,-5.8044
33919,43.32175,-5.80436
33920,43.32388,-5.71252
33929,43.30839,-5.71407
33930,43.3197,-5.7067
33934,43.3024,-5.7073
33935,43.32851,-5.64411
33936,43.34872,-5.63144
33937,43.35485,-5.66959
33938,43.3667,-5.6333
33939,43.31149,-5.70448
33940,43.2875,-5.638
33945,43.28789,-5.6367
33946,43.29212,-5.62992
33947,43.2875,-5.638
33948,43.295,-5.64372
33949,43.29791,-5.68974
33950,43.2757,-5.6049
33957,43.27379,-5.60644
33958,43.27759,-5.61
33959,43.2757,-5.6049
33960,43.34085,-5.56375
33969,43.4083,-5.5374
33970,43.2657,-5.5705
33979,43.2657,-5.57049
33980,43.2454,-5.5629
33986,43.22659,-5.5655
33987,43.22862,-5.54942
33988,43.2348,-5.58432
33989,43.24651,-5.56731
33990,43.19659,-5.3401
33991,43.23466,-5.52824
33992,43.2412,-5.52158
33993,43.2174,-5.45853
33994,43.20768,-5.38813
33995,43.1664,-5.39068
33996,43.15588,-5.29808
33997,43.1494,-5.2552
34001,42.0106,-4.5327
34002,42.0058,-4.5281
34003,42.0205,-4.5321
34004,41.9998,-4.5196
34005,42.0125,-4.5405
34006,42.0096,-4.5241
34070,42.0096,-4.5241
34071,42.0096,-4.5241
34080,42.0096,-4.5241
34100,42.5229,-4.7365
34110,42.645,-4.8079
34111,42.56976,-4.79023
34112,42.52737,-4.82578
34113,42.431,-4.78225
34114,42.48418,-4.66978
34115,42.55827,-4.6625
34116,42.45302,-4.75695
34117,42.5762,-4.739
34118,42.4904,-4.6034
34120,42.3413,-4.6007
34126,42.43987,-4.70723
34127,42.40105,-4.57735
34128,42.4167,-4.63768
34129,42.36718,-4.67418
34130,42.2851,-4.5906
34131,42.2686,-4.61586
34132,42.4128,-4.4966
34133,42.194,-4.581
34159,42.3932,-4.6912
34160,42.3932,-4.6912
34170,42.0085,-4.70663
34190,41.95282,-4.51013
34191,41.93486,-4.71841
34192,42.07505,-4.59425
34200,41.92095,-4.48345
34208,41.9676,-4.40402
34209,41.9147,-4.4115
34210,41.8768,-4.5457
34218,41.8511,-4.4097
34219,41.81902,-4.37772
34220,41.9813,-4.4277
34230,42.0337,-4.3199
34239,42.0452,-4.3809
34240,41.9377,-4.2466
34246,41.7909,-4.0703
34247,41.85087,-4.1939
34248,41.98057,-4.02553
34249,41.98073,-4.26723
34250,42.0847,-4.2065
34257,42.07875,-4.12012
34259,42.06578,-4.23902
34260,42.1634,-4.12308
34261,42.1551,-4.2592
34300,42.1537,-4.6919
34304,41.96355,-4.9729
34305,41.98497,-4.84664
34306,42.1464,-4.8635
34307,42.22362,-4.786
34309,42.27565,-4.74654
34310,42.14969,-4.59491
34320,42.2209,-4.8578
34337,42.0833,-4.7833
34338,42.07485,-4.8375
34340,42.2506,-4.9674
34347,42.33084,-4.87495
34349,42.29646,-4.945
34350,42.0425,-4.9128
34400,42.5949,-4.3303
34405,42.48568,-4.28453
34406,42.6453,-4.45278
34407,42.59462,-4.4319
34408,42.5282,-4.4756
34409,42.4987,-4.4522
34410,42.116,-4.4928
34411,42.1525,-4.5165
34419,42.0823,-4.48092
34420,42.173,-4.4696
34429,42.20545,-4.521
34430,42.2133,-4.4366
34439,42.2133,-4.4366
34440,42.2667,-4.4055
34447,42.2909,-4.49105
34449,42.2968,-4.50364
34450,42.1924,-4.294
34460,42.4102,-4.3622
34465,42.1458,-4.2401
34466,42.2115,-4.2457
34467,42.2538,-4.2539
34468,42.3145,-4.29278
34469,42.35497,-4.39314
34470,42.65132,-4.622
34473,42.61077,-4.64102
34475,42.54515,-4.5718
34477,42.49245,-4.52658
34478,42.45925,-4.48025
34479,42.4202,-4.4213
34480,42.6604,-4.3127
34483,42.7283,-4.4222
34484,42.8194,-4.5102
34485,42.72561,-4.46421
34486,42.70438,-4.38102
34487,42.712,-4.3019
34488,42.76192,-4.425
34490,42.2002,-4.3573
34491,42.51582,-4.37402
34492,42.70609,-4.23871
34800,42.7945,-4.2589
34810,42.82886,-4.29035
34811,42.83427,-4.18453
34813,42.77693,-4.17839
34815,42.75829,-4.25336
34820,42.9064,-4.2859
34828,42.88402,-4.32778
34829,42.89984,-4.2753
34830,42.84067,-4.3585
34839,42.87816,-4.40869
34840,42.8668,-4.498
34844,42.88452,-4.56458
34846,42.91533,-4.46911
34847,42.9701,-4.51103
34848,42.9963,-4.5308
34849,43.00244,-4.47134
34850,42.8079,-4.599
34858,42.8076,-4.625
34859,42.81357,-4.59448
34869,42.83142,-4.64798
34870,42.7872,-4.70785
34878,42.73702,-4.67772
34879,42.786,-4.7401
34880,42.7896,-4.8472
34882,42.7158,-4.6337
34886,42.8261,-4.8463
34887,42.9273,-4.67163
34888,42.91508,-4.75884
34889,42.72778,-4.84952
35001,28.0997,-15.4134
35002,28.0997,-15.4134
35003,28.0997,-15.4134
35004,28.0997,-15.4134
35005,28.0997,-15.4134
35006,28.0997,-15.4134
35007,28.0997,-15.4134
35008,28.0997,-15.4134
35009,28.0997,-15.4134
35010,28.0997,-15.4134
35011,28.0944,-15.4591
35012,28.0944,-15.4591
35013,28.0944,-15.4591
35014,28.0997,-15.4134
35015,28.0997,-15.4134
35016,28.0944,-15.4591
35017,28.07965,-15.47865
35018,28.09058,-15.46783
35019,28.0944,-15.4591
35070,28.0997,-15.4134
35071,28.0997,-15.4134
35080,28.0997,-15.4134
35100,27.75549,-15.5841
35106,27.7604,-15.6181
35107,27.80543,-15.46832
35108,27.88714,-15.56446
35109,27.76925,-15.59835
35110,27.84693,-15.44628
35118,27.89389,-15.43884
35119,27.8341,-15.44925
35120,27.7565,-15.6808
35128,27.89144,-15.66911
35129,27.77104,-15.6898
35130,27.7911,-15.708
35138,27.81665,-15.75882
35139,27.8028,-15.7349
35140,27.8378,-15.6511
35149,27.81278,-15.57425
35200,27.9949,-15.41852
35210,27.99395,-15.42022
35211,27.98767,-15.43094
35212,27.99624,-15.42496
35213,28.00044,-15.40936
35214,27.98946,-15.39427
35215,27.98504,-15.41538
35216,27.98259,-15.5233
35217,27.99203,-15.49968
35218,27.99896,-15.42045
35219,27.96906,-15.40464
35220,28.01289,-15.41791
35229,28.03834,-15.42326
35230,27.9936,-15.5125
35240,27.91475,-15.41455
35250,27.9209,-15.4406
35259,27.92318,-15.42404
35260,27.9936,-15.5125
35269,27.98295,-15.50051
35270,27.9083,-15.5082
35280,27.91899,-15.5538
35290,28.2231,-16.57
35299,28.2231,-16.57
35300,28.03375,-15.49961
35307,28.0319,-15.50072
35308,28.03008,-15.50546
35309,28.03656,-15.50463
35310,28.03635,-15.49664
35319,28.03312,-15.48862
35320,28.0089,-15.5333
35328,28.01353,-15.54842
35329,27.99818,-15.5545
35330,28.06164,-15.54519
35333,28.0606,-15.5491
35338,28.0592,-15.5437
35339,28.0608,-15.54902
35340,28.0557,-15.57033
35349,28.06423,-15.57259
35350,28.02382,-15.66905
35360,27.989,-15.6275
35368,27.98952,-15.62769
35369,27.98565,-15.62098
35400,28.11904,-15.52709
35411,28.10392,-15.5109
35412,28.12394,-15.55394
35413,28.12599,-15.52239
35414,28.18438,-15.62841
35415,28.12148,-15.52098
35420,28.1097,-15.5834
35421,28.09062,-15.59282
35422,28.13466,-15.58451
35423,28.1014,-15.5892
35430,28.1093,-15.5623
35431,28.1117,-15.561
35432,28.1129,-15.55657
35450,28.1397,-15.6329
35457,28.10754,-15.60932
35458,28.11293,-15.59946
35459,28.1029,-15.62614
35460,28.1066,-15.5999
35468,28.10635,-15.60457
35469,28.12439,-15.62704
35470,27.95153,-15.78073
35478,27.92534,-15.77422
35479,27.98935,-15.79462
35480,28.1002,-15.7
35488,28.147,-15.6502
35489,28.08862,-15.69648
35500,28.9673,-13.5521
35507,29.0191,-13.5445
35508,28.9934,-13.5024
35509,28.9531,-13.5912
35510,28.94338,-13.65482
35520,29.0322,-13.6071
35530,29.0604,-13.5347
35539,29.06112,-13.53332
35540,29.1451,-13.4702
35541,29.18913,-13.47985
35542,29.13503,-13.4634
35543,29.0979,-13.4685
35544,29.0744,-13.4787
35550,29.0411,-13.6285
35558,29.07477,-13.6292
35559,28.9931,-13.6247
35560,29.06679,-13.66742
35561,29.022,-13.61357
35570,28.93119,-13.76162
35571,28.94436,-13.70883
35572,28.97863,-13.66897
35580,28.94148,-13.77822
35600,28.5004,-13.8627
35610,28.42401,-13.8917
35611,28.50718,-13.9787
35612,28.5442,-13.86673
35613,28.54715,-13.93192
35620,28.213,-14.0225
35625,28.05487,-14.33593
35626,28.0734,-14.31917
35627,28.19951,-14.18609
35628,28.36928,-14.11624
35629,28.27115,-14.05865
35630,28.4037,-14.0125
35637,28.4435,-14.04158
35638,28.37767,-14.01723
35639,28.3725,-13.92778
35640,28.62145,-13.91605
35649,28.58607,-13.91177
35650,28.68346,-14.01006
35660,28.72888,-13.86812
36001,42.4293,-8.644
36002,42.4325,-8.6455
36003,42.4248,-8.6442
36004,42.4272,-8.6317
36005,42.431,-8.6444
36070,42.431,-8.6444
36071,42.431,-8.6444
36080,42.431,-8.6444
36100,42.4384,-8.6085
36110,42.4384,-8.6085
36116,42.4384,-8.6085
36117,42.4384,-8.6085
36118,42.4384,-8.6085
36119,42.4384,-8.6085
36120,42.4667,-8.55
36121,42.4833,-8.5167
36139,42.53045,-8.42415
36140,42.3768,-8.6595
36141,42.3768,-8.6595
36142,42.3768,-8.6595
36143,42.3768,-8.6595
36150,42.4273,-8.627
36151,42.4273,-8.627
36152,42.4273,-8.627
36153,42.4167,-8.6667
36154,42.4273,-8.627
36156,42.45,-8.6167
36157,42.4699,-8.6698
36158,42.41432,-8.61679
36160,42.4219,-8.6473
36161,42.431,-8.6444
36162,42.431,-8.6444
36163,42.431,-8.6444
36164,42.43065,-8.64178
36190,42.4384,-8.6085
36191,42.4384,-8.6085
36192,42.4384,-8.6085
36193,42.4384,-8.6085
36194,42.4384,-8.6085
36201,42.2372,-8.7166
36202,42.236,-8.7274
36203,42.2303,-8.7227
36204,42.2322,-8.7144
36205,42.2298,-8.7036
36206,42.2351,-8.705
36207,42.2465,-8.7003
36208,42.2229,-8.7478
36209,42.2174,-8.7449
36210,42.2157,-8.7359
36211,42.2247,-8.7304
36212,42.2212,-8.7564
36213,42.2118,-8.7481
36214,42.2328,-8.7226
36215,42.2328,-8.7226
36216,42.2328,-8.7226
36270,42.2328,-8.7226
36271,42.2328,-8.7226
36280,42.2328,-8.7226
36281,42.2328,-8.7226
36282,42.2328,-8.7226
36300,42.182,-8.7608
36307,42.182,-8.7608
36308,42.182,-8.7608
36309,42.182,-8.7608
36310,42.2328,-8.7226
36312,42.2328,-8.7226
36313,42.2328,-8.7226
36314,42.2328,-8.7226
36315,42.2328,-8.7226
36316,42.15,-8.7333
36317,42.2328,-8.7226
36318,42.2328,-8.7226
36320,42.2701,-8.6678
36330,42.2328,-8.7226
36331,42.2328,-8.7226
36339,42.2328,-8.7226
36340,42.15,-8.8333
36350,42.1415,-8.8066
36360,42.1667,-8.75
36370,42.182,-8.7608
36378,42.182,-8.7608
36379,42.182,-8.7608
36380,42.1167,-8.725
36388,42.1167,-8.725
36389,42.1167,-8.725
36390,42.2328,-8.7226
36391,42.1667,-8.8
36392,42.2328,-8.7226
36393,42.1997,-8.7613
36400,42.2603,-8.4818
36410,42.2522,-8.5878
36411,42.2522,-8.5878
36412,42.2522,-8.5878
36413,42.2522,-8.5878
36414,42.2522,-8.5878
36415,42.2522,-8.5878
36416,42.19286,-8.64286
36417,42.57222,-8.42778
36418,42.1333,-8.6
36419,42.1833,-8.6333
36420,42.1447,-8.2525
36428,42.1447,-8.2525
36429,42.1447,-8.2525
36430,42.1167,-8.3167
36435,42.1167,-8.3208
36436,42.1167,-8.3333
36437,42.1167,-8.3208
36438,42.1167,-8.3208
36440,42.1111,-8.35
36446,42.1167,-8.3167
36447,42.1111,-8.35
36448,42.1111,-8.35
36449,42.10833,-8.3667
36450,42.745,-8.5264
36455,43.2734,-8.61943
36456,42.745,-8.5264
36457,42.1167,-8.4333
36458,42.3167,-8.4333
36459,42.745,-8.5264
36460,42.2603,-8.4818
36470,42.1,-8.575
36471,42.1,-8.575
36472,42.1,-8.5667
36474,42.1,-8.575
36475,42.1,-8.5833
36490,42.1404,-8.2534
36491,42.1167,-8.3167
36492,42.1523,-8.2218
36493,42.1523,-8.2218
36494,42.1404,-8.2534
36500,42.8561,-8.2748
36510,42.9362,-8.259
36511,42.7167,-8.5167
36512,42.86319,-8.1705
36514,42.9362,-8.259
36515,42.9362,-8.259
36516,43.375,-8.2667
36517,42.9362,-8.259
36518,42.9362,-8.259
36519,42.9362,-8.259
36520,42.92897,-8.0985
36524,43.0121,-8.138
36525,43.0121,-8.138
36526,43.0121,-8.138
36527,43.0121,-8.138
36528,43.15159,-8.2154
36529,42.7333,-7.9833
36530,42.6519,-7.9552
36537,42.6519,-7.9552
36538,42.6519,-7.9552
36539,42.6519,-7.9552
36540,42.7056,-8.3333
36542,42.7056,-8.3333
36543,42.6833,-8.2167
36544,42.7056,-8.3333
36545,42.7056,-8.3333
36546,42.75,-8.5
36547,42.7056,-8.3333
36548,42.6833,-8.2833
36550,43.3417,-8.3
36555,43.35,-8.2833
36556,43.3417,-8.3
36557,43.3417,-8.3
36558,43.3333,-8.3167
36559,43.3417,-8.3
36560,42.5368,-8.3038
36567,42.5368,-8.3038
36568,42.5368,-8.3038
36569,42.5368,-8.3038
36570,42.7311,-8.301
36579,42.696,-8.2465
36580,42.75,-8.5
36581,42.7433,-8.5033
36582,42.7433,-8.5033
36583,42.7433,-8.5033
36584,42.7167,-8.5167
36585,42.7433,-8.5033
36586,42.75,-8.5
36587,42.7433,-8.5033
36588,42.75,-8.5
36589,42.7433,-8.5033
36590,42.9057,-8.2408
36596,43.04582,-8.3917
36597,42.9057,-8.2408
36598,42.8743,-8.1705
36599,42.8128,-8.1955
36600,42.5963,-8.7643
36610,42.629,-8.7389
36611,42.5833,-8.8
36612,42.66699,-8.70452
36613,42.5963,-8.7643
36614,42.629,-8.7389
36615,42.5853,-8.6557
36616,42.629,-8.7389
36617,42.629,-8.7389
36618,42.62748,-8.76428
36619,42.5871,-8.763
36620,42.5637,-8.82177
36626,42.5553,-8.8019
36627,42.5477,-8.7913
36628,42.55,-8.7833
36629,42.5607,-8.8102
36630,42.5062,-8.6673
36633,42.5122,-8.8131
36634,42.5062,-8.6673
36635,42.5062,-8.6673
36636,42.5047,-8.63081
36637,42.5062,-8.6673
36638,42.5062,-8.6673
36639,42.5062,-8.6673
36640,42.6667,-8.6667
36645,42.6667,-8.6667
36646,42.6667,-8.6667
36647,42.6667,-8.6667
36648,42.6667,-8.6667
36649,42.6667,-8.6667
36650,42.6299,-8.627
36652,42.5493,-8.6852
36653,42.6299,-8.627
36654,42.6299,-8.627
36655,42.6299,-8.627
36656,42.6299,-8.627
36657,42.6299,-8.627
36658,42.75,-8.5
36659,42.6167,-8.65
36660,42.5931,-8.6835
36667,42.5931,-8.6835
36668,42.5931,-8.6835
36669,42.5931,-8.6835
36670,42.6177,-8.5936
36675,42.5853,-8.6557
36676,42.6177,-8.5936
36677,42.634,-8.5626
36678,42.6177,-8.5936
36679,42.6177,-8.5936
36680,42.7199,-8.4449
36681,42.7167,-8.5167
36682,42.7199,-8.4449
36683,42.7199,-8.4449
36684,42.6594,-8.4594
36685,42.7333,-8.4
36686,42.72778,-8.4611
36687,42.7199,-8.4449
36688,42.7199,-8.4449
36689,42.7199,-8.4449
36690,42.3358,-8.5962
36691,42.3358,-8.5962
36692,42.3358,-8.5962
36693,42.3358,-8.5962
36700,41.9844,-8.7434
36710,42.0189,-8.7108
36711,42.0189,-8.7108
36712,42.0189,-8.7108
36713,42.01885,-8.71085
36714,42.0189,-8.7108
36715,42.0189,-8.7108
36720,42.0667,-8.6167
36721,42.0667,-8.6167
36729,42.0667,-8.6167
36730,41.9833,-8.7167
36739,42.0167,-8.71112
36740,41.9877,-8.755
36746,42.0333,-8.7333
36747,42.0105,-8.74415
36748,42.0333,-8.7167
36749,42.006,-8.7447
36750,41.95,-8.7667
36760,41.91853,-8.80742
36770,42.0167,-8.8333
36779,42.0167,-8.8333
36780,41.9056,-8.8579
36788,41.9056,-8.8579
36789,41.9056,-8.8579
36790,42.0167,-8.6667
36791,41.99666,-8.69261
36792,41.9772,-8.76085
36794,42.0018,-8.6932
36800,42.369,-8.5199
36810,42.278,-8.6148
36811,42.278,-8.6148
36812,42.2833,-8.6167
36813,42.278,-8.6148
36814,42.2573,-8.6183
36815,42.278,-8.6148
36816,42.2667,-8.6
36817,42.278,-8.6148
36818,42.278,-8.6148
36820,42.402,-8.5261
36826,42.402,-8.5261
36827,42.402,-8.5261
36828,42.402,-8.5261
36829,42.402,-8.5261
36830,42.369,-8.5199
36835,42.369,-8.5199
36836,42.369,-8.5199
36837,42.369,-8.5199
36838,42.369,-8.5199
36839,42.369,-8.5199
36840,42.3,-8.55
36841,42.3042,-8.5042
36842,42.2833,-8.5333
36843,42.3167,-8.5
36844,42.3042,-8.5042
36845,42.3042,-8.5042
36846,42.3042,-8.5042
36847,42.3042,-8.5042
36848,42.3167,-8.4333
36849,42.3042,-8.5042
36851,42.3413,-8.4529
36852,42.3413,-8.4529
36853,42.3413,-8.4529
36854,42.3413,-8.4529
36855,42.3413,-8.4529
36856,42.3413,-8.4529
36857,42.3413,-8.4529
36858,42.3413,-8.4529
36859,42.3413,-8.4529
36860,42.1778,-8.5
36861,42.1778,-8.5
36862,42.1778,-8.5
36863,42.1778,-8.5
36864,42.1778,-8.5
36865,42.1778,-8.5
36866,42.1778,-8.5
36867,42.1667,-8.5
36868,42.1778,-8.5
36869,42.2,-8.5
36870,43.3542,-8.2917
36872,43.3542,-8.2917
36873,43.3542,-8.2917
36874,43.3542,-8.2917
36875,43.3333,-8.3167
36876,43.3542,-8.2917
36877,43.375,-8.2667
36878,43.3542,-8.2917
36879,43.3542,-8.2917
36880,42.369,-8.5199
36883,42.369,-8.5199
36884,42.369,-8.5199
36885,42.369,-8.5199
36886,42.369,-8.5199
36887,42.369,-8.5199
36888,42.369,-8.5199
36889,42.369,-8.5199
36890,42.2264,-8.4686
36891,42.2201,-8.478
36892,42.2201,-8.478
36893,42.2201,-8.478
36895,42.2167,-8.4833
36900,42.3185,-8.7738
36910,42.4167,-8.6667
36911,42.3833,-8.7
36912,42.35,-8.7333
36913,42.3833,-8.7
36914,42.3833,-8.7
36915,42.3833,-8.7
36920,42.3185,-8.7738
36930,42.3204,-8.7665
36937,42.3167,-8.75
36938,42.3204,-8.7665
36939,42.3246,-8.785
36940,42.2641,-8.7846
36945,42.27361,-8.82639
36946,42.2833,-8.8167
36947,42.2707,-8.8132
36949,42.2667,-8.8
36950,42.2857,-8.7282
36954,42.2833,-8.75
36955,42.2857,-8.7282
36957,42.3,-8.6833
36958,42.2704,-8.7516
36959,42.2857,-8.7282
36960,42.4098,-8.7759
36966,42.4113,-8.7631
36967,42.4098,-8.7759
36968,42.4098,-8.7759
36969,42.4069,-8.8013
36970,42.4106,-8.8326
36979,42.4106,-8.8326
36980,42.3185,-8.7738
36988,42.3185,-8.7738
36989,42.3185,-8.7738
36990,42.4376,-8.7548
36991,42.4851,-8.8461
36992,42.4167,-8.7333
36993,42.4319,-8.7065
36995,42.4376,-8.7548
37001,40.9639,-5.6606
37002,40.9665,-5.665
37003,40.9668,-5.6482
37004,40.9746,-5.652
37005,40.9742,-5.6597
37006,40.9766,-5.6729
37007,40.9688,-5.6716
37008,40.9475,-5.6822
37009,40.9688,-5.6639
37071,40.9688,-5.6639
37080,40.9688,-5.6639
37100,41.0881,-6.0015
37110,41.13567,-5.82857
37111,41.1516,-5.90257
37114,41.04966,-6.10497
37115,41.06466,-5.83859
37116,41.1206,-5.97999
37120,40.9474,-5.7628
37129,40.9754,-5.76308
37130,40.96947,-5.98772
37139,41.1394,-6.1969
37140,41.1136,-6.1021
37147,41.0322,-6.2228
37148,41.06403,-6.21948
37149,41.1243,-6.1508
37150,41.151,-6.1906
37159,41.1132,-6.25548
37160,41.271,-6.4685
37170,41.00719,-5.84786
37171,41.18055,-6.2576
37172,41.2137,-6.271
37173,41.1955,-6.38295
37174,41.2155,-6.4373
37175,41.2395,-6.5235
37176,41.2295,-6.34065
37181,40.95491,-5.559
37183,40.82902,-5.7204
37184,41.0083,-5.6488
37185,41.02073,-5.72563
37186,40.8413,-5.58562
37187,40.89651,-5.6984
37188,40.9331,-5.6503
37189,41.0193,-5.6711
37190,40.9424,-5.6005
37191,40.9067,-5.592
37192,40.9424,-5.6005
37193,40.97696,-5.61206
37197,40.9424,-5.6005
37198,40.9424,-5.6005
37200,40.8016,-6.2585
37207,40.8252,-6.2139
37208,40.79005,-6.1742
37209,40.87213,-6.23143
37210,41.0097,-6.4334
37214,41.15356,-6.52252
37216,40.9709,-6.33356
37217,41.09486,-6.40092
37219,40.98383,-6.50178
37220,41.0073,-6.4945
37230,40.9867,-6.7953
37240,40.9358,-6.7192
37246,40.9171,-6.7976
37247,40.9083,-6.7491
37248,40.8723,-6.747
37250,41.12655,-6.52035
37251,41.2096,-6.59835
37253,41.1463,-6.64053
37254,41.1625,-6.6893
37255,41.0725,-6.6646
37256,41.04623,-6.56208
37257,41.0476,-6.75315
37258,41.0411,-6.57725
37259,41.0209,-6.6394
37260,40.8757,-6.4679
37267,40.8784,-6.42485
37269,40.8775,-6.4392
37270,40.8495,-6.708
37271,40.8482,-6.6131
37281,40.8872,-6.3664
37290,40.81585,-6.3058
37291,40.93868,-6.59042
37292,40.8797,-6.6236
37300,40.9011,-5.2003
37310,40.8304,-5.2856
37311,40.8013,-5.2807
37312,40.7488,-5.2874
37313,40.7626,-5.2319
37314,40.8011,-5.2189
37315,40.8397,-5.1993
37316,40.8572,-5.2103
37317,40.96327,-5.2326
37318,40.9903,-5.1411
37319,40.9037,-5.1631
37320,40.9537,-5.2882
37329,40.91917,-5.3557
37330,40.9766,-5.4262
37336,40.9681,-5.4675
37337,40.9604,-5.41065
37338,41.0083,-5.3943
37339,40.9938,-5.3744
37340,41.0006,-5.50065
37350,40.9815,-5.551
37400,41.125,-5.1835
37405,41.0529,-5.3309
37406,41.05073,-5.08653
37408,41.0145,-5.1966
37409,41.1721,-5.2501
37410,41.0807,-5.399
37418,41.047,-5.3857
37419,41.12755,-5.43075
37420,41.0428,-5.536
37426,41.09315,-5.5967
37427,41.06855,-5.55805
37428,41.0856,-5.49266
37429,41.1189,-5.55293
37430,41.0075,-5.5847
37439,41.0242,-5.60417
37440,40.90182,-5.87893
37446,40.8002,-5.9758
37447,40.9623,-5.9175
37448,40.92377,-5.93243
37449,40.9421,-5.83679
37450,40.8337,-5.91225
37451,40.7638,-5.9991
37452,40.72607,-5.89323
37453,40.81679,-5.8549
37454,40.7153,-5.8318
37455,40.7652,-5.8809
37456,40.78722,-5.8981
37458,40.6757,-5.73
37460,40.88233,-6.06249
37465,41.01473,-6.11293
37466,40.7429,-6.025
37467,40.9244,-6.0889
37468,40.97623,-6.1333
37470,40.7058,-6.4003
37478,40.67263,-6.3333
37479,40.7398,-6.5082
37480,40.591,-6.8114
37481,40.591,-6.8114
37488,40.74769,-6.75883
37490,41.0531,-5.4776
37491,40.9044,-5.9603
37492,40.7653,-6.3309
37493,40.83832,-6.19475
37494,40.7582,-6.27485
37495,40.8014,-6.35955
37496,40.71454,-6.33702
37497,40.64325,-6.69619
37500,40.60198,-6.53885
37510,40.43879,-6.47243
37515,40.4991,-6.5305
37516,40.4586,-6.5207
37520,40.4879,-6.5752
37521,40.3846,-6.6063
37522,40.3379,-6.639
37523,40.3207,-6.6695
37524,40.2868,-6.7271
37530,40.5,-6.357
37531,40.5213,-6.3601
37532,40.5038,-6.271
37540,40.4286,-6.6756
37541,40.3811,-6.756
37542,40.2968,-6.8197
37550,40.5095,-6.6871
37551,40.4849,-6.6927
37552,40.4552,-6.7033
37553,40.4473,-6.7462
37554,40.4725,-6.8278
37555,40.413,-6.8148
37589,40.6245,-6.3545
37590,40.6032,-6.2751
37591,40.5107,-6.4336
37592,40.68365,-6.63515
37593,40.6742,-6.403
37594,40.5619,-6.4994
37595,40.6096,-6.4649
37596,40.5619,-6.359
37600,40.6574,-6.1063
37606,40.6253,-6.1815
37607,40.63309,-6.0062
37608,40.6725,-6.0112
37609,40.70624,-5.98818
37610,40.4515,-6.0723
37617,40.4136,-6.0949
37618,40.4826,-6.0567
37619,40.45475,-6.0685
37621,40.57066,-6.10508
37624,40.4883,-6.1102
37630,40.74,-6.1787
37638,40.6987,-6.1871
37639,40.6625,-6.2433
37640,40.7095,-6.141
37650,40.5124,-6.0254
37656,40.4657,-6.0402
37657,40.4364,-6.033
37658,40.5132,-6.00335
37659,40.52262,-6.08642
37660,40.4845,-5.9958
37670,40.4946,-5.9158
37671,40.5068,-5.9062
37680,40.4658,-5.8329
37682,40.4762,-5.9202
37683,40.4687,-5.9451
37684,40.4692,-5.8897
37690,40.777,-6.2284
37700,40.38903,-5.74353
37710,40.3666,-5.7425
37711,40.3996,-5.9562
37712,40.4337,-5.9275
37713,40.4189,-5.8485
37714,40.4118,-5.8181
37715,40.3792,-5.7551
37716,40.39263,-5.74425
37717,40.40715,-5.73415
37718,40.3806,-5.8797
37720,40.3388,-5.8767
37724,40.32787,-5.96203
37727,40.34635,-5.8774
37730,40.4688,-5.72
37740,40.4879,-5.6111
37748,40.4904,-5.5263
37749,40.46223,-5.5089
37750,40.5437,-5.5801
37751,40.5363,-5.4471
37752,40.5897,-5.5353
37753,40.5965,-5.4925
37754,40.5875,-5.4678
37755,40.5929,-5.4482
37756,40.5924,-5.6461
37759,40.61915,-5.87207
37760,40.5834,-5.9209
37762,40.6173,-5.9552
37763,40.5436,-5.9228
37764,40.535,-5.942
37765,40.56373,-5.85717
37766,40.66742,-5.77858
37767,40.59265,-5.76035
37768,40.55455,-5.7659
37770,40.5571,-5.6717
37773,40.5235,-5.6585
37774,40.5308,-5.6397
37775,40.4363,-5.7099
37776,40.4752,-5.6786
37777,40.4433,-5.6789
37778,40.571,-5.6767
37779,40.5866,-5.6073
37780,40.6866,-5.6132
37781,40.7559,-5.6933
37785,40.6628,-5.5401
37786,40.7085,-5.6356
37787,40.6499,-5.5757
37788,40.6948,-5.72145
37789,40.74377,-5.61843
37790,40.5082,-5.6927
37791,40.49046,-5.7624
37792,40.779,-5.6961
37793,40.419,-5.7773
37794,40.4303,-5.76815
37795,40.61416,-5.6688
37796,40.88587,-5.64977
37797,41.0866,-5.7022
37798,41.06725,-5.64395
37799,41.16083,-5.68967
37800,40.8266,-5.5124
37810,40.86407,-5.42487
37820,40.8835,-5.3934
37830,40.8783,-5.3654
37840,40.8521,-5.3528
37850,40.8904,-5.2856
37860,40.6396,-5.406
37861,40.6496,-5.382
37863,40.7283,-5.4927
37864,40.753,-5.4807
37865,40.7367,-5.4489
37870,40.8191,-5.447
37871,40.81245,-5.40055
37873,40.8276,-5.4171
37874,40.8455,-5.41752
37881,40.7697,-5.4222
37882,40.79665,-5.45847
37890,40.8486,-5.4856
37891,40.7764,-5.56211
37892,40.7565,-5.5672
37893,40.8877,-5.50323
37894,40.9262,-5.5243
37900,40.9507,-5.6272
38001,28.4682,-16.2546
38002,28.4682,-16.2546
38003,28.4682,-16.2546
38004,28.4682,-16.2546
38005,28.4682,-16.2546
38006,28.4682,-16.2546
38007,28.4682,-16.2546
38008,28.4682,-16.2546
38009,28.4682,-16.2546
38010,28.4682,-16.2546
38070,28.4682,-16.2546
38071,28.4682,-16.2546
38080,28.4682,-16.2546
38107,28.43839,-16.3038
38108,28.4598,-16.30642
38109,28.44234,-16.30762
38110,28.4682,-16.2546
38111,28.43254,-16.29406
38120,28.4682,-16.2546
38129,28.56301,-16.17407
38130,28.5611,-16.2169
38139,28.5433,-16.2338
38140,28.4882,-16.2553
38150,28.4286,-16.29187
38160,28.4896,-16.25315
38170,28.4756,-16.25915
38180,28.51004,-16.22812
38190,28.45315,-16.2978
38200,28.4853,-16.3201
38201,28.4853,-16.3201
38202,28.4853,-16.3201
38203,28.4853,-16.3201
38204,28.4853,-16.3201
38205,28.4853,-16.3201
38206,28.4853,-16.3201
38207,28.4853,-16.3201
38208,28.4853,-16.3201
38240,28.562,-16.3325
38250,28.5531,-16.3454
38260,28.5336,-16.3617
38270,28.5167,-16.3833
38280,28.5231,-16.3387
38290,28.44284,-16.36819
38291,28.4761,-16.3239
38292,28.50988,-16.3426
38293,28.4853,-16.3201
38294,28.53268,-16.281
38296,28.47195,-16.32265
38297,28.4968,-16.3176
38300,28.3907,-16.52297
38310,28.36809,-16.50426
38311,28.39031,-16.50661
38312,28.3708,-16.53726
38313,28.3597,-16.5489
38314,28.39602,-16.5244
38315,28.37805,-16.55085
38320,28.47993,-16.30947
38329,28.4853,-16.3201
38330,28.48665,-16.3636
38340,28.49018,-16.38775
38350,28.47647,-16.41277
38355,28.4639,-16.4076
38356,28.4891,-16.4076
38357,28.4811,-16.40337
38358,28.5008,-16.41691
38359,28.4786,-16.4111
38360,28.5106,-16.38157
38370,28.4524,-16.4472
38379,28.44856,-16.45286
38380,28.4323,-16.4623
38389,28.4303,-16.46427
38390,28.4261,-16.4888
38398,28.4234,-16.4899
38399,28.42067,-16.4911
38400,28.414,-16.5487
38410,28.37265,-16.5834
38411,28.3674,-16.5833
38412,28.385,-16.5879
38413,28.3724,-16.5747
38414,28.3667,-16.6
38415,28.35995,-16.58355
38416,28.3839,-16.5969
38417,28.3674,-16.5833
38418,28.366,-16.5919
38419,28.37053,-16.5978
38420,28.3928,-16.6501
38428,28.41437,-16.46383
38429,28.3962,-16.6412
38430,28.37403,-16.7144
38434,28.33867,-16.7807
38435,28.34174,-16.79196
38438,28.35697,-16.71225
38439,28.20378,-17.12712
38440,28.3664,-16.673
38441,28.36257,-16.68991
38449,28.36215,-16.68555
38450,28.3725,-16.7634
38458,28.3677,-16.7571
38459,28.36573,-16.75497
38460,28.36824,-16.75926
38470,28.366,-16.81615
38479,28.36913,-16.8194
38480,28.3746,-16.861
38489,28.32483,-16.8496
38500,28.3039,-16.4325
38508,28.3186,-16.3996
38509,28.34992,-16.37025
38510,28.3985,-16.3547
38520,28.5238,-16.1575
38530,28.36615,-16.3664
38540,28.35953,-16.39337
38550,28.33383,-16.3992
38560,28.28033,-16.4085
38570,28.23677,-16.43947
38579,28.23623,-16.4445
38580,28.1655,-16.4765
38588,28.14568,-16.4374
38589,28.17179,-16.49373
38590,28.2705,-16.4202
38591,28.25283,-16.41487
38592,28.19015,-16.4701
38593,28.1414,-16.5238
38594,28.129,-16.52877
38595,28.1083,-16.5936
38600,28.1188,-16.576
38610,28.4682,-16.2546
38611,28.07331,-16.56721
38612,28.0462,-16.5363
38613,28.1562,-16.6359
38614,28.1209,-16.6702
38615,28.1363,-16.6724
38616,28.12474,-16.56833
38617,28.10605,-16.56267
38618,28.0297,-16.5916
38619,28.1288,-16.562
38620,28.1181,-16.6025
38626,28.12573,-16.6115
38627,28.07346,-16.6662
38628,28.07842,-16.6106
38629,28.1011,-16.6409
38630,28.0044,-16.6413
38631,28.0037,-16.6528
38632,28.03782,-16.66665
38639,28.02562,-16.6092
38640,28.0991,-16.6812
38649,28.0979,-16.68148
38650,28.1465,-16.6752
38652,28.0742,-16.6959
38660,28.10942,-16.72707
38670,28.1316,-16.7453
38677,28.15479,-16.74287
38678,28.1333,-16.77424
38679,28.0903,-16.7332
38680,28.2115,-16.7795
38683,28.2367,-16.8433
38684,28.294,-16.8162
38685,28.2237,-16.7943
38686,28.21307,-16.83297
38687,28.21657,-16.79375
38688,28.21181,-16.76617
38689,28.2353,-16.7971
38690,28.28555,-16.80338
38700,28.6835,-17.7642
38710,28.65,-17.7833
38711,28.64285,-17.76845
38712,28.65558,-17.77348
38713,28.67032,-17.78803
38714,28.6803,-17.7736
38715,28.7333,-17.7333
38720,28.8029,-17.7761
38726,28.82365,-17.81408
38727,28.82211,-17.79919
38728,28.8183,-17.8008
38729,28.79647,-17.77474
38730,28.6091,-17.778
38738,28.57638,-17.7773
38739,28.61266,-17.77272
38740,28.4924,-17.8453
38749,28.5139,-17.85928
38750,28.6522,-17.88
38758,28.6501,-17.8827
38759,28.65134,-17.88277
38760,28.65873,-17.91907
38767,28.6491,-17.91085
38768,28.6345,-17.9114
38769,28.60851,-17.90042
38770,28.6434,-17.9329
38779,28.6378,-17.93037
38780,28.69294,-17.9477
38787,28.8167,-17.9333
38788,28.76072,-17.95264
38789,28.76797,-17.97687
38800,28.0916,-17.1133
38801,28.11014,-17.15456
38810,28.0747,-17.226
38811,28.08414,-17.20928
38812,28.05947,-17.24752
38813,28.0747,-17.226
38820,28.16953,-17.19056
38829,28.16372,-17.1926
38830,28.1874,-17.1905
38840,28.18,-17.2661
38849,28.16071,-17.27249
38850,28.197,-17.2957
38852,28.1536,-17.32477
38860,28.05,-17.2833
38869,28.08954,-17.26431
38870,28.08946,-17.33486
38879,28.09838,-17.32741
38890,28.145,-17.2274
38891,28.16195,-17.26325
38892,28.13443,-17.30763
38900,27.7614,-17.9722
38910,27.79612,-17.90086
38911,27.75815,-18.00453
38912,27.7474,-18.0969
38913,27.7513,-18.0208
38914,27.70897,-17.97813
38915,27.7691,-17.93977
38916,27.814,-17.95967
38917,27.6417,-17.9812
39001,43.4647,-3.8088
39002,43.4608,-3.8088
39003,43.4645,-3.8016
39004,43.4646,-3.7918
39005,43.4703,-3.7889
39006,43.4672,-3.8072
39007,43.4621,-3.8219
39008,43.4587,-3.8191
39009,43.4543,-3.8167
39010,43.46,-3.8239
39011,43.4558,-3.8434
39012,43.4623,-3.8384
39070,43.4647,-3.8044
39071,43.4647,-3.8044
39080,43.4647,-3.8044
39100,43.4437,-3.9032
39108,43.43573,-3.9126
39110,43.4651,-3.8976
39120,43.45385,-3.92755
39130,43.43265,-3.7715
39140,43.4519,-3.7372
39150,43.44647,-3.70553
39160,43.46743,-3.6996
39170,43.47475,-3.6064
39180,43.4834,-3.5246
39191,43.4559,-3.6353
39192,43.4541,-3.5769
39193,43.46155,-3.5483
39195,43.487,-3.56113
39197,43.45518,-3.49054
39200,42.98685,-4.1457
39210,43.01546,-4.2604
39212,43.01923,-4.16648
39213,42.96592,-4.11713
39220,42.81487,-3.9553
39230,42.84472,-3.9304
39232,42.87201,-3.8788
39250,42.79146,-4.0064
39292,43.01005,-4.03682
39294,43.03233,-3.94425
39300,43.34543,-4.05019
39310,43.42353,-3.9849
39311,43.33103,-4.0815
39312,43.38717,-4.00993
39313,43.37777,-4.0223
39314,43.3756,-4.06693
39315,43.3206,-4.0542
39318,43.41585,-4.01053
39320,43.3875,-4.2136
39329,43.3948,-4.1952
39330,43.389,-4.1084
39340,43.4277,-4.0426
39350,43.4047,-4.0552
39360,43.40099,-4.09119
39400,43.2594,-4.06818
39407,43.22063,-4.10447
39408,43.2841,-4.08497
39409,43.27706,-4.03879
39410,42.8741,-4.1646
39417,42.924,-4.00142
39418,42.90406,-4.18016
39419,42.85203,-4.08231
39420,43.12526,-4.07106
39430,43.15101,-4.044
39438,43.13857,-4.02649
39450,43.18761,-4.07476
39451,43.20037,-4.02425
39460,43.30158,-4.07768
39470,43.3529,-3.9503
39477,43.38673,-3.955
39478,43.42195,-3.9426
39479,43.34657,-3.9788
39490,43.05127,-4.07633
39491,43.06201,-4.06016
39500,43.30713,-4.2252
39507,43.33114,-4.23548
39509,43.3098,-4.18192
39510,43.2257,-4.3004
39511,43.21853,-4.30147
39513,43.2584,-4.26757
39517,43.1524,-4.2851
39518,43.16933,-4.27805
39520,43.3857,-4.291
39525,43.39471,-4.13879
39526,43.3836,-4.181
39527,43.3855,-4.25172
39528,43.37407,-4.32115
39530,43.359,-4.0851
39538,43.34897,-4.09683
39539,43.3623,-4.13967
39540,43.3851,-4.3993
39547,43.3875,-4.35765
39548,43.38095,-4.45505
39549,43.35224,-4.42997
39550,43.27629,-4.48201
39551,43.3198,-4.5061
39553,43.2798,-4.43684
39554,43.25397,-4.4152
39555,43.1682,-4.3639
39556,43.1054,-4.4048
39557,43.09412,-4.43968
39558,43.2547,-4.358
39559,43.22345,-4.38705
39560,43.3737,-4.5161
39569,43.36068,-4.5068
39570,43.15473,-4.6289
39571,43.13959,-4.54576
39572,43.06961,-4.54601
39573,43.11388,-4.53865
39574,43.09938,-4.54637
39575,43.09021,-4.63087
39577,43.08896,-4.6832
39580,43.24711,-4.5895
39582,43.1285,-4.72597
39583,43.1959,-4.5855
39584,43.18563,-4.60738
39586,43.1597,-4.65332
39587,43.15472,-4.68821
39588,43.12828,-4.79078
39590,43.3477,-4.14608
39591,43.33428,-4.17234
39592,43.30358,-4.27809
39593,43.31677,-4.30594
39594,43.3581,-4.48575
39595,43.32535,-4.39312
39600,43.4165,-3.85217
39608,43.43153,-3.88003
39609,43.4061,-3.8839
39610,43.4009,-3.8205
39611,43.3967,-3.8251
39612,43.3639,-3.88887
39613,43.3869,-3.8453
39618,43.4071,-3.8029
39619,43.3869,-3.8453
39620,43.3257,-3.8518
39626,43.3109,-3.8644
39627,43.34117,-3.83258
39630,43.2656,-3.8937
39638,43.2656,-3.8937
39639,43.25537,-3.81963
39640,43.2293,-3.8094
39649,43.23045,-3.84243
39650,43.31785,-3.8907
39660,43.3158,-3.94597
39670,43.28813,-3.9694
39679,43.324,-3.97485
39680,43.1972,-3.92235
39681,43.0771,-3.8763
39682,43.17625,-3.87629
39683,43.1291,-3.8704
39685,43.1523,-3.7829
39686,43.1274,-3.82351
39687,43.10288,-3.91277
39688,43.1264,-3.9215
39689,43.19487,-3.90773
39690,43.3455,-3.8613
39691,43.2698,-3.93557
39692,43.3843,-3.8343
39694,43.29625,-3.82587
39696,43.20658,-3.7754
39697,43.25605,-3.948
39698,43.2392,-3.93713
39699,43.21775,-3.95277
39700,43.3829,-3.2204
39706,43.348,-3.1901
39707,43.3232,-3.18345
39709,43.35855,-3.22145
39710,43.3838,-3.7373
39715,43.3715,-3.68695
39716,43.38315,-3.68018
39718,43.35937,-3.7702
39719,43.41248,-3.7316
39720,43.35113,-3.70388
39722,43.3174,-3.7267
39723,43.29313,-3.70644
39724,43.37257,-3.7281
39727,43.32587,-3.74446
39728,43.27317,-3.73524
39730,43.41315,-3.59005
39738,43.36929,-3.5977
39740,43.443,-3.4562
39749,43.4574,-3.4548
39750,43.3956,-3.4507
39760,43.38848,-3.51247
39761,43.38547,-3.50247
39762,43.37115,-3.46205
39764,43.35958,-3.5078
39766,43.33425,-3.49225
39770,43.40798,-3.42552
39776,43.39101,-3.37374
39777,43.40113,-3.40567
39778,43.3854,-3.4116
39788,43.358,-3.32373
39790,43.41298,-3.49096
39791,43.40893,-3.54432
39792,43.4038,-3.76695
39793,43.42442,-3.673
39794,43.40085,-3.65715
39795,43.4381,-3.51604
39798,43.40088,-3.29306
39800,43.25863,-3.4688
39805,43.20058,-3.44595
39806,43.19344,-3.53682
39808,43.19299,-3.5009
39809,43.2702,-3.44209
39812,43.29395,-3.54228
39813,43.26995,-3.59885
39815,43.2769,-3.5266
39820,43.3628,-3.4218
39840,43.3438,-3.4155
39849,43.34155,-3.41902
39850,43.3134,-3.44937
39860,43.28879,-3.45428
39880,43.28682,-3.28323
40001,40.9487,-4.1194
40002,40.9434,-4.1188
40003,40.9534,-4.1161
40004,40.944,-4.1052
40005,40.9401,-4.1126
40006,40.9312,-4.1089
40070,40.9481,-4.1184
40071,40.9481,-4.1184
40080,40.9481,-4.1184
40100,41.0328,-4.0533
40109,41.0328,-4.0533
40120,40.9777,-4.2658
40121,40.9912,-4.3089
40122,41.04807,-4.36633
40123,41.01975,-4.3865
40130,40.95338,-4.30617
40133,40.9789,-4.3658
40134,40.9482,-4.42165
40135,40.9566,-4.4844
40136,41.01163,-4.4543
40140,40.9569,-4.2347
40141,40.9157,-4.2677
40142,40.87593,-4.3605
40144,40.91463,-4.43797
40145,40.8876,-4.472
40146,40.8425,-4.5197
40150,40.7796,-4.4136
40151,40.8007,-4.3792
40152,40.8089,-4.3361
40153,40.87485,-4.2277
40154,40.91947,-4.16583
40160,40.98497,-4.02757
40161,41.0551,-3.8248
40162,41.07092,-3.7996
40163,41.10007,-3.75813
40164,41.12278,-3.73386
40165,41.1675,-3.68728
40170,41.04167,-3.93357
40171,41.07732,-3.87915
40172,41.13185,-3.7937
40173,41.1326,-3.84947
40174,41.17827,-3.80563
40175,41.191,-3.7948
40176,41.16672,-3.76985
40180,41.04048,-4.01342
40181,41.07763,-3.9644
40182,41.1229,-3.963
40183,41.1721,-3.9518
40184,41.19933,-3.88567
40185,41.13893,-3.90525
40190,40.9984,-4.118
40191,41.00063,-4.0706
40192,41.0746,-4.0356
40193,40.9798,-4.0733
40194,40.94026,-4.05384
40195,40.89,-4.11325
40196,40.96595,-4.11705
40197,40.9522,-4.0765
40200,41.4016,-4.3147
40210,41.4032,-4.2785
40211,41.4075,-4.3606
40212,41.4059,-4.4045
40213,41.4045,-4.4265
40214,41.3965,-4.4717
40215,41.3345,-4.3697
40216,41.339,-4.45545
40217,41.319,-4.4494
40218,41.281,-4.4934
40219,41.3066,-4.5275
40220,41.41695,-4.142
40230,41.3845,-4.24005
40231,41.406,-4.2227
40232,41.4149,-4.2151
40233,41.4122,-4.1955
40234,41.4496,-4.0957
40235,41.472,-4.0564
40236,41.4877,-4.0182
40237,41.4943,-3.9633
40238,41.4786,-3.9525
40239,41.5421,-3.962
40240,41.2896,-4.3261
40241,41.2903,-4.3471
40242,41.3149,-4.3651
40250,41.1457,-4.1873
40260,41.222,-4.1749
40270,41.1226,-4.2648
40280,41.2149,-4.2571
40290,41.0285,-4.1813
40291,41.1006,-4.21675
40292,41.1857,-4.1653
40293,41.2602,-4.1846
40294,41.1908,-4.2091
40295,41.2236,-4.332
40296,41.2596,-4.294
40297,41.3236,-4.305
40298,41.3833,-4.186
40299,41.2072,-4.2385
40300,41.297,-3.7422
40310,41.2322,-3.69705
40311,41.25793,-3.64767
40312,41.25267,-3.68007
40313,41.4447,-3.84
40314,41.45413,-3.91463
40315,41.4032,-3.83503
40317,41.32862,-3.80863
40318,41.21518,-3.748
40320,41.2582,-3.927
40330,41.2962,-3.9315
40331,41.3528,-3.88928
40332,41.3907,-3.93975
40340,41.2269,-4.1118
40350,41.1668,-4.1227
40351,41.1942,-4.0688
40352,41.2976,-4.1067
40353,41.3455,-4.1213
40354,41.38393,-4.11637
40355,41.4244,-4.0621
40356,41.445,-4.0101
40357,41.4425,-3.979
40358,41.3994,-4.0428
40359,41.37645,-4.01965
40360,41.0743,-4.1596
40370,41.1561,-4.007
40380,41.2612,-3.8775
40389,41.23912,-3.81226
40390,40.9999,-4.1743
40391,41.0178,-4.158
40392,41.04685,-4.1106
40393,41.1011,-4.1126
40394,41.1356,-4.0558
40395,41.1929,-3.9933
40396,41.2359,-3.9308
40397,41.0788,-4.1254
40400,40.72945,-4.214
40408,40.7604,-4.3305
40410,40.7142,-4.1917
40419,40.7137,-4.1608
40420,40.8602,-4.14887
40421,40.8418,-4.1772
40422,40.8202,-4.2099
40423,40.81047,-4.2717
40424,40.7774,-4.215
40430,41.1279,-4.351
40440,41.07,-4.4071
40441,41.1215,-4.3641
40442,41.258,-4.4174
40443,41.3003,-4.4079
40444,41.0967,-4.4417
40445,41.031,-4.5192
40446,40.9955,-4.5967
40447,41.0809,-4.4263
40449,41.0054,-4.42015
40450,41.1559,-4.4875
40460,41.16685,-4.58905
40461,41.1142,-4.5509
40462,41.0687,-4.54115
40463,41.0664,-4.5998
40464,41.0467,-4.6279
40465,41.1121,-4.6445
40466,41.08025,-4.66955
40467,41.1337,-4.6503
40468,41.1403,-4.6641
40469,41.1162,-4.6959
40470,41.1963,-4.4375
40480,41.215,-4.5226
40490,40.99635,-4.21185
40491,41.0391,-4.2368
40492,41.038,-4.2958
40493,41.072,-4.2391
40494,41.0828,-4.33525
40495,41.1153,-4.3793
40496,41.2215,-4.5932
40500,41.2758,-3.4803
40510,41.2987,-3.35978
40512,41.32303,-3.30187
40513,41.35615,-3.41945
40514,41.37342,-3.37453
40515,41.2783,-3.4779
40516,41.3682,-3.4995
40517,41.3517,-3.5535
40518,41.36585,-3.49247
40520,41.419,-3.3754
40529,41.43277,-3.48298
40530,41.31707,-3.67483
40531,41.367,-3.6845
40532,41.39763,-3.7368
40533,41.5127,-3.7779
40540,41.43297,-3.68262
40541,41.51,-3.7045
40542,41.5025,-3.6356
40550,41.4119,-3.5883
40551,41.43105,-3.55605
40552,41.4581,-3.5605
40553,41.4691,-3.5564
40554,41.4864,-3.52215
40555,41.462,-3.4672
40556,41.4447,-3.4128
40560,41.33075,-3.6142
40567,41.3901,-3.5899
40568,41.3562,-3.614
40569,41.3731,-3.6125
40590,41.18292,-3.60875
40591,41.2203,-3.6038
40592,41.2389,-3.5585
40593,41.281,-3.6014
40594,41.4142,-3.4049
41001,37.3885,-5.9977
41002,37.3981,-5.9958
41003,37.3949,-5.9876
41004,37.3877,-5.9905
41005,37.3813,-5.9654
41006,37.3739,-5.9489
41007,37.3983,-5.9583
41008,37.4031,-5.9749
41009,37.4071,-5.9842
41010,37.3818,-6.0071
41011,37.3744,-6.0008
41012,37.3548,-5.9848
41013,37.3656,-5.9751
41014,37.3824,-5.9761
41015,37.4211,-5.9772
41016,37.384,-5.9116
41017,37.3845,-5.8991
41018,37.3847,-5.9788
41019,37.41,-5.9254
41020,37.4005,-5.93
41070,37.3824,-5.9761
41071,37.3824,-5.9761
41080,37.3824,-5.9761
41089,37.2829,-5.9209
41092,37.4079,-6.0072
41100,37.28053,-6.0523
41110,37.3401,-6.1372
41111,37.3102,-6.1124
41120,37.3381,-6.0267
41130,37.2679,-6.0626
41140,37.1326,-6.1656
41150,37.3025,-6.0734
41200,37.5178,-5.9819
41209,37.53165,-5.96325
41210,37.5434,-6.05615
41218,37.5137,-6.0263
41219,37.5782,-6.1066
41220,37.5859,-5.9691
41230,37.6758,-5.9889
41240,37.8722,-6.0808
41250,37.95,-6.15
41300,37.48268,-5.92882
41309,37.4873,-5.9814
41310,37.5491,-5.8709
41318,37.5892,-5.8744
41319,37.5736,-5.9159
41320,37.6104,-5.8244
41330,37.5919,-5.7323
41339,37.5803,-5.6685
41340,37.6088,-5.7345
41350,37.655,-5.7137
41359,37.6269,-5.6897
41360,37.82467,-5.81385
41370,37.96668,-5.84442
41380,38.0333,-5.7167
41388,38.0,-5.65
41389,37.9667,-5.6
41390,38.0927,-5.8176
41400,37.5422,-5.0826
41409,37.54008,-5.12358
41410,37.4706,-5.6474
41420,37.4641,-5.3461
41429,37.5688,-5.4277
41430,37.52665,-5.24925
41439,37.59825,-5.2094
41440,37.67152,-5.50817
41449,37.6151,-5.6669
41450,37.86155,-5.6266
41460,37.9333,-5.4667
41470,37.70903,-5.34527
41479,37.7809,-5.3884
41500,37.3379,-5.8395
41510,37.373,-5.7495
41520,37.3911,-5.7199
41530,37.12125,-5.4949
41540,37.2215,-5.3115
41550,37.28317,-5.06353
41560,37.29448,-4.85314
41563,37.3115,-4.8982
41564,37.2693,-4.8276
41565,37.252,-4.9154
41566,37.2257,-4.8958
41567,37.3629,-4.8476
41568,37.3546,-4.9894
41569,37.3748,-4.94955
41570,37.30725,-4.67295
41580,37.2935,-4.76
41590,37.2038,-4.778
41599,37.2594,-4.7071
41600,37.1739,-5.56443
41610,37.29013,-5.49645
41620,37.3275,-5.4166
41630,37.3535,-5.2248
41640,37.2371,-5.1063
41650,37.0706,-5.0968
41657,37.0991,-4.9837
41658,37.1087,-4.9635
41659,37.0686,-5.10215
41660,37.0495,-5.1754
41661,37.0152,-5.1495
41670,36.9725,-5.2213
41700,37.2829,-5.9209
41701,37.2832,-5.9264
41702,37.2794,-5.9151
41703,37.2795,-5.93115
41704,37.294,-5.9281
41710,37.18533,-5.78113
41719,37.0615,-5.8047
41720,37.1618,-5.9243
41727,37.1038,-5.91783
41728,37.15823,-5.94423
41730,37.02097,-5.93177
41731,36.9968,-6.0009
41740,36.9192,-6.0761
41749,36.853,-6.0378
41750,37.1563,-5.7198
41760,37.0789,-5.6346
41770,36.9943,-5.5712
41780,36.9736,-5.4404
41800,37.3871,-6.2011
41804,37.4184,-6.1559
41805,37.3529,-6.1966
41806,37.3694,-6.1587
41807,37.3811,-6.1269
41808,37.3962,-6.1408
41809,37.4235,-6.1667
41810,37.3863,-6.3344
41820,37.3701,-6.3292
41830,37.5255,-6.2729
41840,37.3035,-6.3015
41849,37.3042,-6.2496
41850,37.2448,-6.3066
41860,37.5311,-6.1557
41870,37.5191,-6.2699
41880,37.45393,-6.12993
41888,37.6255,-6.1725
41889,37.6715,-6.24073
41890,37.73465,-6.3814
41897,37.6462,-6.5123
41898,37.67999,-6.41963
41899,37.72737,-6.31007
41900,37.3998,-6.0349
41907,37.4162,-6.0742
41908,37.4096,-6.0551
41909,37.4191,-6.1106
41910,37.3976,-6.0527
41920,37.3581,-6.0373
41927,37.3446,-6.0639
41928,37.3222,-6.0586
41930,37.3715,-6.0723
41940,37.3809,-6.0423
41950,37.3859,-6.0526
41960,37.3867,-6.078
41970,37.4356,-6.0425
41980,37.4625,-6.0127
41989,37.4739,-6.0038
42001,41.767,-2.4727
42002,41.7644,-2.4645
42003,41.7606,-2.4693
42004,41.7652,-2.4724
42005,41.7681,-2.4754
42070,41.764,-2.4688
42071,41.764,-2.4688
42080,41.764,-2.4688
42100,41.8559,-1.9224
42107,41.76955,-1.87595
42108,41.87582,-1.9523
42110,41.779,-1.9839
42112,41.76983,-2.17661
42113,41.88696,-2.06496
42120,41.6235,-2.2249
42126,41.51999,-2.05337
42127,41.55662,-2.2073
42128,41.58416,-2.2977
42130,41.70453,-2.22574
42132,41.65407,-2.19121
42134,41.72267,-2.34756
42138,41.63146,-2.0729
42140,41.8303,-3.0688
42141,41.73825,-3.15778
42142,41.79814,-3.2261
42145,41.81264,-2.66176
42146,41.8018,-2.8173
42147,41.7745,-3.0212
42148,41.76719,-2.97503
42149,41.8385,-3.0049
42150,41.9104,-2.7637
42153,41.87537,-2.57934
42154,41.9087,-2.6462
42156,41.93855,-3.09598
42157,41.9357,-2.8842
42158,41.9545,-2.9309
42159,41.8858,-2.6158
42161,41.94687,-2.40015
42162,41.85474,-2.41963
42164,41.899,-2.4831
42165,41.93007,-2.56405
42166,41.9241,-2.583
42167,41.90822,-2.43155
42169,41.97818,-2.49158
42172,41.98082,-2.33038
42173,42.04339,-2.40033
42174,42.01854,-2.2807
42175,41.9734,-2.2025
42180,41.85854,-2.31215
42181,41.9119,-2.19549
42189,41.83513,-2.2934
42190,41.79352,-2.55321
42191,41.62389,-2.40272
42192,41.73272,-2.68874
42193,41.67079,-2.85968
42200,41.4865,-2.5309
42210,41.46523,-2.67163
42211,41.50177,-2.62508
42212,41.4299,-2.56884
42213,41.27181,-2.59817
42214,41.3447,-2.62133
42216,41.39517,-2.49227
42218,41.54077,-2.41133
42220,41.4337,-2.20985
42222,41.3666,-2.31935
42223,41.46445,-2.40641
42225,41.44354,-2.32264
42230,41.15173,-2.49027
42240,41.13666,-2.372
42248,41.21443,-2.4379
42250,41.2159,-2.2747
42257,41.18702,-2.3408
42258,41.2908,-2.32403
42259,41.17328,-2.22636
42260,41.2667,-2.1667
42269,41.25297,-2.13242
42290,41.68917,-2.5618
42291,41.63992,-2.6758
42294,41.58313,-2.75272
42300,41.5862,-3.0652
42310,41.5393,-3.1005
42311,41.45415,-3.08102
42313,41.52734,-3.00409
42315,41.35398,-3.02883
42317,41.7163,-3.01923
42318,41.64551,-3.0503
42320,41.61042,-3.32292
42328,41.54087,-3.41035
42329,41.6658,-3.34065
42330,41.5744,-3.2042
42340,41.4643,-3.2165
42341,41.37756,-3.19164
42342,41.45569,-3.30671
42344,41.34472,-3.17122
42345,41.51629,-3.20459
42350,41.6525,-3.1285
42351,41.672,-3.23756
42360,41.4656,-2.8615
42365,41.52833,-2.8291
42366,41.51673,-2.8921
42367,41.41285,-2.7764
42368,41.36073,-2.8672
42391,41.55855,-3.14085
43001,41.1152,1.2485
43002,41.1204,1.2507
43003,41.1175,1.2574
43004,41.1115,1.2474
43005,41.1174,1.2417
43006,41.1251,1.2347
43007,41.1238,1.2585
43008,41.1167,1.25
43070,41.1167,1.25
43071,41.1167,1.25
43080,41.1167,1.25
43100,41.1194,1.1922
43110,41.1217,1.1816
43120,41.1539,1.2126
43130,41.1917,1.60835
43140,41.1833,1.2167
43141,41.2167,1.2167
43142,41.224,1.2178
43143,41.24165,1.20835
43144,41.2438,1.2486
43150,41.2667,1.9667
43151,41.1667,1.2667
43152,41.1904,1.2556
43153,41.2,1.25
43154,41.2039,1.395
43155,41.1948,1.2364
43178,41.2447,1.5188
43200,41.1561,1.1069
43201,41.1557,1.1078
43202,41.1568,1.1011
43203,41.1626,1.1101
43204,41.1529,1.1161
43205,41.144,1.1075
43206,41.15605,1.0973
43300,41.2089,0.9538
43310,41.0997,0.8875
43311,41.1167,0.9333
43312,41.1,0.9667
43320,41.06857,0.85637
43321,41.0688,0.8566
43330,41.1384,1.0522
43340,41.1167,1.0
43350,41.1667,1.0167
43360,41.3003,1.24775
43361,41.2827,1.0448
43362,41.2579,0.9324
43363,41.3215,0.877
43364,41.28936,1.02975
43365,41.21085,0.97525
43370,41.2833,0.6667
43371,41.2849,0.7537
43372,41.2667,0.7167
43373,41.2486,0.7351
43374,41.2203,0.7627
43375,41.2254,0.7803
43376,41.2343,0.8454
43379,41.2478,0.8112
43380,41.2283,1.0341
43381,41.2,1.05
43382,41.1821,1.0456
43390,41.1632,1.0822
43391,41.1167,1.0333
43392,41.1755,1.1016
43393,41.1968,1.1114
43400,41.375,1.1621
43410,41.3972,1.1709
43411,41.4378,1.1595
43412,41.4563,1.1779
43413,41.5051,1.1859
43414,41.3481,1.2128
43415,41.3583,1.16795
43420,41.5333,1.3833
43421,41.48624,1.40727
43422,41.4,1.2333
43423,41.4226,1.2023
43424,41.4448,1.2481
43425,41.49388,1.24345
43426,41.4667,1.2833
43427,41.54209,1.2959
43428,41.47375,1.33807
43429,41.53247,1.39202
43430,41.4007,1.0506
43439,41.3628,0.9693
43440,41.395,1.0985
43448,41.40635,1.08595
43449,41.4699,1.0878
43450,41.3177,1.1778
43459,41.3121,1.1062
43460,41.2621,1.1703
43461,41.28835,1.19785
43470,41.25,1.1
43479,41.25,1.1
43480,41.1167,1.15
43481,41.079,1.1818
43490,41.3346,1.1768
43491,41.303,1.20175
43500,40.81125,0.52205
43510,40.851,0.5322
43511,40.9075,0.5124
43512,40.9738,0.5177
43513,41.0023,0.5985
43514,40.7333,0.3667
43515,40.6816,0.4629
43516,40.655,0.4693
43517,40.82388,0.52065
43518,40.834,0.5222
43519,40.8667,0.7167
43520,40.8208,0.5025
43527,40.8452,0.4501
43528,40.8737,0.4002
43529,40.8452,0.4501
43530,40.544,0.4804
43540,40.6167,0.6
43548,40.6306,0.6434
43549,40.6444,0.6868
43550,40.5972,0.4462
43558,40.6714,0.51975
43559,40.61773,0.38075
43560,40.6333,0.2833
43569,40.55,0.5333
43570,40.7154,0.4929
43580,40.7187,0.7264
43590,40.8271,0.5082
43591,40.8798,0.4998
43592,40.9074,0.4912
43593,40.9167,0.4
43594,41.0167,0.5149
43595,40.9833,0.4
43596,40.95,0.3167
43597,40.9104,0.2603
43700,41.2262,1.5329
43710,41.2598,1.75855
43711,41.275,1.775
43712,41.2833,1.55
43713,41.29121,1.54442
43714,41.3683,1.501
43715,41.2758,1.576
43716,41.24755,1.4858
43717,41.2833,1.4833
43718,41.25924,1.4515
43719,41.2399,1.5764
43720,41.2667,1.6
43729,41.2667,1.9667
43730,41.1455,0.8202
43736,41.16853,0.72297
43737,41.1986,0.78143
43738,41.15,0.7667
43739,41.1887,0.856
43740,41.0833,0.6333
43746,41.07347,0.72807
43747,41.04845,0.61635
43748,41.0415,0.6336
43749,41.1368,0.6505
43750,41.2307,0.5494
43760,41.1924,1.2083
43761,41.1833,1.4167
43762,41.168,1.35527
43763,41.19165,1.375
43764,41.1747,1.326
43765,41.2038,1.2819
43770,41.1,0.65
43771,41.1295,0.9616
43772,41.1349,0.99
43773,41.14165,0.925
43774,41.13665,0.87145
43775,41.1251,0.8591
43776,41.1,0.7815
43777,41.1,0.75
43780,41.0528,0.4391
43781,41.1621,0.4736
43782,41.1167,0.4167
43783,41.1833,0.35
43784,41.0939,0.3762
43785,41.009,0.3845
43786,41.0944,0.3114
43787,41.0393,0.2508
43790,41.25,0.4833
43791,41.1833,0.5667
43792,41.18355,0.61145
43800,41.2883,1.2509
43810,41.3373,1.3425
43811,41.38575,1.2744
43812,41.27348,1.34912
43813,41.32372,1.25148
43814,41.3373,1.3425
43815,41.34595,1.38259
43816,41.43355,1.4189
43817,41.35935,1.35275
43820,41.1997,1.5689
43830,41.1487,1.3893
43839,41.24669,1.86146
43840,41.07665,1.1391
43850,41.07345,1.05605
43860,40.9,0.8
43870,40.7095,0.5774
43877,40.7145,0.5556
43878,40.7149,0.5311
43879,40.7145,0.5556
43880,41.22831,1.74383
43881,41.29151,1.93853
43882,41.1958,1.6062
43883,41.22446,1.73226
43884,41.2211,1.4408
43885,41.2295,1.3744
43886,41.2364,1.32085
43887,41.2491,1.2958
43890,41.1791,1.619
43891,41.02013,0.85763
43892,41.2667,1.9667
43893,41.24148,1.84845
43894,41.0634,0.6649
43895,40.8123,0.7101
43896,40.7421,0.6123
43897,41.1791,1.619
44001,40.3422,-1.109
44002,40.3315,-1.0992
44003,40.3462,-1.1063
44070,40.3456,-1.1065
44071,40.3456,-1.1065
44080,40.3456,-1.1065
44100,40.4082,-1.4438
44110,40.4111,-1.3482
44111,40.4271,-1.5324
44112,40.4306,-1.5736
44113,40.4596,-1.5973
44114,40.4107,-1.6927
44115,40.3883,-1.718
44120,40.2838,-1.51575
44121,40.30843,-1.27697
44122,40.28777,-1.41523
44123,40.2269,-1.51078
44124,40.3329,-1.5368
44125,40.3774,-1.5126
44126,40.355,-1.5947
44130,40.2806,-1.1525
44131,40.2339,-1.1877
44132,40.15605,-1.2335
44133,40.1526,-1.1941
44134,40.1779,-1.3552
44140,40.55305,-0.4713
44141,40.59987,-0.34597
44142,40.4831,-0.3194
44143,40.5048,-0.522
44144,40.5292,-0.669
44145,40.4922,-0.7278
44146,40.4566,-0.8178
44147,40.4365,-0.8531
44150,40.6735,-0.7032
44155,40.55617,-0.80753
44156,40.5665,-0.7743
44157,40.68065,-0.7642
44158,40.7341,-0.6758
44159,40.5762,-0.6932
44160,40.5463,-1.0332
44161,40.58357,-0.97517
44162,40.44135,-1.05842
44163,40.6338,-1.0018
44164,40.7013,-1.10505
44165,40.6884,-1.1627
44166,40.7706,-1.2129
44167,40.6427,-1.1378
44168,40.6817,-0.8983
44169,40.7124,-0.83247
44190,40.2977,-1.1229
44191,40.1992,-1.09467
44192,40.28835,-1.0667
44193,40.38035,-1.0128
44194,40.4745,-1.1503
44195,40.3596,-1.1786
44200,40.9174,-1.299
44210,40.935,-1.1845
44211,40.98067,-1.1743
44212,41.00513,-1.02857
44213,41.0014,-0.88635
44220,40.91175,-1.13355
44221,40.9111,-1.1015
44222,40.9098,-1.0724
44223,40.8911,-1.0084
44230,40.9619,-1.4333
44231,40.9973,-1.4281
44232,40.9225,-1.4989
44233,40.8842,-1.5679
44300,40.788,-1.3554
44310,40.6408,-1.5162
44311,40.682,-1.4997
44313,40.7377,-1.4991
44314,40.8138,-1.4818
44315,40.7712,-1.5057
44320,41.0418,-1.3577
44330,41.0178,-1.3382
44340,40.8646,-1.3234
44350,40.8389,-1.3238
44357,40.8382,-1.1909
44358,40.8433,-1.1169
44359,40.87875,-1.43625
44360,40.568,-1.314
44366,40.55,-1.65
44367,40.508,-1.5879
44368,40.5291,-1.48125
44369,40.623,-1.45455
44370,40.4532,-1.286
44380,40.5169,-1.2648
44381,40.59,-1.2966
44382,40.66343,-1.27327
44390,41.0663,-1.3873
44391,40.9884,-1.3069
44392,40.8849,-1.3333
44393,40.8258,-1.3377
44394,40.702,-1.3072
44395,40.6183,-1.3457
44396,40.4106,-1.1934
44397,40.3798,-1.1464
44400,40.2502,-0.7525
44409,40.34105,-0.81205
44410,40.3614,-0.4481
44411,40.2646,-0.4591
44412,40.2992,-0.5462
44413,40.3914,-0.6059
44414,40.2371,-0.6357
44415,40.1778,-0.6349
44420,40.0582,-0.8294
44421,40.00295,-0.9951
44422,40.00664,-0.83038
44423,40.06705,-0.8979
44424,40.14635,-0.7889
44430,40.2288,-0.8114
44431,40.3573,-0.7008
44432,40.3718,-0.7201
44433,40.4411,-0.7205
44440,40.3244,-0.893
44441,40.2907,-0.874
44450,40.2241,-0.9278
44459,40.15,-1.0333
44460,40.1333,-0.8167
44470,40.1333,-0.6167
44477,40.1031,-0.7691
44478,40.1293,-0.6482
44479,40.1327,-0.6259
44480,40.05,-0.6833
44490,41.0633,-1.2335
44491,41.0923,-1.18097
44492,41.01483,-1.11658
44493,41.06997,-1.03933
44494,41.1094,-1.2469
44495,40.98145,-1.26075
44496,40.9301,-1.2566
44497,41.12475,-1.07815
44500,40.9769,-0.4462
44509,40.9687,-0.5297
44510,41.2222,-0.4409
44520,41.1893,-0.3888
44530,41.1743,-0.4511
44540,41.1217,-0.5114
44547,41.0309,-0.593
44548,40.9976,-0.6732
44549,41.0257,-0.6978
44550,40.893,-0.3812
44555,40.6479,-0.5933
44556,40.8388,-0.43865
44557,40.8753,-0.5282
44558,40.84515,-0.608
44559,40.70493,-0.5597
44560,40.7993,-0.3197
44561,40.8125,-0.3379
44562,40.7602,-0.40387
44563,40.7055,-0.3105
44564,40.8341,-0.2429
44565,40.8156,-0.274
44566,40.79327,-0.23617
44570,40.9405,-0.231
44579,40.9221,-0.2648
44580,40.8733,0.1539
44586,40.7562,0.0398
44587,40.8069,0.0647
44588,40.8316,0.1826
44589,40.86,0.0375
44590,41.2915,-0.4939
44591,41.27305,-0.56495
44592,41.22395,-0.3727
44593,41.1606,-0.4701
44594,40.9902,-0.0345
44595,40.9532,0.0257
44596,40.9283,0.0746
44597,40.9362,0.1093
44600,41.0502,-0.1342
44610,41.0163,0.1884
44620,40.9868,0.0841
44621,41.0506,0.1029
44622,40.9924,0.2709
44623,40.9284,0.2115
44624,40.955,0.2775
44630,40.9813,-0.1467
44640,40.94695,-0.0881
44641,40.9021,-0.1087
44642,40.8749,-0.0634
44643,40.87075,-0.11725
44650,40.8936,-0.0038
44651,40.8399,-0.0556
44652,40.7878,-0.033
44653,40.7514,-0.0689
44660,41.1079,-0.2526
44661,41.1269,-0.2155
44700,40.8328,-0.8018
44706,40.8026,-0.696
44707,40.80005,-0.63255
44708,40.7791,-0.7506
44709,40.8487,-0.73755
44710,40.7224,-0.996
44711,40.7003,-0.9778
44712,40.7599,-0.944
44720,40.7654,-0.99715
44721,40.78885,-1.077
44730,40.82097,-0.9944
44740,40.8709,-0.9389
44741,40.8689,-1.0119
44742,40.8966,-0.8882
44750,40.8446,-0.8955
44760,40.8122,-0.8475
44769,40.7938,-0.9308
44770,40.7941,-0.8101
44779,40.7763,-0.8681
44780,41.0323,-0.8107
44790,41.0513,-0.8855
44791,40.95477,-0.85637
44792,40.93777,-0.73157
44793,40.95145,-0.97795
45001,39.8579,-4.0222
45002,39.8563,-4.0266
45003,39.8659,-4.0231
45004,39.8562,-4.049
45005,39.8853,-4.0512
45006,39.8602,-4.0059
45007,39.8581,-4.0226
45008,39.8581,-4.0226
45070,39.8581,-4.0226
45071,39.8581,-4.0226
45080,39.8581,-4.0226
45100,39.6774,-3.9771
45109,39.63405,-3.9538
45110,39.7109,-3.9822
45111,39.8049,-4.0242
45112,39.7963,-3.9925
45113,39.7319,-3.9444
45114,39.6945,-4.0191
45120,39.6771,-4.1795
45121,39.5589,-4.3571
45122,39.8063,-4.057
45123,39.7775,-4.0636
45124,39.7613,-4.1259
45125,39.6933,-4.1531
45126,39.62375,-4.17235
45127,39.6103,-4.2313
45128,39.6401,-4.2838
45130,39.6654,-4.6412
45138,39.52835,-4.7164
45139,39.4322,-4.7242
45140,39.7243,-4.6419
45150,39.6342,-4.4706
45159,39.61315,-4.49765
45160,39.8105,-4.1472
45161,39.7877,-4.1679
45162,39.7402,-4.1848
45163,39.7106,-4.2265
45164,39.7021,-4.2724
45165,39.7019,-4.388
45170,39.784,-4.6325
45179,39.7691,-4.5731
45180,40.0895,-4.1187
45181,40.0158,-4.0794
45182,40.0552,-4.1164
45183,40.1553,-4.1146
45190,39.7986,-3.9464
45191,39.7977,-3.9443
45200,40.1261,-3.8502
45210,40.0888,-3.8734
45211,40.0528,-3.9893
45212,40.0912,-3.968
45213,40.1196,-3.9636
45214,40.1126,-3.9213
45215,40.1415,-3.9182
45216,40.171,-3.8951
45217,40.1582,-3.8777
45220,40.1197,-3.80595
45221,40.1047,-3.7664
45222,40.0702,-3.7401
45223,40.0997,-3.7397
45224,40.1087,-3.653
45230,40.0739,-3.8512
45240,40.012,-3.7925
45250,39.9887,-3.7658
45260,39.9618,-3.8829
45270,39.9393,-3.9172
45280,39.9444,-3.9868
45290,40.0466,-3.8359
45291,40.0236,-3.8581
45292,39.95,-3.85
45300,39.958,-3.4978
45310,39.9006,-3.3236
45311,39.9083,-3.5245
45312,39.8905,-3.535
45313,39.9041,-3.6245
45314,39.938,-3.6147
45340,40.0042,-3.5723
45350,39.9788,-3.441
45360,39.9856,-3.369
45370,39.981,-3.1879
45400,39.6842,-3.7737
45410,39.7235,-3.6574
45420,39.7544,-3.8524
45430,39.7165,-3.8129
45440,39.7122,-3.8717
45450,39.649,-3.8776
45460,39.6351,-3.7927
45470,39.5816,-3.8706
45479,39.56327,-3.93497
45480,39.4117,-3.7164
45489,39.4118,-3.7149
45500,39.982,-4.2825
45510,40.0528,-4.2077
45511,40.0316,-4.2059
45512,40.0138,-4.294
45513,40.1192,-4.2416
45514,40.1064,-4.3247
45515,40.0665,-4.3702
45516,39.863,-4.3592
45517,39.9251,-4.3483
45518,39.9658,-4.3034
45519,40.0138,-4.294
45520,40.0266,-4.1136
45521,40.0266,-4.1136
45522,40.0266,-4.1136
45523,40.0266,-4.1136
45524,40.0266,-4.1136
45525,40.0266,-4.1136
45526,40.0124,-4.3273
45529,40.0426,-3.9016
45530,40.0253,-4.4284
45531,39.9575,-4.3997
45532,39.9635,-4.4582
45533,39.888,-4.4539
45534,39.9417,-4.4369
45540,39.956,-4.4983
45541,39.9255,-4.5023
45542,40.0464,-4.5251
45543,40.0024,-4.5152
45544,39.9766,-4.5055
45560,39.9166,-5.1738
45567,39.9072,-5.2012
45568,40.0089,-5.2951
45569,39.96065,-5.1678
45570,39.8017,-5.1718
45571,39.79767,-5.13732
45572,39.813,-5.2359
45573,39.7389,-5.1431
45574,39.68955,-5.09545
45575,39.6361,-5.1131
45576,39.6042,-5.1425
45577,39.5228,-5.1141
45578,39.5892,-5.0553
45580,39.8981,-5.2778
45588,39.8893,-5.2428
45589,39.8749,-5.256
45590,39.9614,-3.9316
45591,40.0217,-3.9897
45592,40.0061,-3.9456
45593,39.94005,-4.0204
45594,39.9648,-4.1263
45600,39.9635,-4.8308
45610,40.0667,-5.0833
45611,40.0625,-5.0633
45612,39.9778,-4.9761
45613,39.9605,-4.9602
45614,39.9629,-4.918
45620,40.1067,-4.9383
45621,40.0221,-4.8649
45622,40.01,-4.8841
45630,40.157,-4.7859
45631,40.1846,-4.7417
45632,40.2127,-4.7933
45633,40.2326,-4.7513
45634,40.1764,-4.8502
45635,40.1036,-4.8274
45636,40.0904,-4.7939
45637,40.0518,-4.8107
45638,40.0318,-4.8033
45640,40.0918,-4.6769
45641,40.1003,-4.6856
45642,40.0635,-4.6549
45643,40.0993,-4.6465
45644,40.1138,-4.6198
45645,40.1046,-4.7227
45646,40.0693,-4.7321
45650,39.6533,-4.7837
45651,39.7089,-4.8034
45652,39.7436,-4.7554
45653,39.7624,-4.709
45654,39.8297,-4.719
45660,39.7577,-4.9493
45661,39.7593,-5.0229
45662,39.8063,-4.9301
45663,39.8388,-4.8256
45664,39.8684,-4.9216
45670,39.6496,-4.9911
45671,39.581,-4.9704
45672,39.5225,-4.9591
45673,39.6427,-4.949
45674,39.6099,-4.905
45675,39.5916,-4.8769
45676,39.6016,-4.8271
45677,39.5722,-4.8035
45678,39.5435,-4.7798
45680,39.8992,-4.8308
45681,39.8992,-4.8308
45682,39.8992,-4.8308
45683,39.8992,-4.8308
45684,39.8992,-4.8308
45685,39.8992,-4.8308
45686,39.8992,-4.8308
45687,39.8992,-4.8308
45690,39.9125,-4.6788
45691,39.9522,-4.68355
45692,39.8975,-4.5499
45693,39.922,-4.5976
45694,39.9374,-4.8927
45695,39.9189,-4.6801
45700,39.4608,-3.6077
45710,39.4695,-3.5325
45720,39.4266,-3.4579
45730,39.4378,-3.35045
45740,39.8746,-3.7319
45749,39.8187,-3.7346
45750,39.8632,-3.6128
45760,39.7877,-3.4741
45770,39.7074,-3.434
45780,39.6962,-3.5046
45789,39.6019,-3.6127
45790,39.5108,-3.2482
45800,39.5937,-3.0417
45810,39.6732,-3.0145
45820,39.5132,-2.997
45830,39.5241,-3.0759
45840,39.5986,-3.1178
45850,39.6151,-3.2191
45860,39.6211,-3.3399
45870,39.7231,-3.3062
45880,39.7599,-3.1645
45890,39.8162,-3.1023
45900,40.2303,-4.3926
45908,40.2047,-4.4305
45909,40.2195,-4.4105
45910,40.1675,-4.4052
45917,40.1562,-4.5037
45918,40.176,-4.5984
45919,40.0981,-4.4448
45920,40.1693,-4.2155
45930,40.239,-4.1934
45940,40.2047,-4.0889
45950,40.187,-4.0364
45960,40.1001,-4.0433
46001,39.4698,-0.3774
46002,39.4698,-0.3774
46003,39.4698,-0.3774
46004,39.4698,-0.3774
46005,39.4698,-0.3774
46006,39.4698,-0.3774
46007,39.4698,-0.3774
46008,39.4698,-0.3774
46009,39.4698,-0.3774
46010,39.4698,-0.3774
46011,39.4698,-0.3774
46012,39.4698,-0.3774
46013,39.4698,-0.3774
46014,39.4698,-0.3774
46015,39.4698,-0.3774
46016,39.4698,-0.3774
46017,39.4698,-0.3774
46018,39.4698,-0.3774
46019,39.4698,-0.3774
46020,39.4698,-0.3774
46021,39.4698,-0.3774
46022,39.4698,-0.3774
46023,39.4698,-0.3774
46024,39.4698,-0.3774
46025,39.4698,-0.3774
46026,39.4698,-0.3774
46035,39.5,-0.4167
46070,39.4698,-0.3774
46071,39.4698,-0.3774
46080,39.4698,-0.3774
46100,39.5101,-0.4129
46110,39.52395,-0.4232
46111,39.53945,-0.40785
46112,39.5373,-0.4108
46113,39.5468,-0.3955
46114,39.5379,-0.3709
46115,39.55,-0.3833
46116,39.5729,-0.4112
46117,39.5833,-0.45
46118,39.68403,-0.43197
46119,39.65,-0.4167
46120,39.5,-0.35
46127,39.5,-0.35
46130,39.5738,-0.3364
46131,39.5167,-0.3667
46132,39.5167,-0.35
46133,39.5281,-0.3484
46134,39.53545,-0.3525
46135,39.543,-0.3436
46136,39.5629,-0.3411
46137,39.5396,-0.3458
46138,39.5396,-0.3458
46139,39.5396,-0.3458
46140,40.06263,-1.2392
46141,40.14,-1.30215
46142,40.1078,-1.2823
46143,40.096,-1.258
46144,40.1263,-1.25345
46145,40.0482,-1.3446
46146,40.0237,-1.2613
46147,40.0397,-1.2627
46148,39.75,-0.3667
46149,39.6806,-0.3207
46150,39.6876,-0.7751
46160,39.65,-0.70835
46162,39.81574,-0.8095
46163,39.7082,-0.5467
46164,39.6051,-0.7265
46165,39.6085,-0.776
46166,39.6045,-0.8346
46167,39.6561,-0.892
46168,39.66665,-0.88335
46169,39.73345,-0.5239
46170,39.7333,-0.8167
46171,39.6993,-0.7077
46172,39.7975,-0.703
46173,39.7167,-1.1
46174,39.6596,-0.6711
46175,39.7234,-0.9719
46176,39.78352,-0.9838
46177,39.7667,-1.0333
46178,39.90236,-1.01801
46179,39.9167,-1.1333
46180,39.5939,-0.5882
46181,39.6167,-0.5667
46182,39.53185,-0.48415
46183,39.5667,-0.5333
46184,39.5833,-0.5433
46185,39.6,-0.55
46190,39.5167,-0.5167
46191,39.5684,-0.6239
46192,39.3667,-0.6
46193,39.3333,-0.6167
46194,39.3361,-0.6087
46195,39.2784,-0.5695
46196,39.2728,-0.5783
46197,39.2768,-0.5604
46198,39.263,-0.78655
46199,39.29607,-0.96244
46200,39.4274,-0.4167
46210,39.4345,-0.4312
46220,39.3642,-0.456
46225,39.3583,-0.4583
46229,39.35,-0.4667
46230,39.2715,-0.496
46240,39.23015,-0.51955
46249,39.2333,-0.5167
46250,39.1667,-0.5167
46260,39.117,-0.5209
46266,39.0804,-0.5918
46267,39.0906,-0.5455
46268,39.1048,-0.5616
46269,39.1395,-0.5869
46270,39.0774,-0.5117
46290,39.3667,-0.4333
46291,39.2134,-0.527
46292,39.1438,-0.5226
46293,39.06245,-0.54915
46294,39.0688,-0.5711
46295,39.06575,-0.61015
46300,39.56745,-1.20245
46310,39.4734,-1.34172
46311,39.5213,-1.3614
46312,39.5264,-1.325
46313,39.5839,-1.25023
46314,39.5856,-1.3643
46315,39.5667,-1.25
46317,39.5333,-1.4333
46320,39.7326,-1.2307
46321,39.7333,-1.2333
46330,39.6472,-1.4001
46339,39.6707,-1.3361
46340,39.489,-1.1009
46350,39.5922,-0.9733
46351,39.6061,-1.07815
46352,39.43293,-1.18583
46353,39.4761,-1.2559
46354,39.41923,-1.29693
46355,39.33413,-1.07267
46356,39.3,-1.1333
46357,39.39835,-1.07035
46360,39.4211,-0.7898
46367,39.3833,-0.8
46368,39.3825,-0.7868
46369,39.3933,-0.7756
46370,39.4715,-0.7188
46380,39.4955,-0.686
46388,39.423,-0.6867
46389,39.3833,-0.7
46390,39.52079,-1.16206
46391,39.4685,-1.011
46392,39.4738,-0.9181
46393,39.4902,-0.5709
46394,39.4667,-0.5667
46400,39.1659,-0.2548
46408,39.1971,-0.23193
46409,39.13047,-0.23857
46410,39.2021,-0.3108
46417,39.1966,-0.3349
46418,39.1833,-0.3145
46419,39.1953,-0.3148
46420,39.2772,-0.2757
46430,39.2782,-0.3816
46439,39.2833,-0.3667
46440,39.2923,-0.4133
46450,39.2844,-0.426
46460,39.3628,-0.4121
46469,39.3818,-0.4103
46470,39.4034,-0.4052
46500,39.6833,-0.2667
46501,39.6833,-0.3
46510,39.7375,-0.2637
46511,39.7333,-0.2667
46512,39.7257,-0.2642
46513,39.7167,-0.2333
46514,39.7407,-0.2583
46515,39.7333,-0.2667
46520,39.6622,-0.2175
46529,39.6833,-0.2167
46530,39.6172,-0.3065
46540,39.5887,-0.3033
46550,39.5446,-0.3241
46560,39.5581,-0.3268
46590,39.7129,-0.3485
46591,39.7,-0.3333
46592,39.6841,-0.3903
46593,39.7833,-0.3667
46594,39.75,-0.3667
46595,39.7333,-0.35
46600,39.1518,-0.4333
46610,39.1866,-0.4782
46611,39.132,-0.493
46612,39.1571,-0.3525
46613,39.1467,-0.3294
46614,39.1275,-0.2909
46620,39.0593,-1.0573
46621,39.00407,-1.08607
46622,39.1056,-1.051
46623,39.1399,-1.0735
46624,39.1912,-1.0761
46625,39.2294,-1.061
46630,38.8,-0.8833
46635,38.7833,-0.7833
46640,38.8749,-0.7523
46650,38.9621,-0.5838
46659,38.9782,-0.57645
46660,39.0509,-0.4923
46666,39.0533,-0.4604
46667,39.0219,-0.418
46668,39.0298,-0.46765
46669,39.0686,-0.49497
46670,39.0833,-0.4667
46680,39.1918,-0.43745
46687,39.2,-0.3833
46688,39.2,-0.3667
46689,39.1833,-0.3833
46690,38.9667,-0.5833
46691,38.8959,-0.6912
46692,38.9488,-0.6505
46700,38.9667,-0.1833
46701,38.9719,-0.1807
46702,38.9654,-0.1873
46703,38.9635,-0.1945
46710,38.9667,-0.15
46711,38.95053,-0.14027
46712,38.9288,-0.1077
46713,38.94,-0.1397
46714,38.9417,-0.1535
46715,38.9333,-0.15
46716,38.9322,-0.1677
46717,38.94,-0.1397
46720,38.8857,-0.2079
46721,38.9151,-0.1946
46722,38.9303,-0.18225
46723,38.9445,-0.1808
46724,38.9267,-0.2203
46725,38.9302,-0.25475
46726,38.9167,-0.27777
46727,38.9482,-0.1924
46728,38.97895,-0.213
46729,38.80495,-0.0645
46730,38.975,-0.16667
46740,39.1221,-0.4471
46749,39.1108,-0.4628
46750,39.0333,-0.3167
46758,39.01043,-0.29297
46759,39.0179,-0.3001
46760,39.0667,-0.2667
46770,39.0327,-0.2164
46780,38.919,-0.1183
46790,39.0103,-0.2167
46791,39.055,-0.3033
46792,39.0358,-0.26
46800,38.99887,-0.52497
46810,38.9791,-0.6881
46811,38.9229,-0.87485
46812,38.8833,-0.5833
46813,38.9833,-0.5667
46814,38.99185,-0.57335
46815,38.9707,-0.6399
46816,39.0046,-0.5648
46817,39.0174,-0.6238
46818,38.9916,-0.5605
46819,38.9707,-0.6399
46820,39.0207,-0.6464
46821,39.0424,-0.66
46822,39.0608,-0.6741
46823,39.102,-0.6947
46824,39.1168,-0.7386
46825,39.1316,-0.7873
46830,38.95,-0.4333
46837,38.9459,-0.402
46838,38.94793,-0.34697
46839,38.926,-0.48275
46840,38.8824,-0.3386
46841,38.8833,-0.3667
46842,38.88705,-0.26372
46843,38.8601,-0.39065
46844,38.85055,-0.43005
46850,38.9395,-0.5214
46860,38.84,-0.5193
46868,38.85,-0.4667
46869,38.83597,-0.49643
46870,38.8223,-0.607
46880,38.7657,-0.6118
46890,38.8231,-0.5502
46891,38.8679,-0.5155
46892,38.8881,-0.4937
46893,38.9,-0.5
46894,38.98175,-0.4782
46900,39.4362,-0.46725
46901,39.4352,-0.4911
46909,39.4333,-0.5167
46910,39.4225,-0.39008
46920,39.4722,-0.4112
46930,39.4814,-0.4394
46940,39.50583,-0.48938
46950,39.4641,-0.4302
46960,39.47125,-0.46295
46970,39.4557,-0.461
46980,39.5018,-0.4377
46988,39.5,-0.4333
46989,39.5075,-0.4297
47001,41.6505,-4.7287
47002,41.6509,-4.7226
47003,41.6556,-4.7259
47004,41.6462,-4.7222
47005,41.6512,-4.7142
47006,41.6398,-4.7388
47007,41.6373,-4.7351
47008,41.6182,-4.7505
47009,41.6622,-4.7408
47010,41.6653,-4.7163
47011,41.6607,-4.7079
47012,41.635,-4.7064
47013,41.6336,-4.7214
47014,41.64,-4.7542
47015,41.6468,-4.7475
47016,41.6363,-4.7685
47017,41.6425,-4.695
47018,41.6552,-4.7237
47070,41.6552,-4.7237
47071,41.6552,-4.7237
47080,41.6552,-4.7237
47100,41.5032,-5.0005
47110,41.5783,-5.2408
47111,41.5497,-5.1381
47112,41.5562,-5.2047
47113,41.5683,-5.12495
47114,41.53063,-5.0199
47115,41.5721,-5.04425
47116,41.4439,-5.1252
47120,41.6325,-5.1768
47129,41.66908,-5.08834
47130,41.591,-4.8279
47131,41.58356,-4.90518
47132,41.53123,-4.91073
47133,41.5902,-5.12345
47134,41.62975,-5.06862
47140,41.5815,-4.7233
47150,41.5293,-4.7524
47151,41.5423,-4.7001
47152,41.5541,-4.7922
47153,41.6205,-4.73737
47155,41.6946,-4.6903
47160,41.47143,-4.5996
47161,41.5641,-4.654
47162,41.5126,-4.6395
47164,41.4473,-4.4895
47165,41.4734,-4.5046
47166,41.4473,-4.3826
47169,41.5327,-4.6167
47170,41.6542,-4.6283
47171,41.6818,-4.5887
47172,41.6852,-4.5464
47173,41.6881,-4.5225
47174,41.7029,-4.4831
47175,41.7284,-4.4282
47176,41.7502,-4.3806
47177,41.7486,-4.3015
47180,41.734,-4.3239
47181,41.7403,-4.2687
47182,41.7561,-4.2215
47183,41.7682,-4.2
47184,41.7673,-4.1849
47185,41.7546,-4.125
47186,41.7565,-4.1036
47190,41.6752,-4.9174
47191,41.6409,-4.8566
47192,41.6485,-4.9596
47193,41.6407,-4.7994
47194,41.72495,-4.7632
47195,41.61315,-4.7818
47196,41.4712,-4.6464
47197,41.6262,-4.7636
47200,41.7997,-4.5306
47209,41.7534,-4.5672
47210,41.1817,-4.8031
47219,41.14,-4.82875
47220,41.3712,-4.844
47230,41.4145,-4.7899
47231,41.4576,-4.8619
47232,41.4111,-4.8293
47237,41.3866,-4.7763
47238,41.3706,-4.6726
47239,41.52725,-4.86145
47240,41.4797,-4.772
47250,41.4299,-4.6651
47260,41.7616,-4.6236
47270,41.7573,-4.6988
47280,41.8099,-4.6935
47281,41.7616,-4.6236
47282,41.8305,-4.6518
47283,41.8545,-4.6593
47290,41.8336,-4.6146
47300,41.5975,-4.1202
47310,41.4922,-4.1954
47311,41.5304,-4.1303
47312,41.4814,-4.2794
47313,41.52092,-4.25392
47314,41.58957,-4.18333
47315,41.6417,-4.1559
47316,41.67128,-4.12352
47317,41.65608,-4.05825
47318,41.57553,-4.04557
47319,41.5348,-4.0752
47320,41.5466,-4.51915
47328,41.5367,-4.5329
47329,41.66593,-4.45197
47330,41.5827,-4.4879
47331,41.5698,-4.4494
47340,41.6085,-4.434
47350,41.6249,-4.3629
47359,41.63705,-4.30745
47360,41.6197,-4.2177
47400,41.3124,-4.9141
47410,41.2873,-4.6863
47418,41.26203,-4.63793
47419,41.2088,-4.66963
47420,41.3612,-4.5335
47430,41.3414,-4.5822
47440,41.40665,-4.5554
47450,41.3183,-4.8394
47451,41.3374,-4.7672
47452,41.2615,-4.7707
47453,41.2287,-4.7856
47454,41.2865,-4.7909
47460,41.2577,-5.0148
47461,41.2579,-5.0149
47462,41.2043,-5.0229
47463,41.2303,-4.9724
47464,41.2676,-5.0568
47465,41.3069,-5.0263
47470,41.2136,-5.1094
47480,41.1975,-5.1441
47490,41.4122,-4.9593
47491,41.4128,-4.9056
47492,41.40275,-4.9482
47493,41.2345,-4.8475
47494,41.1818,-4.93142
47500,41.3304,-5.081
47509,41.3721,-5.0124
47510,41.3076,-5.2159
47511,41.3522,-5.1849
47512,41.2928,-5.2081
47513,41.2189,-5.2238
47520,41.3889,-5.264
47529,41.4331,-5.3019
47530,41.4813,-5.2845
47600,42.0999,-5.0344
47606,42.06415,-4.97605
47607,42.10365,-5.0387
47608,42.14232,-5.11627
47609,42.21237,-5.06065
47610,41.6597,-4.7842
47620,41.6979,-4.8373
47630,41.7803,-4.944
47639,41.8636,-4.8606
47640,41.7116,-4.9833
47641,41.7536,-5.069
47650,42.0593,-5.0554
47664,42.0542,-5.1236
47670,42.08835,-5.27205
47671,42.0991,-5.2822
47672,42.0415,-5.3126
47673,42.0096,-5.47275
47674,41.9514,-5.2835
47675,42.0108,-5.26035
47676,42.0589,-5.2357
47680,42.1651,-5.2683
47686,42.2681,-5.0971
47687,42.2434,-5.1422
47688,42.2302,-5.181
47689,42.1729,-5.2171
47690,41.8351,-5.0367
47691,41.9861,-5.0721
47692,42.0328,-5.1501
47800,41.8833,-5.0441
47810,41.8929,-5.2186
47811,41.8769,-5.1956
47812,41.9297,-5.1453
47813,41.93715,-5.0547
47814,41.96535,-5.1942
47815,41.99405,-5.00975
47816,41.8819,-4.958
47820,41.8218,-5.1155
47830,41.8149,-5.1589
47831,41.8214,-5.2589
47832,41.8491,-5.2702
47840,41.7803,-5.1924
47850,41.7592,-5.2479
47851,41.7356,-5.3259
47860,41.7239,-5.255
47862,41.7272,-5.2032
47870,41.6523,-5.2663
47880,41.6211,-5.2927
47881,41.6532,-5.2839
47882,41.6725,-5.3047
47883,41.6919,-5.2765
48001,43.2633,-2.9286
48002,43.2527,-2.9518
48003,43.19335,-2.71885
48004,43.2521,-2.9102
48005,43.2576,-2.9237
48006,43.2558,-2.9181
48007,43.2666,-2.9199
48008,43.2604,-2.9324
48009,43.2655,-2.9333
48010,43.259,-2.9399
48011,43.2626,-2.9393
48012,43.2549,-2.9398
48013,43.2623,-2.9488
48014,43.272,-2.9478
48015,43.2791,-2.9609
48070,43.2627,-2.9253
48071,43.2627,-2.9253
48080,43.2627,-2.9253
48100,43.34562,-2.84907
48110,43.24461,-2.83539
48111,43.34827,-2.90297
48112,43.3838,-2.8621
48113,43.3191,-2.8167
48114,43.3483,-2.7537
48115,43.30346,-2.75341
48116,43.32748,-2.7971
48120,43.35797,-2.80837
48130,43.42167,-2.81359
48140,43.15865,-2.69399
48141,43.13702,-2.74291
48142,43.13189,-2.7849
48143,43.11823,-2.7678
48144,43.09323,-2.75041
48145,43.1264,-2.7334
48150,43.29178,-2.92052
48160,43.28796,-2.6949
48170,43.286,-2.87
48180,43.31133,-2.92333
48190,43.27116,-3.15729
48191,43.26704,-3.11907
48192,43.201,-3.06517
48194,43.1782,-3.03415
48195,43.2833,-2.95
48196,43.27735,-2.8316
48200,43.18516,-2.61732
48210,43.04573,-2.66247
48211,43.1,-2.6333
48212,43.1375,-2.6615
48213,43.15,-2.6333
48215,43.18344,-2.64985
48220,43.15169,-2.61179
48230,43.135,-2.54328
48240,43.1781,-2.58006
48249,43.1767,-2.5781
48250,43.1667,-2.54123
48260,43.181,-2.50575
48269,43.18672,-2.5316
48270,43.2684,-2.4985
48276,43.2579,-2.50215
48277,43.17884,-2.49426
48278,43.24814,-2.52291
48280,43.3655,-2.505
48287,43.3793,-2.5778
48288,43.3585,-2.54395
48289,43.32304,-2.50738
48291,43.11541,-2.58398
48300,43.31032,-2.66572
48309,43.32428,-2.71912
48310,43.403,-2.6396
48311,43.3856,-2.63172
48312,43.32074,-2.58457
48313,43.35426,-2.61564
48314,43.37026,-2.6642
48315,43.33475,-2.63333
48320,43.3,-2.6667
48330,43.20453,-2.80745
48340,43.21323,-2.72178
48350,43.37763,-2.69753
48360,43.40493,-2.69947
48370,43.36635,-2.68989
48380,43.26851,-2.54203
48381,43.27036,-2.59146
48382,43.2812,-2.64018
48383,43.26305,-2.5159
48390,43.21478,-2.7932
48391,43.24697,-2.66387
48392,43.2691,-2.6896
48393,43.33183,-2.67756
48394,43.3543,-2.6846
48395,43.39753,-2.70033
48410,43.0959,-2.8762
48419,43.09633,-2.87793
48450,43.24976,-2.76218
48460,43.07833,-3.10982
48480,43.20811,-2.88204
48490,43.1802,-2.9021
48498,43.10632,-2.76258
48499,43.17077,-2.87493
48500,43.31051,-3.08634
48508,43.34666,-3.09049
48510,43.30127,-3.00456
48520,43.28807,-3.05207
48530,43.30898,-3.05522
48550,43.33299,-3.11881
48600,43.37755,-2.97987
48610,43.38192,-2.94952
48620,43.41367,-2.9132
48630,43.41293,-2.93748
48640,43.3588,-2.99125
48650,43.4028,-2.9373
48700,43.322,-2.423
48710,43.3155,-2.46223
48800,43.19797,-3.20707
48810,43.24465,-2.98995
48820,43.2276,-3.01975
48830,43.2011,-3.0475
48840,43.2079,-3.0928
48850,43.2108,-3.1169
48860,43.21493,-3.13503
48869,43.21773,-3.16417
48870,43.25347,-3.19277
48879,43.2462,-3.23363
48880,43.2764,-3.2569
48890,43.24467,-3.35205
48891,43.20947,-3.36915
48895,43.19857,-3.4308
48900,43.2956,-2.9973
48901,43.2956,-2.9973
48902,43.2956,-2.9973
48903,43.2793,-3.0072
48910,43.3093,-3.004
48920,43.3187,-3.0215
48930,43.3259,-3.0097
48940,43.31023,-2.88858
48950,43.30601,-2.96081
48960,43.23146,-2.82429
48970,43.23756,-2.87892
48980,43.32833,-3.034
48990,43.3493,-3.0094
48991,43.3493,-3.0094
48992,43.3493,-3.0094
48993,43.3493,-3.0094
48998,43.3493,-3.0094
49001,41.5063,-5.7446
49002,41.5063,-5.7446
49003,41.5063,-5.7446
49004,41.5063,-5.7446
49005,41.5063,-5.7446
49006,41.5063,-5.7446
49007,41.5063,-5.7446
49008,41.5063,-5.7446
49009,41.5063,-5.7446
49010,41.5063,-5.7446
49011,41.5063,-5.7446
49012,41.5063,-5.7446
49013,41.5063,-5.7446
49014,41.5063,-5.7446
49015,41.5063,-5.7446
49016,41.5063,-5.7446
49017,41.5063,-5.7446
49018,41.5063,-5.7446
49019,41.5063,-5.7446
49020,41.5063,-5.7446
49021,41.5063,-5.7446
49022,41.5063,-5.7446
49023,41.5063,-5.7446
49024,41.5063,-5.7446
49025,41.5063,-5.7446
49026,41.5063,-5.7446
49027,41.49555,-5.77835
49028,41.5063,-5.7446
49029,41.5063,-5.7446
49030,41.5063,-5.7446
49031,41.5063,-5.7446
49032,41.5063,-5.7446
49070,41.5063,-5.7446
49071,41.5063,-5.7446
49080,41.5063,-5.7446
49100,41.9849,-5.4066
49110,41.9705,-5.3143
49120,41.5827,-5.6605
49121,41.5547,-5.7079
49122,41.617,-5.6717
49123,41.627,-5.6348
49124,41.6746,-5.5995
49125,41.6838,-5.653
49126,41.7266,-5.649
49127,41.7001,-5.5419
49128,41.7695,-5.502
49129,41.8168,-5.46845
49130,41.7509,-5.7105
49131,41.8987,-5.3596
49132,41.925,-5.3404
49133,41.9706,-5.4632
49134,41.9457,-5.4752
49135,41.89533,-5.5788
49136,41.8345,-5.6107
49137,41.7952,-5.639
49140,41.8246,-5.9642
49141,41.8347,-5.8888
49142,41.7155,-5.6935
49143,41.6809,-5.7289
49144,41.7063,-5.756
49145,41.717,-5.868
49146,41.7427,-5.9201
49147,41.71995,-5.97075
49148,41.796,-5.8697
49149,41.6472,-5.804
49150,41.4639,-5.6563
49151,41.4379,-5.6699
49152,41.4323,-5.5671
49153,41.3896,-5.536
49154,41.334,-5.4671
49155,41.3444,-5.41
49156,41.2899,-5.4422
49157,41.46995,-5.613
49158,41.4941,-5.5891
49159,41.4922,-5.6836
49160,41.6535,-5.9971
49161,41.68215,-5.92525
49162,41.5997,-5.8671
49163,41.635,-5.9467
49164,41.59985,-6.04485
49165,41.56927,-5.99263
49166,41.5305,-6.0702
49167,41.521,-5.9703
49168,41.6196,-6.0876
49170,41.4362,-5.7967
49171,41.3233,-5.8896
49172,41.404,-5.836
49173,41.3824,-5.8582
49174,41.36325,-5.91035
49176,41.323,-5.8853
49177,41.23513,-5.96679
49178,41.28965,-5.84445
49180,41.4751,-5.9165
49181,41.5499,-5.913
49182,41.5822,-5.9009
49183,41.5923,-5.9215
49190,41.4474,-5.7307
49191,41.40895,-5.6905
49192,41.5509,-5.77337
49200,41.3665,-6.1122
49210,41.2665,-6.0735
49211,41.2675,-6.16273
49212,41.3878,-6.1978
49213,41.40187,-6.28503
49214,41.42525,-6.24613
49215,41.42813,-6.1523
49216,41.33797,-6.01463
49220,41.3174,-6.3958
49230,41.32795,-6.2989
49231,41.3712,-6.3797
49232,41.3636,-6.3302
49240,41.3354,-6.1707
49250,41.5412,-6.15815
49251,41.4532,-6.19225
49252,41.487,-6.1834
49253,41.49,-6.1367
49254,41.4592,-6.08075
49255,41.4071,-6.0589
49260,41.3928,-6.0101
49270,41.3914,-5.9465
49271,41.3701,-5.9431
49272,41.4021,-5.9482
49280,41.4165,-5.8781
49281,41.4532,-5.8668
49290,41.3909,-6.1468
49300,42.054,-6.6335
49310,42.0228,-6.3303
49317,42.0497,-6.38492
49318,42.0216,-6.3079
49319,42.083,-6.34125
49320,42.05575,-6.584
49321,42.08202,-6.58105
49322,42.06817,-6.5327
49323,42.13703,-6.5641
49324,42.10063,-6.49268
49325,42.04102,-6.45188
49326,42.0156,-6.2298
49327,42.09773,-6.1651
49329,41.9853,-6.0762
49330,41.99573,-6.16593
49331,41.98677,-6.103
49332,41.9947,-6.0266
49333,41.93373,-5.95537
49334,41.9047,-6.0154
49335,41.89765,-6.1368
49336,41.9387,-6.1502
49337,41.95815,-6.2153
49340,42.1486,-6.2959
49341,42.14405,-6.3729
49342,42.12347,-6.41417
49343,42.1419,-6.2327
49344,42.1257,-6.3581
49345,42.1033,-6.4054
49346,42.1011,-6.412
49347,42.0912,-6.418
49348,42.0735,-6.461
49349,42.0757,-6.4739
49350,42.1316,-6.6332
49352,42.1316,-6.6332
49357,42.1053,-6.6207
49358,42.14074,-6.6225
49359,42.13395,-6.65937
49360,42.099,-6.6579
49361,42.1268,-6.6957
49362,42.1129,-6.6768
49390,42.0779,-6.6161
49391,41.9428,-6.6187
49392,41.99862,-6.68826
49393,42.01855,-6.5946
49394,42.04258,-6.72454
49395,42.08988,-6.70132
49396,42.07017,-6.68238
49400,41.2304,-5.4972
49410,41.2514,-5.3832
49419,41.2304,-5.3255
49420,41.2824,-5.353
49430,41.2062,-5.4641
49440,41.1665,-5.3683
49450,41.14855,-5.3163
49500,41.6994,-6.3465
49510,41.6349,-6.1408
49511,41.6206,-6.2117
49512,41.71265,-6.22853
49513,41.6646,-6.17775
49514,41.65167,-6.23825
49515,41.74577,-6.43473
49516,41.72367,-6.50817
49517,41.72403,-6.46577
49518,41.68537,-6.45793
49519,41.74326,-6.28444
49520,41.87893,-6.4459
49521,41.85575,-6.4763
49522,41.85253,-6.3403
49523,41.7911,-6.365
49524,41.7958,-6.4405
49525,41.74665,-6.3693
49530,41.5479,-5.6225
49539,41.5921,-5.57693
49540,41.7495,-6.0065
49541,41.67375,-6.08995
49542,41.7071,-6.12545
49543,41.6671,-6.0537
49550,41.78715,-6.0746
49559,41.74878,-6.16538
49560,41.9028,-6.3805
49561,41.9228,-6.3564
49562,41.9421,-6.2865
49563,41.9587,-6.3393
49570,42.0357,-6.9054
49571,42.0015,-6.8988
49572,41.97735,-6.90418
49573,42.043,-6.94055
49574,42.04003,-6.8651
49580,42.0733,-7.00185
49582,42.1182,-6.957
49583,42.1674,-6.8993
49590,41.5794,-5.5003
49591,41.82153,-6.17067
49592,41.8185,-6.2452
49593,41.93955,-6.50825
49594,41.97728,-6.43737
49600,42.0025,-5.6783
49610,42.0736,-6.0155
49618,42.08728,-5.98247
49619,42.11487,-6.0557
49620,41.9998,-5.7136
49621,42.04907,-5.9434
49622,42.0405,-5.87724
49623,42.0168,-5.9353
49624,41.99325,-5.87825
49625,41.9856,-5.9226
49626,41.97937,-5.99852
49627,42.0194,-6.04835
49628,42.0433,-6.0724
49629,42.0616,-6.0479
49630,41.8652,-5.4123
49637,41.8172,-5.29
49638,41.9132,-5.4138
49639,41.86275,-5.42275
49640,41.9002,-5.486
49650,41.9372,-5.5516
49660,41.9814,-5.61905
49670,42.0038,-5.5453
49680,42.0261,-5.5031
49690,42.0458,-5.6347
49691,42.07485,-5.60405
49692,42.105,-5.6416
49693,42.0741,-5.76903
49694,42.0356,-5.7469
49695,42.0983,-5.858
49696,42.10683,-5.8749
49697,41.94628,-5.85315
49698,41.90616,-5.78356
49699,41.95043,-5.69458
49700,41.3414,-5.7369
49706,41.32375,-5.72215
49707,41.3388,-5.6769
49708,41.3644,-5.75835
49709,41.3333,-5.7833
49710,41.2558,-5.7105
49714,41.3263,-5.628
49715,41.3532,-5.5884
49716,41.3116,-5.5876
49717,41.3202,-5.6173
49718,41.2508,-5.7977
49719,41.2671,-5.59895
49720,41.4127,-5.7528
49721,41.4301,-5.7556
49722,41.3985,-5.7828
49730,41.5744,-5.7392
49731,41.6312,-5.7061
49740,41.8103,-5.7389
49741,41.7683,-5.7616
49742,41.7607,-5.7651
49743,41.7338,-5.7806
49750,41.8786,-5.71
49751,41.8792,-5.739
49760,41.92635,-5.6707
49770,42.0539,-5.7275
49780,42.1026,-5.7333
49781,42.0858,-5.7261
49782,42.0742,-5.7196
49783,42.11415,-5.79895
49800,41.5242,-5.3953
49810,41.5374,-5.3064
49820,41.3807,-5.4079
49830,41.7228,-5.4518
49831,41.6746,-5.4616
49832,41.6547,-5.4866
49833,41.6308,-5.4725
49834,41.6264,-5.4258
49835,41.5973,-5.4366
49836,41.5415,-5.3884
49840,41.6548,-5.3661
49850,41.6278,-5.3641
49860,41.5977,-5.2977
49870,41.5781,-5.3429
49871,41.5848,-5.3771
49880,41.4817,-5.483
49881,41.5068,-5.5098
49882,41.4517,-5.4523
50001,41.6516,-0.8771
50002,41.6486,-0.8668
50003,41.6573,-0.8893
50004,41.6521,-0.8891
50005,41.6462,-0.8956
50006,41.6398,-0.8902
50007,41.6304,-0.8823
50008,41.6422,-0.878
50009,41.6399,-0.9052
50010,41.6522,-0.9025
50011,41.6558,-0.9298
50012,41.6345,-0.9315
50013,41.6378,-0.8653
50014,41.6632,-0.8621
50015,41.6702,-0.8737
50016,41.6656,-0.8194
50017,41.6504,-0.9102
50018,41.6741,-0.885
50019,41.6198,-0.9215
50020,41.6561,-0.8773
50021,41.6162,-0.8683
50022,41.6252,-0.9591
50059,41.6561,-0.8773
50070,41.6561,-0.8773
50071,41.6561,-0.8773
50080,41.6561,-0.8773
50090,41.6561,-0.8773
50100,41.4767,-1.3745
50108,41.3975,-1.3239
50109,41.4223,-1.3815
50110,41.4362,-0.833
50120,41.71315,-0.96075
50130,41.3071,-0.7533
50131,41.2049,-0.7113
50132,41.333,-0.7004
50133,41.2807,-0.7927
50134,41.2373,-0.815
50135,41.4667,-0.7058
50136,41.2549,-0.8029
50137,41.3852,-0.8556
50138,41.4435,-0.8845
50139,41.5025,-0.8558
50140,41.2574,-0.8711
50141,41.452,-0.9926
50142,41.343,-0.9589
50143,41.11995,-0.9437
50144,41.1281,-0.8343
50150,41.2102,-1.0827
50151,41.1662,-1.1459
50152,41.42575,-1.0831
50153,41.3532,-1.0365
50154,41.3155,-1.0722
50155,41.2947,-1.0463
50156,41.1595,-1.042
50160,41.798,-0.6116
50161,41.753,-0.6324
50162,41.7183,-0.5414
50163,41.6817,-0.507
50164,41.6389,-0.4155
50170,41.3748,0.3023
50171,41.5321,-0.4035
50172,41.614,-0.7037
50173,41.5896,-0.6677
50174,41.5747,-0.6504
50175,41.5274,-0.57165
50176,41.5321,-0.4035
50177,41.4977,-0.1529
50178,41.5536,-0.211
50180,41.7152,-1.021
50190,41.6841,-1.02617
50191,41.625,-1.0346
50192,41.625,-1.0346
50193,41.625,-1.0346
50194,41.6509,-0.826
50195,41.6229,-0.95073
50196,41.5801,-1.1172
50197,41.6561,-0.8773
50198,41.5801,-1.1172
50200,41.3304,-1.7929
50210,41.2118,-1.7895
50211,41.3098,-1.8108
50212,41.2778,-1.7977
50213,41.13786,-1.7544
50214,41.1265,-1.8439
50215,41.3979,-1.828
50216,41.4355,-1.841
50217,41.473,-1.8744
50219,41.27437,-1.724
50220,41.3119,-2.0568
50227,41.1712,-2.0039
50228,41.2113,-2.0402
50229,41.4167,-2.0791
50230,41.2966,-1.8936
50236,41.2176,-1.8334
50237,41.1901,-1.8842
50238,41.21333,-1.88803
50239,41.33285,-1.91512
50240,41.4733,-1.5649
50246,41.5239,-1.6026
50247,41.4895,-1.6
50248,41.4868,-1.5952
50249,41.4747,-1.6374
50250,41.5382,-1.6277
50257,41.5461,-1.6497
50258,41.5754,-1.688
50259,41.6078,-1.81645
50260,41.4735,-1.4763
50266,41.5087,-1.5007
50267,41.5512,-1.5386
50268,41.66017,-1.7081
50269,41.54305,-1.53673
50270,41.5055,-1.4051
50280,41.5231,-1.3451
50290,41.6005,-1.2801
50291,41.2916,-2.1049
50292,41.2916,-1.963
50293,41.3277,-1.7141
50294,41.56063,-1.31527
50295,41.6318,-1.2879
50296,41.67737,-1.22537
50297,41.72362,-1.1861
50298,41.738,-1.0991
50299,41.42278,-1.5796
50300,41.3252,-1.6397
50310,41.4635,-1.7835
50311,41.418,-1.6843
50312,41.433,-1.7357
50313,41.4448,-1.7043
50314,41.5296,-1.8377
50315,41.569,-1.8745
50316,41.56113,-1.9381
50320,41.4139,-1.4952
50322,41.3965,-1.5192
50323,41.3798,-1.4638
50324,41.3397,-1.4545
50325,41.3386,-1.4
50326,41.2931,-1.3748
50330,41.2586,-1.4911
50331,41.29013,-1.49337
50332,41.3097,-1.5156
50333,41.3097,-1.5156
50334,41.3461,-1.5307
50335,41.3097,-1.5156
50336,41.3818,-1.5926
50340,41.2877,-1.6166
50341,41.2396,-1.6465
50342,41.3138,-1.6403
50343,41.2751,-1.604
50344,41.248,-1.5867
50345,41.2047,-1.613
50346,41.1837,-1.6361
50347,41.1705,-1.6041
50348,41.1596,-1.555
50360,41.1146,-1.4133
50366,41.1267,-1.4744
50367,41.17775,-1.39115
50368,41.1903,-1.295
50369,41.08763,-1.32577
50370,41.0762,-1.3896
50371,41.0731,-1.4231
50372,41.0579,-1.4493
50373,40.9948,-1.5082
50374,41.05177,-1.6403
50375,41.1376,-1.6982
50376,41.096,-1.6369
50390,41.2286,-1.5362
50391,41.2009,-1.5126
50400,41.338,-1.2251
50408,41.339,-1.2706
50409,41.3657,-1.2987
50410,41.5947,-0.9327
50411,41.5947,-0.9327
50420,41.5539,-0.9621
50430,41.5388,-0.9962
50440,41.4836,-1.0688
50441,41.5066,-1.0301
50450,41.4671,-1.0848
50460,41.4029,-1.1686
50461,41.4392,-1.2446
50470,41.2847,-1.2753
50480,41.2841,-1.2123
50481,41.2492,-1.1559
50482,41.219,-1.1535
50490,41.17655,-1.2887
50491,41.13617,-1.2403
50500,41.9037,-1.7272
50510,41.9467,-1.6952
50511,41.9524,-1.672
50512,41.8953,-1.7705
50513,41.89398,-1.7278
50514,41.9184,-1.7228
50520,41.8325,-1.4598
50529,41.78163,-1.45527
50530,41.9335,-1.3943
50540,41.8344,-1.5333
50546,41.7815,-1.63237
50547,41.756,-1.5157
50548,41.8858,-1.6016
50549,41.8271,-1.52465
50550,41.9006,-1.4199
50560,41.8557,-1.4523
50561,41.8561,-1.443
50562,41.8833,-1.45
50570,41.8164,-1.52
50580,41.824,-1.688
50581,41.8353,-1.762
50582,41.8142,-1.7533
50583,41.8263,-1.7231
50584,41.8374,-1.7919
50590,42.2203,-1.3931
50591,41.7861,-1.6954
50592,42.2203,-1.3931
50596,42.4375,-1.2419
50600,42.1263,-1.1372
50610,42.21985,-0.93165
50611,42.1174,-0.9496
50612,42.02257,-0.92667
50614,42.17573,-0.7599
50615,42.1757,-0.85895
50616,42.1052,-0.7913
50617,42.11907,-1.2573
50619,42.33167,-0.88787
50620,41.7184,-1.0253
50629,41.7388,-1.0377
50630,41.7696,-1.1191
50637,41.8391,-1.177
50638,41.8,-1.2
50639,41.7658,-1.1748
50640,41.8284,-1.2393
50641,41.8481,-1.2518
50650,41.8683,-1.3166
50660,41.9194,-1.2547
50668,41.8611,-1.2633
50669,41.963,-1.29825
50670,42.2818,-1.2695
50678,42.3603,-1.1319
50679,42.2961,-1.245
50680,42.4969,-1.2151
50682,42.6181,-1.0794
50683,42.59613,-0.95483
50684,42.67,-1.0047
50685,42.53386,-1.0356
50686,42.5125,-1.1482
50687,42.48345,-1.03885
50688,42.4809,-0.9342
50689,42.5551,-1.2161
50690,41.7881,-1.2172
50691,41.8149,-1.1943
50692,41.74097,-1.07333
50693,41.758,-1.0655
50694,42.0245,-1.1681
50695,42.28095,-1.15485
50696,42.40465,-1.2947
50700,41.235,-0.0406
50709,41.234,-0.0395
50710,41.1223,0.1396
50720,41.6046,-0.8233
50730,41.5716,-0.7413
50740,41.5125,-0.6316
50741,41.4955,-0.6542
50750,41.4885,-0.5312
50760,41.3742,-0.4348
50770,41.4244,-0.4973
50780,41.3217,-0.3508
50781,41.3345,-0.357
50782,41.3396,-0.3714
50783,41.3296,-0.3852
50784,41.3259,-0.4274
50786,41.4074,-0.4611
50790,41.2915,-0.3231
50792,41.2626,-0.127
50793,41.1773,0.1688
50794,41.2087,0.247
50795,41.2385,0.333
50800,41.8683,-0.7893
50810,41.9354,-0.7571
50820,41.7185,-0.8405
50830,41.7692,-0.8235
50840,41.8304,-0.7658
51001,35.8896,-5.3082
51002,35.8857,-5.3322
51003,35.881,-5.3422
51004,35.8945,-5.3411
51005,35.892,-5.2966
51070,35.8893,-5.3198
51071,35.8893,-5.3198
51080,35.8893,-5.3198
52001,35.2902,-2.942
52002,35.2979,-2.9444
52003,35.2952,-2.939
52004,35.2977,-2.9537
52005,35.2758,-2.941
52006,35.2862,-2.949
52070,35.2937,-2.9383
52071,35.2937,-2.9383
52080,35.2937,-2.9383
